ply
format ascii 1.0
element vertex 19516
property float x
property float y
property float z
property uchar red
property uchar green
property uchar blue
end_header
808.032104 -1206.018066 2572.838623 64 66 65 
804.012024 -1206.018066 2572.838623 64 64 68 
801.599976 -1208.442261 2578.010010 64 64 68 
799.178223 -1210.876099 2583.202393 62 64 65 
795.943542 -1212.096802 2585.806396 60 65 64 
791.903198 -1212.096802 2585.806396 58 64 64 
787.862915 -1212.096802 2585.806396 52 59 63 
783.822571 -1212.096802 2585.806396 43 52 59 
779.782288 -1212.096802 2585.806396 31 40 50 
775.741943 -1212.096802 2585.806396 31 34 38 
771.701599 -1212.096802 2585.806396 35 35 35 
767.661316 -1212.096802 2585.806396 36 36 36 
762.084534 -1209.657959 2580.603516 38 38 38 
758.052307 -1209.657959 2580.603516 40 40 40 
754.020142 -1209.657959 2580.603516 42 42 42 
750.743225 -1210.876099 2583.202393 44 44 44 
746.706970 -1210.876099 2583.202393 45 45 45 
742.670715 -1210.876099 2583.202393 48 48 48 
739.379028 -1212.096802 2585.806396 50 50 50 
734.598206 -1210.876099 2583.202393 51 51 51 
730.561951 -1210.876099 2583.202393 53 53 53 
725.065308 -1208.442261 2578.010010 56 56 56 
719.590759 -1206.018066 2572.838623 58 58 58 
715.570740 -1206.018066 2572.838623 59 59 59 
711.550659 -1206.018066 2572.838623 61 61 61 
706.821655 -1204.809570 2570.260498 62 62 62 
697.216675 -1195.228638 2549.821045 62 62 62 
693.232605 -1195.228638 2549.821045 63 63 63 
-472.371429 -2147.142822 4580.571289 16 13 17 
-479.528564 -2147.142822 4580.571289 18 15 18 
-486.685730 -2147.142822 4580.571289 17 15 12 
-493.842865 -2147.142822 4580.571289 16 14 8 
-501.000000 -2147.142822 4580.571289 15 13 8 
-508.157135 -2147.142822 4580.571289 16 15 10 
-515.314270 -2147.142822 4580.571289 15 14 16 
-521.540100 -2143.315430 4572.406250 12 12 16 
-528.684509 -2143.315430 4572.406250 16 16 18 
-535.828857 -2143.315430 4572.406250 17 17 17 
-542.973267 -2143.315430 4572.406250 23 23 23 
-550.117676 -2143.315430 4572.406250 43 43 42 
-1111.593750 -1174.218750 2505.000000 68 70 69 
-1115.507812 -1174.218750 2505.000000 67 70 69 
-1119.421875 -1174.218750 2505.000000 67 70 69 
-1124.433960 -1175.366577 2507.448730 67 69 68 
-1129.455933 -1176.516602 2509.902100 69 68 65 
-1132.269775 -1175.366577 2507.448730 68 66 63 
-1136.187744 -1175.366577 2507.448730 63 61 60 
-1141.221191 -1176.516602 2509.902100 57 55 56 
-1145.142822 -1176.516602 2509.902100 58 56 57 
-1149.064575 -1176.516602 2509.902100 65 63 64 
-1151.859253 -1175.366577 2507.448730 68 64 68 
-1155.777100 -1175.366577 2507.448730 68 64 70 
-1159.695068 -1175.366577 2507.448730 69 65 68 
-1163.612915 -1175.366577 2507.448730 69 65 66 
-1167.530762 -1175.366577 2507.448730 69 65 66 
880.966309 -1186.526733 2539.722656 61 67 67 
839.620544 -1184.181763 2534.703613 62 64 63 
834.835144 -1183.012817 2532.201416 62 64 63 
829.241394 -1180.681763 2527.211914 62 64 63 
825.292603 -1180.681763 2527.211914 62 64 63 
811.238464 -1200.793579 2570.260498 66 68 67 
807.222473 -1200.793579 2570.260498 64 66 65 
803.206421 -1200.793579 2570.260498 65 65 68 
799.992004 -1201.998047 2572.838623 65 64 68 
798.374268 -1205.625732 2580.603516 63 65 66 
795.141968 -1206.839844 2583.202393 60 65 64 
791.903198 -1208.056396 2585.806396 58 64 64 
787.862915 -1208.056396 2585.806396 53 60 63 
783.822571 -1208.056396 2585.806396 44 52 59 
779.782288 -1208.056396 2585.806396 32 41 51 
775.741943 -1208.056396 2585.806396 32 35 39 
771.701599 -1208.056396 2585.806396 35 35 35 
766.888245 -1206.839844 2583.202393 36 36 36 
762.084534 -1205.625732 2580.603516 38 38 38 
758.052307 -1205.625732 2580.603516 40 40 40 
754.020142 -1205.625732 2580.603516 42 42 42 
749.987915 -1205.625732 2580.603516 44 44 44 
746.706970 -1206.839844 2583.202393 45 45 45 
742.670715 -1206.839844 2583.202393 48 48 48 
738.634460 -1206.839844 2583.202393 50 50 50 
734.598206 -1206.839844 2583.202393 51 51 51 
730.561951 -1206.839844 2583.202393 53 53 53 
724.337341 -1203.204834 2575.421631 56 56 56 
719.590759 -1201.998047 2572.838623 57 57 57 
714.853699 -1200.793579 2570.260498 59 59 59 
711.550659 -1201.998047 2572.838623 60 60 60 
703.298096 -1194.807617 2557.447754 62 62 62 
696.524353 -1190.061523 2547.289062 62 62 62 
691.857117 -1188.880981 2544.761963 63 63 63 
-465.214294 -2139.985840 4580.571289 12 10 13 
-472.371429 -2139.985840 4580.571289 15 14 17 
-479.528564 -2139.985840 4580.571289 17 16 18 
-486.685730 -2139.985840 4580.571289 17 16 14 
-493.842865 -2139.985840 4580.571289 15 14 11 
-501.000000 -2139.985840 4580.571289 14 13 11 
-508.157135 -2139.985840 4580.571289 16 15 12 
-514.395752 -2136.171143 4572.406250 16 15 18 
-521.540100 -2136.171143 4572.406250 15 15 19 
-528.684509 -2136.171143 4572.406250 17 17 19 
-535.828857 -2136.171143 4572.406250 16 16 17 
-542.973267 -2136.171143 4572.406250 25 25 25 
-550.117676 -2136.171143 4572.406250 45 45 45 
-1111.593750 -1170.304688 2505.000000 70 69 70 
-1115.507812 -1170.304688 2505.000000 70 70 70 
-1119.421875 -1170.304688 2505.000000 70 70 70 
-1124.433960 -1171.448730 2507.448730 70 69 69 
-1128.351929 -1171.448730 2507.448730 69 68 65 
-1132.269775 -1171.448730 2507.448730 67 66 62 
-1136.187744 -1171.448730 2507.448730 62 61 60 
-1140.105591 -1171.448730 2507.448730 57 55 56 
-1144.023438 -1171.448730 2507.448730 59 58 58 
-1147.941406 -1171.448730 2507.448730 67 65 67 
-1151.859253 -1171.448730 2507.448730 68 67 70 
-1154.648438 -1170.304688 2505.000000 68 66 71 
-1158.562500 -1170.304688 2505.000000 67 65 68 
-1162.476562 -1170.304688 2505.000000 67 65 66 
-1167.530762 -1171.448730 2507.448730 67 65 66 
-1172.594971 -1172.594971 2509.902100 67 65 66 
884.934631 -1182.558472 2539.722656 62 68 68 
880.094971 -1181.388672 2537.210693 61 67 67 
876.130554 -1181.388672 2537.210693 60 66 66 
852.344238 -1181.388672 2537.210693 61 63 62 
848.379822 -1181.388672 2537.210693 61 63 62 
842.748291 -1179.056274 2532.201416 61 63 62 
838.791687 -1179.056274 2532.201416 62 64 63 
833.190125 -1176.733032 2527.211914 62 64 63 
829.241394 -1176.733032 2527.211914 62 64 63 
821.247070 -1170.964722 2514.823486 62 64 63 
817.317627 -1170.964722 2514.823486 63 65 64 
807.194397 -1190.811523 2557.447754 66 68 67 
804.000000 -1192.000000 2560.000000 64 66 66 
802.402405 -1195.579590 2567.687744 65 65 69 
799.190369 -1196.777588 2570.260498 65 65 69 
797.571838 -1200.385986 2578.010010 63 65 67 
794.342041 -1201.593506 2580.603516 61 66 65 
791.105713 -1202.803589 2583.202393 59 64 65 
787.069458 -1202.803589 2583.202393 54 60 64 
783.033264 -1202.803589 2583.202393 46 54 61 
779.782288 -1204.016113 2585.806396 35 44 53 
775.741943 -1204.016113 2585.806396 33 36 39 
770.924500 -1202.803589 2583.202393 35 35 35 
766.888245 -1202.803589 2583.202393 36 36 36 
762.084534 -1201.593506 2580.603516 38 38 38 
758.052307 -1201.593506 2580.603516 41 41 41 
754.020142 -1201.593506 2580.603516 43 43 43 
749.987915 -1201.593506 2580.603516 45 45 45 
745.955750 -1201.593506 2580.603516 46 46 46 
742.670715 -1202.803589 2583.202393 48 48 48 
738.634460 -1202.803589 2583.202393 50 50 50 
734.598206 -1202.803589 2583.202393 51 51 51 
729.826965 -1201.593506 2580.603516 53 53 53 
724.337341 -1199.180664 2575.421631 55 55 55 
719.590759 -1197.977905 2572.838623 57 57 57 
714.853699 -1196.777588 2570.260498 58 58 58 
710.837646 -1196.777588 2570.260498 60 60 60 
701.898499 -1188.441772 2552.358154 61 61 61 
695.833313 -1184.904785 2544.761963 62 62 62 
689.122559 -1180.221313 2534.703613 63 63 63 
683.810669 -1177.893433 2529.704102 64 64 64 
644.211731 -1149.551514 2468.835449 66 68 67 
-458.057129 -2132.828613 4580.571289 5 6 11 
-465.214294 -2132.828613 4580.571289 10 11 13 
-472.371429 -2132.828613 4580.571289 14 15 17 
-479.528564 -2132.828613 4580.571289 16 17 19 
-486.685730 -2132.828613 4580.571289 16 16 19 
-493.842865 -2132.828613 4580.571289 15 14 18 
-501.000000 -2132.828613 4580.571289 14 13 18 
-508.157135 -2132.828613 4580.571289 15 15 19 
-514.395752 -2129.026855 4572.406250 17 16 21 
-521.540100 -2129.026855 4572.406250 18 17 21 
-528.684509 -2129.026855 4572.406250 18 17 19 
-535.828857 -2129.026855 4572.406250 18 18 19 
-542.973267 -2129.026855 4572.406250 33 33 33 
-550.117676 -2129.026855 4572.406250 51 51 51 
-1111.593750 -1166.390625 2505.000000 69 69 69 
-1115.507812 -1166.390625 2505.000000 70 69 69 
-1119.421875 -1166.390625 2505.000000 70 69 69 
-1123.335938 -1166.390625 2505.000000 69 69 69 
-1128.351929 -1167.530762 2507.448730 67 68 64 
-1132.269775 -1167.530762 2507.448730 65 66 62 
-1135.078125 -1166.390625 2505.000000 60 61 59 
-1138.992188 -1166.390625 2505.000000 55 56 55 
-1144.023438 -1167.530762 2507.448730 59 60 59 
-1147.941406 -1167.530762 2507.448730 67 68 68 
-1150.734375 -1166.390625 2505.000000 68 68 71 
-1154.648438 -1166.390625 2505.000000 66 66 71 
-1158.562500 -1166.390625 2505.000000 64 66 67 
-1162.476562 -1166.390625 2505.000000 62 66 65 
-1166.390625 -1166.390625 2505.000000 62 66 65 
-1172.594971 -1168.673218 2509.902100 62 66 65 
890.666687 -1180.928589 2544.761963 62 68 68 
884.934631 -1178.590088 2539.722656 62 68 68 
880.094971 -1177.424316 2537.210693 61 67 67 
876.130554 -1177.424316 2537.210693 60 66 66 
871.304321 -1176.260864 2534.703613 58 64 64 
856.308594 -1177.424316 2537.210693 60 63 62 
851.501953 -1176.260864 2534.703613 61 63 62 
847.541504 -1176.260864 2534.703613 61 63 62 
842.748291 -1175.099731 2532.201416 61 63 62 
838.791687 -1175.099731 2532.201416 62 64 63 
833.190125 -1172.784180 2527.211914 62 64 63 
827.610596 -1170.477905 2522.241943 62 64 63 
821.247070 -1167.035278 2514.823486 62 64 63 
814.125000 -1162.476562 2505.000000 63 65 64 
810.210938 -1162.476562 2505.000000 64 66 65 
809.576111 -1184.453735 2552.358154 66 68 67 
803.988098 -1182.101318 2547.289062 66 68 67 
801.599976 -1184.453735 2552.358154 64 66 66 
799.202393 -1186.815552 2557.447754 66 66 69 
798.390381 -1191.567627 2567.687744 66 66 70 
796.771057 -1195.156616 2575.421631 64 66 67 
794.342041 -1197.561401 2580.603516 62 66 65 
790.309875 -1197.561401 2580.603516 59 65 65 
786.277649 -1197.561401 2580.603516 54 61 65 
783.033264 -1198.767334 2583.202393 47 56 62 
778.997009 -1198.767334 2583.202393 37 46 55 
774.960754 -1198.767334 2583.202393 33 37 40 
770.924500 -1198.767334 2583.202393 35 35 35 
766.116699 -1197.561401 2580.603516 36 36 36 
761.318604 -1196.357788 2578.010010 38 38 38 
757.290466 -1196.357788 2578.010010 41 41 41 
753.262329 -1196.357788 2578.010010 44 44 44 
749.987915 -1197.561401 2580.603516 45 45 45 
745.955750 -1197.561401 2580.603516 46 47 46 
741.923523 -1197.561401 2580.603516 48 48 48 
738.634460 -1198.767334 2583.202393 50 50 50 
733.859131 -1197.561401 2580.603516 51 51 51 
729.826965 -1197.561401 2580.603516 53 53 53 
724.337341 -1195.156616 2575.421631 55 55 55 
718.869751 -1192.761475 2570.260498 56 56 56 
712.711304 -1189.186768 2562.557373 58 58 58 
707.294128 -1186.815552 2557.447754 59 59 59 
700.504456 -1182.101318 2547.289062 61 61 61 
694.455444 -1178.590088 2539.722656 62 62 62 
687.763306 -1173.940796 2529.704102 63 63 63 
679.788208 -1167.035278 2514.823486 64 64 64 
675.858826 -1167.035278 2514.823486 64 64 64 
648.693665 -1146.797729 2471.213867 67 68 68 
643.592285 -1144.592285 2466.461426 67 69 68 
-458.057129 -2125.671387 4580.571289 5 6 13 
-465.214294 -2125.671387 4580.571289 9 11 13 
-472.371429 -2125.671387 4580.571289 13 14 17 
-479.528564 -2125.671387 4580.571289 15 17 19 
-486.685730 -2125.671387 4580.571289 15 16 23 
-493.842865 -2125.671387 4580.571289 14 15 24 
-501.000000 -2125.671387 4580.571289 14 14 23 
-508.157135 -2125.671387 4580.571289 15 15 24 
-514.395752 -2121.882324 4572.406250 17 16 23 
-521.540100 -2121.882324 4572.406250 16 16 20 
-528.684509 -2121.882324 4572.406250 16 16 17 
-535.828857 -2121.882324 4572.406250 24 25 25 
-542.973267 -2121.882324 4572.406250 42 43 42 
-550.117676 -2121.882324 4572.406250 56 56 56 
-1111.593750 -1162.476562 2505.000000 62 69 67 
-1115.507812 -1162.476562 2505.000000 62 68 66 
-1119.421875 -1162.476562 2505.000000 61 68 66 
-1123.335938 -1162.476562 2505.000000 62 68 66 
-1127.250000 -1162.476562 2505.000000 63 67 63 
-1131.164062 -1162.476562 2505.000000 62 66 61 
-1135.078125 -1162.476562 2505.000000 58 61 58 
-1138.992188 -1162.476562 2505.000000 52 55 55 
-1142.906250 -1162.476562 2505.000000 56 59 59 
-1146.820312 -1162.476562 2505.000000 64 66 67 
-1150.734375 -1162.476562 2505.000000 64 66 68 
-1154.648438 -1162.476562 2505.000000 61 64 67 
-1158.562500 -1162.476562 2505.000000 59 66 66 
-1162.476562 -1162.476562 2505.000000 58 67 64 
-1166.390625 -1162.476562 2505.000000 58 67 64 
-1172.594971 -1164.751465 2509.902100 58 67 64 
890.666687 -1176.952393 2544.761963 62 68 68 
884.059326 -1173.459961 2537.210693 61 67 67 
880.094971 -1173.459961 2537.210693 61 67 67 
875.264832 -1172.300415 2534.703613 61 67 67 
871.304321 -1172.300415 2534.703613 59 65 65 
867.343872 -1172.300415 2534.703613 57 63 63 
863.383423 -1172.300415 2534.703613 56 62 62 
859.422913 -1172.300415 2534.703613 57 63 63 
855.462463 -1172.300415 2534.703613 60 63 63 
851.501953 -1172.300415 2534.703613 61 63 62 
847.541504 -1172.300415 2534.703613 61 63 62 
842.748291 -1171.143188 2532.201416 61 63 62 
837.964478 -1169.988159 2529.704102 61 63 62 
832.370056 -1167.685059 2524.724365 62 64 63 
826.797668 -1165.390991 2519.764160 62 64 63 
820.442688 -1161.966675 2512.360352 63 65 64 
814.125000 -1158.562500 2505.000000 62 64 63 
809.420471 -1157.432251 2502.556152 63 65 64 
806.296875 -1158.562500 2505.000000 65 67 66 
807.968201 -1178.121094 2547.289062 66 68 67 
803.190491 -1176.952393 2544.761963 66 68 67 
800.007935 -1178.121094 2547.289062 65 67 66 
797.611938 -1180.465698 2552.358154 66 66 68 
795.206360 -1182.819580 2557.447754 66 66 68 
795.174377 -1188.745483 2570.260498 63 65 67 
793.543701 -1192.329590 2578.010010 61 66 66 
790.309875 -1193.529175 2580.603516 58 64 64 
786.277649 -1193.529175 2580.603516 54 61 62 
782.245483 -1193.529175 2580.603516 48 57 59 
778.997009 -1194.731079 2583.202393 37 47 49 
774.960754 -1194.731079 2583.202393 34 38 39 
770.148865 -1193.529175 2580.603516 35 37 36 
766.116699 -1193.529175 2580.603516 36 38 37 
761.318604 -1192.329590 2578.010010 39 40 39 
757.290466 -1192.329590 2578.010010 40 42 41 
753.262329 -1192.329590 2578.010010 42 43 43 
749.234192 -1192.329590 2578.010010 43 45 44 
745.955750 -1193.529175 2580.603516 45 46 45 
741.923523 -1193.529175 2580.603516 48 48 48 
737.891357 -1193.529175 2580.603516 50 50 50 
733.859131 -1193.529175 2580.603516 51 51 51 
729.826965 -1193.529175 2580.603516 53 53 53 
723.610840 -1189.937866 2572.838623 56 56 56 
716.715271 -1185.182861 2562.557373 58 58 58 
711.290161 -1182.819580 2557.447754 59 59 59 
706.589661 -1181.641479 2554.900391 60 60 60 
699.809509 -1176.952393 2544.761963 61 61 61 
693.768555 -1173.459961 2537.210693 62 62 62 
687.763306 -1169.988159 2529.704102 63 63 63 
679.788208 -1163.105835 2514.823486 63 63 63 
673.218750 -1158.562500 2505.000000 64 64 64 
669.304688 -1158.562500 2505.000000 65 65 65 
648.693665 -1142.936401 2471.213867 69 68 69 
643.592285 -1140.738403 2466.461426 70 69 69 
639.738464 -1140.738403 2466.461426 68 69 69 
-458.057129 -2118.514404 4580.571289 4 5 19 
-465.214294 -2118.514404 4580.571289 6 7 16 
-472.371429 -2118.514404 4580.571289 10 11 18 
-479.528564 -2118.514404 4580.571289 14 16 21 
-487.556366 -2122.304199 4588.765625 16 17 22 
-494.726288 -2122.304199 4588.765625 15 16 21 
-501.000000 -2118.514404 4580.571289 15 16 21 
-508.157135 -2118.514404 4580.571289 15 17 21 
-514.395752 -2114.738037 4572.406250 17 18 20 
-521.540100 -2114.738037 4572.406250 16 18 18 
-528.684509 -2114.738037 4572.406250 17 18 18 
-535.828857 -2114.738037 4572.406250 27 29 28 
-542.973267 -2114.738037 4572.406250 46 47 47 
-550.117676 -2114.738037 4572.406250 55 57 56 
-1110.509277 -1157.432251 2502.556152 53 66 68 
-1114.419556 -1157.432251 2502.556152 53 65 66 
-1118.329712 -1157.432251 2502.556152 53 64 66 
-1123.335938 -1158.562500 2505.000000 53 64 65 
-1127.250000 -1158.562500 2505.000000 54 64 61 
-1131.164062 -1158.562500 2505.000000 54 61 59 
-1135.078125 -1158.562500 2505.000000 49 56 58 
-1138.992188 -1158.562500 2505.000000 46 52 57 
-1142.906250 -1158.562500 2505.000000 49 55 61 
-1146.820312 -1158.562500 2505.000000 56 62 67 
-1149.611694 -1157.432251 2502.556152 56 63 65 
-1153.521973 -1157.432251 2502.556152 55 62 62 
-1157.432251 -1157.432251 2502.556152 54 64 64 
-1161.342407 -1157.432251 2502.556152 53 65 65 
-1166.390625 -1158.562500 2505.000000 53 65 65 
889.783936 -1171.813721 2542.239746 62 68 68 
884.059326 -1169.495605 2537.210693 61 67 67 
880.094971 -1169.495605 2537.210693 61 67 67 
875.264832 -1168.339966 2534.703613 61 67 67 
871.304321 -1168.339966 2534.703613 60 66 66 
866.487671 -1167.186523 2532.201416 58 64 64 
862.531067 -1167.186523 2532.201416 57 63 63 
859.422913 -1168.339966 2534.703613 58 64 64 
855.462463 -1168.339966 2534.703613 60 63 63 
851.501953 -1168.339966 2534.703613 61 63 62 
846.704834 -1167.186523 2532.201416 61 63 62 
841.917175 -1166.035522 2529.704102 61 63 62 
837.964478 -1166.035522 2529.704102 61 63 62 
830.734802 -1161.453857 2519.764160 61 63 62 
825.986267 -1160.314087 2517.291504 62 64 63 
819.639893 -1156.908081 2509.902100 63 65 64 
813.330750 -1153.521973 2502.556152 62 64 63 
809.420471 -1153.521973 2502.556152 63 65 64 
805.510254 -1153.521973 2502.556152 64 66 65 
803.190491 -1172.976196 2544.761963 66 68 67 
799.214294 -1172.976196 2544.761963 65 67 66 
796.027832 -1174.140991 2547.289062 66 66 67 
794.414368 -1177.649414 2554.900391 65 66 68 
794.378357 -1183.543579 2567.687744 63 65 67 
792.747009 -1187.108398 2575.421631 61 65 66 
789.515564 -1188.301514 2578.010010 58 64 64 
786.277649 -1189.496948 2580.603516 54 62 61 
782.245483 -1189.496948 2580.603516 49 59 57 
778.213257 -1189.496948 2580.603516 37 48 47 
774.181091 -1189.496948 2580.603516 34 39 38 
770.148865 -1189.496948 2580.603516 35 37 36 
766.116699 -1189.496948 2580.603516 36 38 37 
761.318604 -1188.301514 2578.010010 39 41 40 
757.290466 -1188.301514 2578.010010 40 42 41 
753.262329 -1188.301514 2578.010010 41 43 42 
749.234192 -1188.301514 2578.010010 42 44 43 
745.206055 -1188.301514 2578.010010 44 46 45 
741.923523 -1189.496948 2580.603516 48 48 48 
737.891357 -1189.496948 2580.603516 50 50 50 
733.859131 -1189.496948 2580.603516 51 51 51 
729.093445 -1188.301514 2578.010010 53 53 53 
722.885803 -1184.729492 2570.260498 56 56 56 
715.286133 -1178.823486 2557.447754 58 58 58 
710.581665 -1177.649414 2554.900391 59 59 59 
706.589661 -1177.649414 2554.900391 59 59 59 
699.809509 -1172.976196 2544.761963 61 61 61 
693.768555 -1169.495605 2537.210693 61 61 61 
687.763306 -1166.035522 2529.704102 62 62 62 
679.788208 -1159.176514 2514.823486 63 63 63 
673.218750 -1154.648438 2505.000000 64 64 64 
669.304688 -1154.648438 2505.000000 65 65 65 
663.446960 -1151.275513 2497.682617 66 66 66 
656.985474 -1146.808960 2487.992188 67 67 67 
648.693665 -1139.075195 2471.213867 70 68 69 
643.592285 -1136.884644 2466.461426 71 69 70 
639.738464 -1136.884644 2466.461426 69 70 70 
-458.876556 -2115.134277 4588.765625 5 6 17 
-465.214294 -2111.357178 4580.571289 5 6 14 
-472.371429 -2111.357178 4580.571289 9 9 16 
-480.386414 -2115.134277 4588.765625 15 16 20 
-487.556366 -2115.134277 4588.765625 17 18 20 
-494.726288 -2115.134277 4588.765625 16 17 19 
-501.896240 -2115.134277 4588.765625 16 17 19 
-508.157135 -2111.357178 4580.571289 16 17 19 
-514.395752 -2107.593506 4572.406250 17 18 18 
-521.540100 -2107.593506 4572.406250 17 19 18 
-528.684509 -2107.593506 4572.406250 18 20 19 
-535.828857 -2107.593506 4572.406250 28 30 29 
-542.973267 -2107.593506 4572.406250 46 48 47 
-550.117676 -2107.593506 4572.406250 54 56 55 
-1106.598999 -1153.521973 2502.556152 50 56 64 
-1108.346680 -1151.275513 2497.682617 51 56 63 
-1113.333374 -1152.397705 2500.116943 52 56 62 
-1117.239746 -1152.397705 2500.116943 51 55 61 
-1122.239990 -1153.521973 2502.556152 50 55 60 
-1126.150269 -1153.521973 2502.556152 49 55 55 
-1130.060547 -1153.521973 2502.556152 48 53 54 
-1133.970703 -1153.521973 2502.556152 46 50 56 
-1137.880981 -1153.521973 2502.556152 44 48 58 
-1141.791260 -1153.521973 2502.556152 46 50 61 
-1145.701416 -1153.521973 2502.556152 53 57 65 
-1148.491211 -1152.397705 2500.116943 53 58 62 
-1152.397705 -1152.397705 2500.116943 52 58 57 
-1156.304077 -1152.397705 2500.116943 52 57 59 
-1161.342407 -1153.521973 2502.556152 51 56 60 
893.756226 -1167.841431 2542.239746 64 70 70 
889.783936 -1167.841431 2542.239746 63 69 69 
884.059326 -1165.531128 2537.210693 62 68 68 
880.094971 -1165.531128 2537.210693 62 68 68 
875.264832 -1164.379395 2534.703613 62 68 68 
871.304321 -1164.379395 2534.703613 60 66 66 
867.343872 -1164.379395 2534.703613 58 64 64 
863.383423 -1164.379395 2534.703613 57 63 63 
859.422913 -1164.379395 2534.703613 58 64 64 
856.308594 -1165.531128 2537.210693 60 63 63 
852.344238 -1165.531128 2537.210693 61 63 62 
846.704834 -1163.229980 2532.201416 61 63 62 
841.917175 -1162.082886 2529.704102 61 63 62 
837.138916 -1160.937988 2527.211914 61 63 62 
830.734802 -1157.516724 2519.764160 61 63 62 
825.176453 -1155.247070 2514.823486 62 64 63 
818.838684 -1151.859253 2507.448730 63 65 64 
813.330750 -1149.611694 2502.556152 62 64 63 
808.631592 -1148.491211 2500.116943 63 65 64 
804.725159 -1148.491211 2500.116943 64 66 65 
802.382812 -1150.734375 2505.000000 66 68 67 
801.599976 -1166.685181 2539.722656 66 68 67 
797.631714 -1166.685181 2539.722656 65 67 66 
795.238098 -1169.000000 2544.761963 66 66 67 
792.834961 -1171.324097 2549.821045 65 66 68 
792.791199 -1177.174805 2562.557373 63 65 67 
791.158325 -1180.713379 2570.260498 61 65 66 
788.722900 -1183.084351 2575.421631 58 64 64 
785.487427 -1184.273315 2578.010010 55 63 62 
782.245483 -1185.464844 2580.603516 51 60 59 
778.213257 -1185.464844 2580.603516 40 51 49 
774.181091 -1185.464844 2580.603516 34 40 38 
770.148865 -1185.464844 2580.603516 34 36 35 
765.346741 -1184.273315 2578.010010 35 37 36 
761.318604 -1184.273315 2578.010010 38 40 39 
757.290466 -1184.273315 2578.010010 40 42 41 
752.506042 -1183.084351 2575.421631 41 43 42 
748.481934 -1183.084351 2575.421631 42 44 43 
744.457825 -1183.084351 2575.421631 44 46 45 
741.177917 -1184.273315 2578.010010 48 48 48 
737.149780 -1184.273315 2578.010010 50 50 50 
733.121582 -1184.273315 2578.010010 51 51 51 
728.361450 -1183.084351 2575.421631 53 53 53 
722.885803 -1180.713379 2570.260498 56 56 56 
714.573730 -1173.657349 2554.900391 57 57 57 
710.581665 -1173.657349 2554.900391 58 58 58 
705.886597 -1172.489502 2552.358154 59 59 59 
699.809509 -1169.000000 2544.761963 60 60 60 
693.768555 -1165.531128 2537.210693 61 61 61 
687.763306 -1162.082886 2529.704102 62 62 62 
679.788208 -1155.247070 2514.823486 63 63 63 
673.218750 -1150.734375 2505.000000 64 64 64 
669.304688 -1150.734375 2505.000000 65 65 65 
662.801575 -1146.256836 2495.252930 66 66 66 
655.713440 -1140.708618 2483.175293 67 67 67 
648.693665 -1135.213867 2471.213867 70 68 68 
643.592285 -1133.030762 2466.461426 70 68 69 
637.287354 -1128.689697 2457.011475 69 69 69 
633.448303 -1128.689697 2457.011475 67 70 69 
-459.698914 -2111.741943 4596.989258 7 8 9 
-466.046509 -2107.964111 4588.765625 6 8 7 
-473.216461 -2107.964111 4588.765625 9 11 11 
-480.386414 -2107.964111 4588.765625 16 17 18 
-488.430115 -2111.741943 4596.989258 17 18 20 
-495.612915 -2111.741943 4596.989258 16 17 19 
-501.896240 -2107.964111 4588.765625 16 17 19 
-508.157135 -2104.199951 4580.571289 16 17 19 
-514.395752 -2100.449219 4572.406250 16 18 17 
-521.540100 -2100.449219 4572.406250 16 18 17 
-528.684509 -2100.449219 4572.406250 19 21 20 
-535.828857 -2100.449219 4572.406250 29 31 30 
-542.973267 -2100.449219 4572.406250 46 48 47 
-550.117676 -2100.449219 4572.406250 53 55 54 
-1104.443970 -1147.372925 2497.682617 59 52 55 
-1107.268433 -1146.256836 2495.252930 58 52 55 
-1111.167358 -1146.256836 2495.252930 57 52 54 
-1115.066162 -1146.256836 2495.252930 56 51 53 
-1120.054565 -1147.372925 2497.682617 55 51 52 
-1123.957153 -1147.372925 2497.682617 54 51 49 
-1127.859741 -1147.372925 2497.682617 51 50 48 
-1131.762451 -1147.372925 2497.682617 49 47 50 
-1135.665039 -1147.372925 2497.682617 47 45 52 
-1139.567627 -1147.372925 2497.682617 50 47 55 
-1143.470337 -1147.372925 2497.682617 57 54 60 
-1147.372925 -1147.372925 2497.682617 58 56 57 
-1151.275513 -1147.372925 2497.682617 57 55 52 
-1155.178223 -1147.372925 2497.682617 57 53 53 
-1160.210571 -1148.491211 2500.116943 57 51 54 
893.756226 -1163.869141 2542.239746 64 70 70 
889.783936 -1163.869141 2542.239746 63 69 69 
884.059326 -1161.566772 2537.210693 63 69 69 
880.094971 -1161.566772 2537.210693 63 69 69 
876.130554 -1161.566772 2537.210693 63 69 69 
871.304321 -1160.418945 2534.703613 61 67 67 
867.343872 -1160.418945 2534.703613 58 64 64 
863.383423 -1160.418945 2534.703613 57 63 63 
860.273010 -1161.566772 2537.210693 58 63 63 
856.308594 -1161.566772 2537.210693 60 63 63 
852.344238 -1161.566772 2537.210693 61 63 62 
846.704834 -1159.273438 2532.201416 61 63 62 
841.917175 -1158.130127 2529.704102 61 63 62 
837.138916 -1156.989136 2527.211914 61 63 62 
829.919556 -1152.447510 2517.291504 61 63 62 
824.368286 -1150.190063 2512.360352 62 64 63 
818.838684 -1147.941406 2507.448730 63 65 64 
813.330750 -1145.701416 2502.556152 62 64 63 
808.631592 -1144.584839 2500.116943 63 65 64 
804.725159 -1144.584839 2500.116943 64 66 65 
801.599976 -1145.701416 2502.556152 66 68 67 
799.249268 -1147.941406 2507.448730 67 69 68 
801.599976 -1162.716797 2539.722656 66 68 67 
796.055359 -1160.418945 2534.703613 65 67 66 
793.663391 -1162.716797 2539.722656 66 66 67 
791.261902 -1165.023804 2544.761963 65 66 67 
791.210388 -1170.831543 2557.447754 63 65 67 
790.366394 -1175.519531 2567.687744 61 65 66 
787.931824 -1177.877686 2572.838623 59 65 65 
784.698792 -1179.060303 2575.421631 55 63 63 
781.459290 -1180.245239 2578.010010 52 62 61 
777.431152 -1180.245239 2578.010010 42 53 51 
773.403015 -1180.245239 2578.010010 35 40 39 
769.374878 -1180.245239 2578.010010 33 36 35 
765.346741 -1180.245239 2578.010010 34 37 36 
761.318604 -1180.245239 2578.010010 37 39 38 
756.530151 -1179.060303 2575.421631 40 42 40 
752.506042 -1179.060303 2575.421631 41 43 42 
748.481934 -1179.060303 2575.421631 42 44 43 
744.457825 -1179.060303 2575.421631 44 46 45 
740.433716 -1179.060303 2575.421631 48 48 48 
736.409668 -1179.060303 2575.421631 50 50 50 
732.385559 -1179.060303 2575.421631 51 51 51 
727.630920 -1177.877686 2572.838623 53 53 53 
722.885803 -1176.697388 2570.260498 55 55 55 
714.573730 -1169.665283 2554.900391 57 57 57 
710.581665 -1169.665283 2554.900391 57 57 57 
705.886597 -1168.501465 2552.358154 58 58 58 
699.809509 -1165.023804 2544.761963 60 60 60 
693.768555 -1161.566772 2537.210693 61 61 61 
687.763306 -1158.130127 2529.704102 62 62 62 
679.788208 -1151.317627 2514.823486 63 63 63 
675.858826 -1151.317627 2514.823486 64 64 64 
669.304688 -1146.820312 2505.000000 65 65 65 
662.801575 -1142.358032 2495.252930 66 66 66 
654.446350 -1134.631836 2478.376709 67 67 67 
648.069275 -1130.263672 2468.835449 69 67 68 
642.974060 -1128.092163 2464.092285 69 67 68 
637.287354 -1124.850586 2457.011475 68 68 68 
633.448303 -1124.850586 2457.011475 67 69 68 
-466.881714 -2104.559082 4596.989258 7 9 3 
-474.064514 -2104.559082 4596.989258 10 12 8 
-481.247314 -2104.559082 4596.989258 16 18 16 
-489.307007 -2108.337646 4605.242188 17 18 19 
-495.612915 -2104.559082 4596.989258 16 17 19 
-501.896240 -2100.794189 4588.765625 16 17 19 
-508.157135 -2097.042969 4580.571289 16 17 19 
-514.395752 -2093.304932 4572.406250 15 17 17 
-521.540100 -2093.304932 4572.406250 15 17 17 
-528.684509 -2093.304932 4572.406250 19 20 20 
-535.828857 -2093.304932 4572.406250 30 31 31 
-542.973267 -2093.304932 4572.406250 46 48 47 
-550.117676 -2093.304932 4572.406250 52 54 53 
-1103.369629 -1142.358032 2495.252930 68 60 51 
-1106.192383 -1141.247803 2492.827881 67 60 51 
-1110.087524 -1141.247803 2492.827881 66 59 51 
-1113.982544 -1141.247803 2492.827881 65 59 51 
-1118.964966 -1142.358032 2495.252930 64 58 50 
-1122.863770 -1142.358032 2495.252930 64 59 48 
-1126.762695 -1142.358032 2495.252930 61 56 47 
-1130.661499 -1142.358032 2495.252930 56 50 45 
-1134.560303 -1142.358032 2495.252930 52 45 44 
-1138.459106 -1142.358032 2495.252930 57 50 49 
-1142.358032 -1142.358032 2495.252930 65 58 56 
-1146.256836 -1142.358032 2495.252930 65 60 53 
-1150.155640 -1142.358032 2495.252930 65 60 49 
-1155.178223 -1143.470337 2497.682617 65 59 51 
893.756226 -1159.896973 2542.239746 64 70 67 
889.783936 -1159.896973 2542.239746 63 69 68 
884.059326 -1157.602417 2537.210693 63 69 69 
880.094971 -1157.602417 2537.210693 62 68 68 
876.130554 -1157.602417 2537.210693 62 68 68 
871.304321 -1156.458496 2534.703613 61 67 67 
867.343872 -1156.458496 2534.703613 59 65 65 
863.383423 -1156.458496 2534.703613 57 63 63 
860.273010 -1157.602417 2537.210693 57 63 63 
857.156433 -1158.748535 2539.722656 59 64 63 
852.344238 -1157.602417 2537.210693 60 64 63 
847.541504 -1156.458496 2534.703613 60 64 63 
841.917175 -1154.177490 2529.704102 60 64 63 
837.138916 -1153.040405 2527.211914 60 64 63 
829.919556 -1148.514282 2517.291504 59 64 62 
824.368286 -1146.264404 2512.360352 59 64 62 
818.039062 -1142.906250 2505.000000 61 66 64 
813.330750 -1141.791260 2502.556152 63 66 64 
808.631592 -1140.678345 2500.116943 63 65 64 
804.725159 -1140.678345 2500.116943 64 66 65 
800.818726 -1140.678345 2500.116943 66 68 67 
798.468750 -1142.906250 2505.000000 67 69 68 
802.390564 -1154.177490 2529.704102 67 69 68 
800.015808 -1156.458496 2534.703613 67 69 68 
796.055359 -1156.458496 2534.703613 66 68 67 
792.094849 -1156.458496 2534.703613 66 67 65 
789.695068 -1158.748535 2539.722656 65 66 65 
788.850891 -1163.355835 2549.821045 63 65 66 
788.000000 -1168.000000 2560.000000 61 65 66 
786.354370 -1171.507568 2567.687744 59 64 66 
783.911743 -1173.857544 2572.838623 56 64 65 
780.674683 -1175.036133 2575.421631 53 62 65 
776.650574 -1175.036133 2575.421631 43 54 57 
773.403015 -1176.217041 2578.010010 35 43 48 
768.602417 -1175.036133 2575.421631 30 36 41 
764.578308 -1175.036133 2575.421631 32 37 39 
760.554199 -1175.036133 2575.421631 36 39 40 
756.530151 -1175.036133 2575.421631 39 42 39 
751.751282 -1173.857544 2572.838623 42 44 42 
747.731201 -1173.857544 2572.838623 44 44 44 
743.711121 -1173.857544 2572.838623 46 45 47 
739.691101 -1173.857544 2572.838623 48 48 49 
735.671021 -1173.857544 2572.838623 50 50 50 
731.650940 -1173.857544 2572.838623 51 51 51 
726.901794 -1172.681396 2570.260498 53 53 53 
722.162170 -1171.507568 2567.687744 54 54 54 
714.573730 -1165.673340 2554.900391 55 55 55 
709.874634 -1164.513428 2552.358154 57 57 57 
704.484619 -1162.200562 2547.289062 58 58 58 
699.115967 -1159.896973 2542.239746 59 59 59 
693.083008 -1156.458496 2534.703613 60 60 60 
687.763306 -1154.177490 2529.704102 62 62 62 
679.788208 -1147.388184 2514.823486 63 63 63 
675.858826 -1147.388184 2514.823486 64 64 64 
669.304688 -1142.906250 2505.000000 65 65 65 
658.318848 -1130.759399 2478.376709 66 66 66 
653.184204 -1128.578613 2473.596924 66 66 66 
648.069275 -1126.406128 2468.835449 67 68 67 
642.974060 -1124.242065 2464.092285 68 68 68 
638.510559 -1123.163208 2461.727539 67 69 68 
634.664124 -1123.163208 2461.727539 67 69 68 
-466.881714 -2097.376465 4596.989258 7 9 11 
-474.064514 -2097.376465 4596.989258 11 13 15 
-482.111298 -2101.141846 4605.242188 17 19 20 
-489.307007 -2101.141846 4605.242188 19 19 22 
-496.502686 -2101.141846 4605.242188 19 17 20 
-502.795685 -2097.376465 4596.989258 19 17 18 
-508.157135 -2089.885742 4580.571289 18 17 16 
-514.395752 -2086.160400 4572.406250 17 17 18 
-521.540100 -2086.160400 4572.406250 17 18 19 
-528.684509 -2086.160400 4572.406250 19 20 21 
-535.828857 -2086.160400 4572.406250 30 31 32 
-542.007141 -2082.448486 4564.270508 46 48 49 
-549.138794 -2082.448486 4564.270508 51 52 53 
-1102.297363 -1137.352783 2492.827881 69 67 60 
-1104.046509 -1135.146484 2487.992188 67 66 60 
-1105.788940 -1132.948730 2483.175293 66 66 60 
-1109.668945 -1132.948730 2483.175293 66 66 59 
-1115.708984 -1135.146484 2487.992188 66 65 59 
-1119.596558 -1135.146484 2487.992188 67 64 59 
-1123.484009 -1135.146484 2487.992188 65 62 58 
-1127.371460 -1135.146484 2487.992188 57 55 52 
-1131.259033 -1135.146484 2487.992188 51 50 48 
-1135.146484 -1135.146484 2487.992188 56 57 54 
-1139.033936 -1135.146484 2487.992188 63 64 61 
-1141.813965 -1134.046509 2485.581299 63 65 60 
-1149.037842 -1137.352783 2492.827881 63 65 59 
897.728455 -1155.924683 2542.239746 64 70 68 
892.871277 -1154.780151 2539.722656 64 70 66 
888.902954 -1154.780151 2539.722656 63 70 68 
884.059326 -1153.637939 2537.210693 63 69 69 
880.094971 -1153.637939 2537.210693 62 68 68 
876.130554 -1153.637939 2537.210693 61 67 67 
871.304321 -1152.498047 2534.703613 61 67 67 
867.343872 -1152.498047 2534.703613 59 65 65 
864.237366 -1153.637939 2537.210693 56 62 62 
860.273010 -1153.637939 2537.210693 56 62 62 
857.156433 -1154.780151 2539.722656 58 64 63 
852.344238 -1153.637939 2537.210693 59 65 63 
847.541504 -1152.498047 2534.703613 59 65 63 
841.917175 -1150.224854 2529.704102 59 65 63 
837.138916 -1149.091675 2527.211914 59 65 63 
829.919556 -1144.580933 2517.291504 58 64 62 
823.561646 -1141.221191 2509.902100 58 64 62 
818.039062 -1138.992188 2505.000000 60 66 64 
813.330750 -1137.880981 2502.556152 63 66 65 
808.631592 -1136.771973 2500.116943 63 65 64 
804.725159 -1136.771973 2500.116943 64 66 65 
800.818726 -1136.771973 2500.116943 67 69 68 
797.689758 -1137.880981 2502.556152 67 69 68 
796.889343 -1142.338867 2512.360352 67 69 68 
796.866150 -1147.960571 2524.724365 67 69 68 
794.485229 -1150.224854 2529.704102 67 69 68 
790.532532 -1150.224854 2529.704102 66 67 65 
788.913940 -1153.637939 2537.210693 65 66 64 
787.285706 -1157.071411 2544.761963 63 66 65 
786.430298 -1161.681274 2554.900391 61 65 67 
785.567993 -1166.328003 2565.120117 59 65 67 
782.342346 -1167.495483 2567.687744 57 64 67 
779.891663 -1169.837524 2572.838623 54 63 67 
775.871643 -1169.837524 2572.838623 44 54 60 
772.626526 -1171.012085 2575.421631 35 44 52 
768.602417 -1171.012085 2575.421631 29 36 44 
764.578308 -1171.012085 2575.421631 31 37 41 
759.791382 -1169.837524 2572.838623 35 40 40 
755.771301 -1169.837524 2572.838623 39 42 39 
750.997986 -1168.665283 2570.260498 42 44 42 
746.981995 -1168.665283 2570.260498 45 44 45 
742.965942 -1168.665283 2570.260498 47 45 48 
738.949890 -1168.665283 2570.260498 49 48 49 
734.933899 -1168.665283 2570.260498 50 50 50 
730.917847 -1168.665283 2570.260498 51 51 51 
726.901794 -1168.665283 2570.260498 53 53 53 
722.162170 -1167.495483 2567.687744 53 53 53 
713.862671 -1160.525391 2552.358154 54 54 54 
708.464722 -1158.220459 2547.289062 57 57 57 
703.785706 -1157.071411 2544.761963 59 59 59 
698.423767 -1154.780151 2539.722656 59 59 59 
692.398804 -1151.360352 2532.201416 60 60 60 
687.763306 -1150.224854 2529.704102 61 61 61 
679.788208 -1143.458862 2514.823486 63 63 63 
675.858826 -1143.458862 2514.823486 64 64 64 
669.304688 -1138.992188 2505.000000 64 64 64 
658.318848 -1126.886963 2478.376709 65 65 65 
653.184204 -1124.713623 2473.596924 66 66 66 
648.069275 -1122.548584 2468.835449 67 68 67 
642.974060 -1120.391968 2464.092285 67 69 68 
638.510559 -1119.316650 2461.727539 67 69 68 
634.664124 -1119.316650 2461.727539 67 69 68 
-466.881714 -2090.193604 4596.989258 8 8 16 
-474.064514 -2090.193604 4596.989258 13 13 19 
-482.111298 -2093.946045 4605.242188 18 18 22 
-489.307007 -2093.946045 4605.242188 20 19 23 
-496.502686 -2093.946045 4605.242188 20 18 21 
-502.795685 -2090.193604 4596.989258 19 18 18 
-508.157135 -2082.728516 4580.571289 19 18 16 
-514.395752 -2079.016113 4572.406250 18 18 18 
-521.540100 -2079.016113 4572.406250 18 19 21 
-528.684509 -2079.016113 4572.406250 20 21 23 
-534.875427 -2075.316650 4564.270508 30 31 33 
-542.007141 -2075.316650 4564.270508 46 47 49 
-549.138794 -2075.316650 4564.270508 50 51 53 
-1096.967163 -1127.976807 2480.773682 67 69 66 
-1100.843384 -1127.976807 2480.773682 66 68 65 
-1102.586914 -1125.799194 2475.984619 65 67 64 
-1106.455566 -1125.799194 2475.984619 65 67 64 
-1111.397095 -1126.886963 2478.376709 65 67 64 
-1116.348145 -1127.976807 2480.773682 65 64 64 
-1120.224365 -1127.976807 2480.773682 64 62 63 
-1123.014526 -1126.886963 2478.376709 56 57 56 
-1126.886963 -1126.886963 2478.376709 51 53 52 
-1130.759399 -1126.886963 2478.376709 55 60 58 
-1134.631836 -1126.886963 2478.376709 61 67 65 
-1137.405396 -1125.799194 2475.984619 61 67 65 
-1144.588623 -1129.068726 2483.175293 62 67 65 
902.595215 -1153.095215 2544.761963 64 70 70 
896.839600 -1150.811890 2539.722656 64 70 68 
892.871277 -1150.811890 2539.722656 64 70 66 
888.023743 -1149.673584 2537.210693 63 70 68 
884.059326 -1149.673584 2537.210693 63 69 69 
879.225281 -1148.537598 2534.703613 62 68 68 
875.264832 -1148.537598 2534.703613 61 67 67 
871.304321 -1148.537598 2534.703613 61 67 67 
867.343872 -1148.537598 2534.703613 59 65 65 
863.383423 -1148.537598 2534.703613 56 62 62 
860.273010 -1149.673584 2537.210693 56 62 62 
856.308594 -1149.673584 2537.210693 58 64 63 
851.501953 -1148.537598 2534.703613 59 65 63 
846.704834 -1147.403809 2532.201416 59 65 63 
841.087708 -1145.142822 2527.211914 59 65 63 
834.671936 -1141.768188 2519.764160 59 65 63 
828.293823 -1138.413330 2512.360352 58 64 62 
822.756592 -1136.187744 2507.448730 58 64 62 
818.039062 -1135.078125 2505.000000 60 66 64 
812.538025 -1132.865479 2500.116943 62 65 64 
808.631592 -1132.865479 2500.116943 62 64 63 
804.725159 -1132.865479 2500.116943 63 65 64 
800.818726 -1132.865479 2500.116943 66 68 67 
796.912292 -1132.865479 2500.116943 67 69 68 
794.554688 -1135.078125 2505.000000 67 69 68 
794.520142 -1140.647705 2517.291504 67 69 68 
791.363464 -1141.768188 2519.764160 67 69 68 
788.976379 -1144.015747 2524.724365 66 67 65 
787.356384 -1147.403809 2532.201416 65 66 64 
785.726746 -1150.811890 2539.722656 63 66 65 
784.866821 -1155.387695 2549.821045 61 65 67 
783.218323 -1158.843506 2557.447754 60 65 68 
781.559998 -1162.319946 2565.120117 58 65 68 
778.330322 -1163.483521 2567.687744 55 63 68 
774.318298 -1163.483521 2567.687744 45 55 61 
771.078186 -1164.649292 2570.260498 35 44 52 
767.062134 -1164.649292 2570.260498 29 36 44 
763.046082 -1164.649292 2570.260498 31 37 41 
759.030090 -1164.649292 2570.260498 35 40 40 
755.014038 -1164.649292 2570.260498 39 42 39 
750.246277 -1163.483521 2567.687744 42 44 42 
744.743286 -1161.158813 2562.557373 45 44 45 
740.739258 -1161.158813 2562.557373 47 45 48 
736.735291 -1161.158813 2562.557373 49 48 49 
732.731262 -1161.158813 2562.557373 50 50 50 
728.727295 -1161.158813 2562.557373 51 51 51 
724.723267 -1161.158813 2562.557373 53 53 53 
720.000000 -1160.000000 2560.000000 53 53 53 
713.153076 -1155.387695 2549.821045 54 54 54 
708.464722 -1154.240356 2547.289062 57 57 57 
703.785706 -1153.095215 2544.761963 59 59 59 
697.732910 -1149.673584 2537.210693 59 59 59 
692.398804 -1147.403809 2532.201416 60 60 60 
687.763306 -1146.272217 2529.704102 61 61 61 
679.788208 -1139.529419 2514.823486 63 63 63 
675.858826 -1139.529419 2514.823486 64 64 64 
669.304688 -1135.078125 2505.000000 64 64 64 
657.683411 -1121.930542 2475.984619 65 65 65 
652.554932 -1119.768799 2471.213867 66 66 66 
647.446167 -1117.615356 2466.461426 67 68 67 
643.592285 -1117.615356 2466.461426 67 69 68 
638.510559 -1115.470215 2461.727539 67 69 68 
634.664124 -1115.470215 2461.727539 67 69 68 
-467.719940 -2086.750488 4605.242188 11 9 18 
-474.915619 -2086.750488 4605.242188 17 15 22 
-482.111298 -2086.750488 4605.242188 19 18 23 
-489.307007 -2086.750488 4605.242188 20 19 23 
-496.502686 -2086.750488 4605.242188 19 20 21 
-502.795685 -2083.010742 4596.989258 19 19 19 
-508.157135 -2075.571533 4580.571289 18 19 16 
-514.395752 -2071.871582 4572.406250 18 19 19 
-520.612122 -2068.185059 4564.270508 18 19 21 
-527.743774 -2068.185059 4564.270508 21 22 24 
-534.875427 -2068.185059 4564.270508 31 32 34 
-541.044434 -2064.511475 4556.163574 46 47 49 
-548.163391 -2064.511475 4556.163574 49 50 52 
-1093.090942 -1124.100586 2480.773682 67 69 66 
-1093.793579 -1120.848633 2473.596924 67 69 66 
-1097.658691 -1120.848633 2473.596924 66 68 65 
-1100.462402 -1119.768799 2471.213867 65 67 64 
-1104.323730 -1119.768799 2471.213867 65 67 64 
-1108.184937 -1119.768799 2471.213867 65 67 64 
-1113.118652 -1120.848633 2473.596924 66 64 64 
-1116.983643 -1120.848633 2473.596924 62 61 62 
-1119.768799 -1119.768799 2471.213867 55 55 55 
-1123.630005 -1119.768799 2471.213867 52 55 54 
-1127.491333 -1119.768799 2471.213867 56 61 60 
-1130.263672 -1118.691040 2468.835449 62 68 66 
-1133.030762 -1117.615356 2466.461426 62 68 66 
-1141.274170 -1121.930542 2475.984619 62 68 66 
901.700684 -1147.980225 2542.239746 64 70 69 
896.839600 -1146.843506 2539.722656 64 70 68 
891.988159 -1145.709229 2537.210693 64 70 66 
887.146240 -1144.577026 2534.703613 63 70 68 
882.313904 -1143.447144 2532.201416 63 69 69 
878.357361 -1143.447144 2532.201416 62 68 68 
874.400818 -1143.447144 2532.201416 61 67 67 
870.444214 -1143.447144 2532.201416 61 67 67 
866.487671 -1143.447144 2532.201416 59 65 65 
862.531067 -1143.447144 2532.201416 57 63 63 
858.574524 -1143.447144 2532.201416 56 62 62 
854.617981 -1143.447144 2532.201416 58 64 63 
850.661377 -1143.447144 2532.201416 59 65 63 
845.036438 -1141.194092 2527.211914 59 65 63 
838.609009 -1137.831055 2519.764160 59 65 63 
832.219421 -1134.487793 2512.360352 59 65 63 
826.674500 -1132.269775 2507.448730 58 64 62 
821.953125 -1131.164062 2505.000000 58 64 62 
817.240967 -1130.060547 2502.556152 60 66 64 
812.538025 -1128.959106 2500.116943 62 65 64 
807.844177 -1127.859741 2497.682617 62 64 63 
803.941589 -1127.859741 2497.682617 63 65 64 
800.038940 -1127.859741 2497.682617 65 67 66 
796.136292 -1127.859741 2497.682617 67 69 68 
793.779541 -1130.060547 2502.556152 67 69 68 
792.963745 -1134.487793 2512.360352 67 69 68 
790.586853 -1136.714478 2517.291504 67 69 68 
787.426331 -1137.831055 2519.764160 66 67 65 
786.579895 -1142.319580 2529.704102 65 66 64 
784.949585 -1145.709229 2537.210693 63 66 65 
783.309509 -1149.119019 2544.761963 61 65 67 
782.438232 -1153.697266 2554.900391 60 65 68 
779.222351 -1154.847412 2557.447754 58 65 68 
776.000000 -1156.000000 2560.000000 56 64 68 
772.000000 -1156.000000 2560.000000 46 56 61 
768.767212 -1157.154907 2562.557373 35 45 53 
764.763245 -1157.154907 2562.557373 29 36 44 
761.520020 -1158.312012 2565.120117 32 37 41 
756.755249 -1157.154907 2562.557373 36 40 40 
752.751221 -1157.154907 2562.557373 39 42 39 
748.000000 -1156.000000 2560.000000 42 44 41 
742.517944 -1153.697266 2554.900391 45 44 45 
738.525879 -1153.697266 2554.900391 47 45 48 
734.533875 -1153.697266 2554.900391 49 48 49 
730.541809 -1153.697266 2554.900391 50 50 50 
727.274170 -1154.847412 2557.447754 51 51 51 
723.278137 -1154.847412 2557.447754 53 53 53 
719.282166 -1154.847412 2557.447754 53 53 53 
713.153076 -1151.403564 2549.821045 54 54 54 
708.464722 -1150.260132 2547.289062 57 57 57 
703.785706 -1149.119019 2544.761963 59 59 59 
697.732910 -1145.709229 2537.210693 59 59 59 
692.398804 -1143.447144 2532.201416 60 60 60 
688.442261 -1143.447144 2532.201416 61 61 61 
683.810669 -1142.319580 2529.704102 63 63 63 
670.614502 -1133.377686 2509.902100 64 64 64 
657.683411 -1118.061768 2475.984619 65 65 65 
652.554932 -1115.907471 2471.213867 66 66 66 
647.446167 -1113.761597 2466.461426 67 68 67 
643.592285 -1113.761597 2466.461426 67 69 68 
638.510559 -1111.623779 2461.727539 67 69 68 
634.664124 -1111.623779 2461.727539 67 69 68 
630.817688 -1111.623779 2461.727539 67 68 67 
-467.719940 -2079.554688 4605.242188 15 12 21 
-474.915619 -2079.554688 4605.242188 22 19 25 
-482.111298 -2079.554688 4605.242188 22 20 25 
-489.307007 -2079.554688 4605.242188 20 20 24 
-496.502686 -2079.554688 4605.242188 19 21 22 
-501.896240 -2072.114502 4588.765625 18 21 19 
-508.157135 -2068.414307 4580.571289 18 20 17 
-513.480408 -2061.053467 4564.270508 18 20 20 
-520.612122 -2061.053467 4564.270508 19 20 22 
-527.743774 -2061.053467 4564.270508 21 22 24 
-533.925415 -2057.392578 4556.163574 31 32 34 
-540.085083 -2053.744629 4548.084961 46 47 49 
-547.191467 -2053.744629 4548.084961 48 49 51 
-1089.928589 -1116.983643 2473.596924 67 69 66 
-1091.688110 -1114.833496 2468.835449 67 69 66 
-1095.545776 -1114.833496 2468.835449 66 68 65 
-1098.346191 -1113.761597 2466.461426 65 67 64 
-1102.199951 -1113.761597 2466.461426 65 67 64 
-1106.053833 -1113.761597 2466.461426 65 67 64 
-1109.907715 -1113.761597 2466.461426 66 64 64 
-1113.761597 -1113.761597 2466.461426 61 60 60 
-1117.615356 -1113.761597 2466.461426 53 54 54 
-1121.469238 -1113.761597 2466.461426 53 56 55 
-1125.323120 -1113.761597 2466.461426 57 63 61 
-1129.176880 -1113.761597 2466.461426 62 68 66 
-1131.942383 -1112.691650 2464.092285 63 68 66 
-1136.884644 -1113.761597 2466.461426 63 68 67 
901.700684 -1144.007935 2542.239746 66 68 69 
895.952515 -1141.744751 2537.210693 66 69 69 
891.106750 -1140.616577 2534.703613 65 68 68 
886.270508 -1139.490601 2532.201416 64 69 69 
881.443787 -1138.366821 2529.704102 64 70 70 
876.626587 -1137.245361 2527.211914 63 69 69 
872.677856 -1137.245361 2527.211914 63 69 69 
868.729065 -1137.245361 2527.211914 62 68 68 
863.079651 -1135.008911 2522.241943 60 66 66 
859.138672 -1135.008911 2522.241943 58 64 64 
855.197632 -1135.008911 2522.241943 56 62 62 
851.256653 -1135.008911 2522.241943 58 62 62 
846.483276 -1133.893921 2519.764160 60 64 62 
840.894104 -1131.670532 2514.823486 61 64 63 
836.144958 -1130.562256 2512.360352 61 64 63 
830.592407 -1128.351929 2507.448730 61 64 63 
825.867188 -1127.250000 2505.000000 61 64 63 
821.151245 -1126.150269 2502.556152 61 64 63 
815.649475 -1123.957153 2497.682617 61 65 63 
810.957214 -1122.863770 2495.252930 63 65 64 
807.058350 -1122.863770 2495.252930 63 65 64 
803.159546 -1122.863770 2495.252930 63 65 64 
798.483948 -1121.772583 2492.827881 65 67 66 
794.588928 -1121.772583 2492.827881 67 69 68 
792.233704 -1123.957153 2497.682617 67 69 68 
790.640625 -1127.250000 2505.000000 67 69 68 
789.038208 -1130.562256 2512.360352 67 69 68 
786.653564 -1132.781128 2517.291504 66 68 67 
785.804932 -1137.245361 2527.211914 66 66 67 
784.173889 -1140.616577 2534.703613 64 66 67 
783.309509 -1145.142822 2544.761963 63 65 67 
780.882690 -1147.419434 2549.821045 63 65 67 
778.446228 -1149.705200 2554.900391 60 63 65 
774.454163 -1149.705200 2554.900391 58 62 65 
770.462158 -1149.705200 2554.900391 52 56 59 
767.234314 -1150.851440 2557.447754 39 47 54 
763.238281 -1150.851440 2557.447754 31 38 46 
760.000000 -1152.000000 2560.000000 33 37 42 
755.246277 -1150.851440 2557.447754 38 39 41 
751.250244 -1150.851440 2557.447754 41 40 38 
746.509949 -1149.705200 2554.900391 43 42 41 
741.779114 -1148.561157 2552.358154 44 44 45 
737.791016 -1148.561157 2552.358154 46 47 49 
733.802979 -1148.561157 2552.358154 48 48 50 
729.814941 -1148.561157 2552.358154 50 50 50 
726.549805 -1149.705200 2554.900391 51 51 51 
723.278137 -1150.851440 2557.447754 52 52 52 
719.282166 -1150.851440 2557.447754 53 53 53 
713.862671 -1148.561157 2552.358154 54 54 54 
709.169006 -1147.419434 2549.821045 56 56 56 
703.785706 -1145.142822 2544.761963 57 57 57 
698.423767 -1142.875244 2539.722656 59 59 59 
693.083008 -1140.616577 2534.703613 60 60 60 
689.122559 -1140.616577 2534.703613 61 61 61 
684.485657 -1139.490601 2532.201416 63 63 63 
671.271301 -1130.562256 2512.360352 65 65 65 
657.683411 -1114.192993 2475.984619 66 66 66 
652.554932 -1112.046265 2471.213867 67 67 67 
647.446167 -1109.907715 2466.461426 67 68 68 
643.592285 -1109.907715 2466.461426 68 68 68 
639.123901 -1108.841553 2464.092285 68 68 68 
634.664124 -1107.777344 2461.727539 68 68 68 
630.817688 -1107.777344 2461.727539 68 68 68 
626.971191 -1107.777344 2461.727539 68 69 68 
-475.769775 -2076.086426 4613.525391 26 24 27 
-482.978424 -2076.086426 4613.525391 24 23 25 
-490.187042 -2076.086426 4613.525391 22 22 23 
-496.502686 -2072.359131 4605.242188 21 22 22 
-501.896240 -2064.944580 4588.765625 21 22 21 
-508.157135 -2061.257080 4580.571289 19 21 19 
-513.480408 -2053.921631 4564.270508 19 20 20 
-520.612122 -2053.921631 4564.270508 18 19 21 
-527.743774 -2053.921631 4564.270508 18 19 21 
-533.925415 -2050.273438 4556.163574 29 30 32 
-540.085083 -2046.638306 4548.084961 45 46 48 
-547.191467 -2046.638306 4548.084961 48 49 51 
-1086.784668 -1109.907715 2466.461426 68 68 67 
-1090.638428 -1109.907715 2466.461426 68 68 67 
-1094.492310 -1109.907715 2466.461426 66 67 66 
-1098.346191 -1109.907715 2466.461426 66 67 66 
-1102.199951 -1109.907715 2466.461426 66 67 66 
-1106.053833 -1109.907715 2466.461426 65 66 65 
-1109.907715 -1109.907715 2466.461426 66 63 64 
-1113.761597 -1109.907715 2466.461426 61 59 60 
-1116.541748 -1108.841553 2464.092285 52 55 54 
-1120.391968 -1108.841553 2464.092285 52 58 56 
-1124.242065 -1108.841553 2464.092285 57 65 62 
-1127.009644 -1107.777344 2461.727539 62 68 66 
-1129.771851 -1106.715210 2459.367188 65 68 67 
-1135.792480 -1108.841553 2464.092285 67 67 67 
896.839600 -1138.906982 2539.722656 67 68 70 
891.106750 -1136.656128 2534.703613 66 67 69 
885.396423 -1134.414185 2529.704102 64 69 69 
880.575378 -1133.296509 2527.211914 64 70 70 
875.763794 -1132.181152 2524.724365 64 70 70 
870.106079 -1129.956787 2519.764160 64 70 70 
866.168945 -1129.956787 2519.764160 63 69 69 
860.541199 -1127.741211 2514.823486 61 67 67 
856.611755 -1127.741211 2514.823486 58 64 64 
852.682373 -1127.741211 2514.823486 57 62 62 
848.752930 -1127.741211 2514.823486 58 62 61 
843.996094 -1126.636597 2512.360352 61 63 62 
839.248535 -1125.534302 2509.902100 62 64 63 
834.510254 -1124.433960 2507.448730 61 63 62 
829.781250 -1123.335938 2505.000000 62 64 63 
825.061462 -1122.239990 2502.556152 62 64 63 
820.350891 -1121.146240 2500.116943 62 64 63 
814.856018 -1118.964966 2495.252930 62 64 63 
810.169067 -1117.877563 2492.827881 63 65 64 
804.710022 -1115.708984 2487.992188 63 65 64 
800.822510 -1115.708984 2487.992188 63 65 64 
796.162781 -1114.627930 2485.581299 65 67 66 
793.817505 -1116.792236 2490.407715 67 69 68 
791.463013 -1118.964966 2495.252930 67 69 68 
789.869263 -1122.239990 2502.556152 67 69 68 
787.495605 -1124.433960 2507.448730 67 69 68 
785.112610 -1126.636597 2512.360352 66 68 69 
784.259583 -1131.067871 2522.241943 66 67 69 
782.627197 -1134.414185 2529.704102 65 66 68 
781.758423 -1138.906982 2539.722656 64 65 67 
780.107239 -1142.299927 2547.289062 64 65 67 
776.898621 -1143.435425 2549.821045 61 62 64 
773.683594 -1144.573120 2552.358154 60 61 63 
769.695496 -1144.573120 2552.358154 55 56 58 
765.707458 -1144.573120 2552.358154 42 48 55 
761.719421 -1144.573120 2552.358154 32 39 47 
758.486084 -1145.713135 2554.900391 34 36 42 
754.494019 -1145.713135 2554.900391 39 38 41 
750.502014 -1145.713135 2554.900391 41 39 37 
745.767151 -1144.573120 2552.358154 42 41 40 
741.041748 -1143.435425 2549.821045 44 44 45 
737.057678 -1143.435425 2549.821045 45 47 49 
733.073547 -1143.435425 2549.821045 48 49 50 
729.089478 -1143.435425 2549.821045 49 49 49 
725.826843 -1144.573120 2552.358154 50 50 50 
722.557800 -1145.713135 2554.900391 51 51 51 
718.565735 -1145.713135 2554.900391 52 52 52 
713.862671 -1144.573120 2552.358154 54 54 54 
709.169006 -1143.435425 2549.821045 55 55 55 
704.484619 -1142.299927 2547.289062 57 57 57 
699.115967 -1140.035645 2542.239746 58 58 58 
693.083008 -1136.656128 2534.703613 60 60 60 
689.122559 -1136.656128 2534.703613 61 61 61 
684.485657 -1135.534058 2532.201416 63 63 63 
671.271301 -1126.636597 2512.360352 65 65 65 
657.683411 -1110.324341 2475.984619 66 66 66 
651.926880 -1107.118408 2468.835449 66 66 66 
647.446167 -1106.053833 2466.461426 68 68 68 
643.592285 -1106.053833 2466.461426 68 68 68 
639.123901 -1104.991333 2464.092285 68 68 68 
634.664124 -1103.930908 2461.727539 68 68 68 
630.817688 -1103.930908 2461.727539 68 68 68 
626.971191 -1103.930908 2461.727539 69 69 69 
-477.487366 -2076.346680 4630.180664 28 28 28 
-482.978424 -2068.877686 4613.525391 26 26 26 
-490.187042 -2068.877686 4613.525391 22 22 22 
-497.395691 -2068.877686 4613.525391 21 21 21 
-502.795685 -2061.462402 4596.989258 21 21 21 
-508.157135 -2054.100098 4580.571289 19 19 19 
-514.395752 -2050.438477 4572.406250 18 19 20 
-520.612122 -2046.790039 4564.270508 17 18 20 
-527.743774 -2046.790039 4564.270508 17 18 20 
-533.925415 -2043.154541 4556.163574 29 30 32 
-540.085083 -2039.531860 4548.084961 44 45 47 
-547.191467 -2039.531860 4548.084961 48 49 51 
-1085.740601 -1104.991333 2464.092285 68 68 68 
-1089.590820 -1104.991333 2464.092285 68 68 68 
-1093.440918 -1104.991333 2464.092285 67 67 67 
-1097.291016 -1104.991333 2464.092285 67 67 67 
-1100.084473 -1103.930908 2461.727539 67 67 67 
-1103.930908 -1103.930908 2461.727539 65 65 65 
-1107.777344 -1103.930908 2461.727539 65 62 63 
-1111.623779 -1103.930908 2461.727539 60 59 60 
-1115.470215 -1103.930908 2461.727539 51 55 54 
-1119.316650 -1103.930908 2461.727539 51 59 57 
-1123.163208 -1103.930908 2461.727539 57 66 63 
-1125.929077 -1102.872437 2459.367188 62 68 66 
-1128.689697 -1101.816040 2457.011475 66 68 67 
-1132.528687 -1101.816040 2457.011475 69 66 67 
890.227051 -1131.577515 2532.201416 66 67 69 
884.524109 -1129.347778 2527.211914 64 69 69 
878.843689 -1127.126831 2522.241943 64 70 70 
873.185486 -1124.914673 2517.291504 64 70 70 
868.400024 -1123.811768 2514.823486 64 70 70 
864.470581 -1123.811768 2514.823486 63 69 69 
859.698364 -1122.711060 2512.360352 61 67 67 
855.772766 -1122.711060 2512.360352 58 64 64 
851.847229 -1122.711060 2512.360352 57 62 62 
847.921631 -1122.711060 2512.360352 58 62 61 
843.170227 -1121.612549 2509.902100 61 63 62 
838.428162 -1120.516113 2507.448730 62 64 63 
833.695312 -1119.421875 2505.000000 61 63 62 
828.971680 -1118.329712 2502.556152 62 64 63 
825.061462 -1118.329712 2502.556152 62 64 63 
819.552124 -1116.151855 2497.682617 62 64 63 
814.064148 -1113.982544 2492.827881 62 64 63 
807.813965 -1110.744141 2485.581299 63 65 64 
802.375244 -1108.595703 2480.773682 63 65 64 
797.727539 -1107.524658 2478.376709 63 65 64 
793.088806 -1106.455566 2475.984619 65 67 66 
789.982605 -1107.524658 2478.376709 67 69 68 
789.926208 -1112.901001 2490.407715 67 69 68 
788.331055 -1116.151855 2497.682617 67 69 68 
785.959045 -1118.329712 2502.556152 67 69 68 
783.577698 -1120.516113 2507.448730 66 68 69 
782.720337 -1124.914673 2517.291504 66 67 69 
781.856140 -1129.347778 2527.211914 65 66 68 
780.213440 -1132.695679 2534.703613 64 65 67 
779.333313 -1137.190430 2544.761963 65 66 68 
776.127136 -1138.319824 2547.289062 62 63 65 
772.146973 -1138.319824 2547.289062 61 62 64 
768.166809 -1138.319824 2547.289062 55 57 59 
764.186707 -1138.319824 2547.289062 43 49 56 
760.206543 -1138.319824 2547.289062 33 40 47 
756.978149 -1139.451294 2549.821045 34 36 42 
752.994019 -1139.451294 2549.821045 38 37 40 
749.009949 -1139.451294 2549.821045 40 38 37 
745.025818 -1139.451294 2549.821045 41 41 39 
740.305847 -1138.319824 2547.289062 43 44 44 
736.325745 -1138.319824 2547.289062 45 46 48 
732.345581 -1138.319824 2547.289062 48 49 49 
728.365417 -1138.319824 2547.289062 49 49 49 
725.105347 -1139.451294 2549.821045 50 50 50 
721.838806 -1140.585083 2552.358154 51 51 51 
717.850769 -1140.585083 2552.358154 52 52 52 
713.862671 -1140.585083 2552.358154 54 54 54 
709.169006 -1139.451294 2549.821045 55 55 55 
704.484619 -1138.319824 2547.289062 57 57 57 
699.115967 -1136.063477 2542.239746 58 58 58 
693.768555 -1133.816040 2537.210693 60 60 60 
689.804138 -1133.816040 2537.210693 61 61 61 
684.485657 -1131.577515 2532.201416 63 63 63 
671.271301 -1122.711060 2512.360352 64 64 64 
657.049194 -1105.388672 2473.596924 65 65 65 
651.299988 -1102.199951 2466.461426 66 66 66 
647.446167 -1102.199951 2466.461426 67 67 67 
643.592285 -1102.199951 2466.461426 68 68 68 
639.123901 -1101.141235 2464.092285 68 68 68 
634.664124 -1100.084473 2461.727539 68 68 68 
630.817688 -1100.084473 2461.727539 67 67 67 
626.971191 -1100.084473 2461.727539 68 68 68 
-484.722015 -2069.111816 4630.180664 22 22 22 
-491.070282 -2065.383789 4621.837891 21 21 21 
-497.395691 -2061.669189 4613.525391 22 22 22 
-503.698395 -2057.967773 4605.242188 21 21 21 
-508.157135 -2046.942871 4580.571289 19 20 20 
-514.395752 -2043.294067 4572.406250 18 19 20 
-521.540100 -2043.294067 4572.406250 17 18 20 
-527.743774 -2039.658325 4564.270508 18 19 21 
-534.875427 -2039.658325 4564.270508 31 32 34 
-541.044434 -2036.035522 4556.163574 44 45 47 
-548.163391 -2036.035522 4556.163574 47 48 50 
-1081.890503 -1101.141235 2464.092285 68 68 68 
-1084.698608 -1100.084473 2461.727539 68 68 68 
-1088.545166 -1100.084473 2461.727539 68 68 68 
-1092.391602 -1100.084473 2461.727539 67 67 67 
-1096.238037 -1100.084473 2461.727539 67 67 67 
-1099.029663 -1099.029663 2459.367188 67 67 67 
-1102.872437 -1099.029663 2459.367188 65 65 65 
-1106.715210 -1099.029663 2459.367188 64 62 62 
-1110.557983 -1099.029663 2459.367188 60 59 59 
-1114.400757 -1099.029663 2459.367188 52 55 54 
-1118.243530 -1099.029663 2459.367188 52 60 58 
-1122.086304 -1099.029663 2459.367188 58 66 64 
-1124.850586 -1097.977051 2457.011475 62 68 66 
-1126.531494 -1095.877686 2452.313477 66 68 67 
-1131.444946 -1096.926270 2454.660400 69 66 67 
888.472900 -1125.399048 2527.211914 66 67 69 
882.784668 -1123.185791 2522.241943 64 69 69 
877.118774 -1120.981323 2517.291504 64 70 70 
872.329407 -1119.882324 2514.823486 64 70 70 
867.549438 -1118.785522 2512.360352 64 70 70 
862.778870 -1117.690796 2509.902100 62 68 68 
858.857117 -1117.690796 2509.902100 61 67 67 
854.935425 -1117.690796 2509.902100 58 64 64 
851.013672 -1117.690796 2509.902100 57 62 62 
847.091980 -1117.690796 2509.902100 58 62 61 
842.346069 -1116.598267 2507.448730 61 63 62 
837.609375 -1115.507812 2505.000000 62 64 63 
833.695312 -1115.507812 2505.000000 61 63 62 
828.971680 -1114.419556 2502.556152 61 64 63 
824.257324 -1113.333374 2500.116943 62 64 63 
818.754883 -1111.167358 2495.252930 62 64 63 
814.064148 -1110.087524 2492.827881 62 64 63 
806.251465 -1104.719482 2480.773682 63 65 64 
801.599976 -1103.652222 2478.376709 63 65 64 
796.957520 -1102.586914 2475.984619 63 65 64 
792.324036 -1101.523682 2473.596924 65 67 66 
788.459045 -1101.523682 2473.596924 67 69 68 
786.110168 -1103.652222 2478.376709 67 69 68 
786.798828 -1110.087524 2492.827881 67 69 68 
784.428406 -1112.249268 2497.682617 67 69 68 
782.048767 -1114.419556 2502.556152 66 68 69 
780.422729 -1117.690796 2509.902100 66 67 69 
780.318604 -1123.185791 2522.241943 65 66 68 
779.443237 -1127.620972 2532.201416 64 65 67 
778.560974 -1132.091187 2542.239746 65 66 68 
775.357117 -1133.214233 2544.761963 63 64 66 
771.380981 -1133.214233 2544.761963 62 63 65 
767.404785 -1133.214233 2544.761963 56 58 60 
763.428589 -1133.214233 2544.761963 44 50 57 
759.452393 -1133.214233 2544.761963 34 41 48 
756.226440 -1134.339600 2547.289062 34 36 41 
752.246277 -1134.339600 2547.289062 37 37 39 
748.266113 -1134.339600 2547.289062 39 37 36 
744.286011 -1134.339600 2547.289062 41 40 39 
740.305847 -1134.339600 2547.289062 43 43 43 
735.595215 -1133.214233 2544.761963 44 46 47 
731.619019 -1133.214233 2544.761963 47 48 49 
727.642883 -1133.214233 2544.761963 49 49 49 
724.385315 -1134.339600 2547.289062 50 50 50 
721.121277 -1135.467163 2549.821045 51 51 51 
717.137207 -1135.467163 2549.821045 52 52 52 
713.153076 -1135.467163 2549.821045 54 54 54 
709.169006 -1135.467163 2549.821045 55 55 55 
704.484619 -1134.339600 2547.289062 57 57 57 
699.115967 -1132.091187 2542.239746 58 59 58 
693.768555 -1129.851685 2537.210693 60 60 60 
689.804138 -1129.851685 2537.210693 61 61 61 
684.485657 -1127.620972 2532.201416 63 63 63 
671.271301 -1118.785522 2512.360352 64 64 64 
656.416199 -1100.462402 2471.213867 64 64 65 
651.299988 -1098.346191 2466.461426 65 65 65 
647.446167 -1098.346191 2466.461426 67 67 67 
642.974060 -1097.291016 2464.092285 68 68 68 
639.123901 -1097.291016 2464.092285 68 68 68 
634.664124 -1096.238037 2461.727539 68 68 68 
630.817688 -1096.238037 2461.727539 66 66 66 
626.971191 -1096.238037 2461.727539 67 67 67 
623.124756 -1096.238037 2461.727539 68 68 68 
-486.478271 -2069.347900 4646.956543 22 22 22 
-491.956665 -2061.877197 4630.180664 23 23 23 
-498.291901 -2058.162109 4621.837891 26 25 25 
-503.698395 -2050.771973 4605.242188 26 25 25 
-508.157135 -2039.785767 4580.571289 23 23 23 
-514.395752 -2036.149780 4572.406250 19 19 21 
-521.540100 -2036.149780 4572.406250 18 18 20 
-528.684509 -2036.149780 4572.406250 19 20 22 
-534.875427 -2032.526733 4564.270508 32 33 35 
-541.044434 -2028.916504 4556.163574 44 45 47 
-548.163391 -2028.916504 4556.163574 47 48 50 
-1080.115479 -1099.403320 2468.835449 68 68 67 
-1080.852173 -1096.238037 2461.727539 68 68 68 
-1083.658691 -1095.187012 2459.367188 68 68 68 
-1087.501465 -1095.187012 2459.367188 68 68 68 
-1091.344238 -1095.187012 2459.367188 67 67 67 
-1095.187012 -1095.187012 2459.367188 67 67 67 
-1097.977051 -1094.137939 2457.011475 67 67 67 
-1101.816040 -1094.137939 2457.011475 65 65 65 
-1105.655151 -1094.137939 2457.011475 64 61 62 
-1109.494263 -1094.137939 2457.011475 59 58 58 
-1113.333374 -1094.137939 2457.011475 52 56 55 
-1116.103394 -1093.090942 2454.660400 53 61 59 
-1119.938721 -1093.090942 2454.660400 58 67 64 
-1122.699829 -1092.045898 2452.313477 62 68 66 
-1124.381714 -1089.961792 2447.633545 66 68 67 
-1128.206055 -1089.961792 2447.633545 69 66 67 
886.725647 -1119.244873 2522.241943 65 70 69 
881.052002 -1117.048096 2517.291504 64 70 70 
876.258850 -1115.953003 2514.823486 64 70 70 
871.475037 -1114.859985 2512.360352 63 69 69 
866.700562 -1113.769043 2509.902100 63 69 69 
861.935486 -1112.680298 2507.448730 62 68 68 
858.017578 -1112.680298 2507.448730 60 66 66 
854.935425 -1113.769043 2509.902100 59 65 65 
851.013672 -1113.769043 2509.902100 57 63 63 
847.091980 -1113.769043 2509.902100 59 62 61 
842.346069 -1112.680298 2507.448730 61 63 62 
837.609375 -1111.593750 2505.000000 62 64 63 
833.695312 -1111.593750 2505.000000 62 64 63 
828.971680 -1110.509277 2502.556152 60 65 63 
824.257324 -1109.426880 2500.116943 59 65 63 
818.754883 -1107.268433 2495.252930 59 65 63 
813.273804 -1105.118408 2490.407715 59 65 63 
805.472473 -1099.779663 2478.376709 62 66 64 
800.826233 -1098.718140 2475.984619 63 65 64 
795.421997 -1096.601196 2471.213867 63 65 64 
791.560669 -1096.601196 2471.213867 65 67 66 
787.699402 -1096.601196 2471.213867 67 69 68 
784.593994 -1097.658691 2473.596924 67 69 68 
782.994202 -1100.843384 2480.773682 67 69 68 
782.903809 -1106.192383 2492.827881 67 69 68 
780.525818 -1108.346680 2497.682617 66 68 68 
778.898438 -1111.593750 2505.000000 66 67 67 
778.787048 -1117.048096 2517.291504 65 66 66 
777.907410 -1121.450195 2527.211914 64 66 66 
777.020752 -1125.887207 2537.210693 64 66 66 
774.588684 -1128.118896 2542.239746 63 65 65 
771.380981 -1129.238037 2544.761963 62 64 64 
767.404785 -1129.238037 2544.761963 58 60 61 
763.428589 -1129.238037 2544.761963 47 52 56 
759.452393 -1129.238037 2544.761963 36 42 47 
755.476196 -1129.238037 2544.761963 33 37 42 
751.500000 -1129.238037 2544.761963 34 37 41 
748.266113 -1130.359497 2547.289062 37 38 40 
744.286011 -1130.359497 2547.289062 40 40 41 
739.571411 -1129.238037 2544.761963 42 42 42 
735.595215 -1129.238037 2544.761963 44 44 43 
731.619019 -1129.238037 2544.761963 47 47 47 
727.642883 -1129.238037 2544.761963 49 49 49 
723.666687 -1129.238037 2544.761963 50 50 50 
721.121277 -1131.483154 2549.821045 51 51 51 
717.137207 -1131.483154 2549.821045 52 52 52 
713.153076 -1131.483154 2549.821045 54 54 54 
709.169006 -1131.483154 2549.821045 55 55 55 
704.484619 -1130.359497 2547.289062 57 57 57 
699.115967 -1128.118896 2542.239746 59 60 57 
693.768555 -1125.887207 2537.210693 60 61 58 
689.804138 -1125.887207 2537.210693 61 61 60 
684.485657 -1123.664307 2532.201416 62 62 62 
671.271301 -1114.859985 2512.360352 63 63 63 
656.416199 -1096.601196 2471.213867 64 63 65 
651.299988 -1094.492310 2466.461426 64 64 67 
646.824219 -1093.440918 2464.092285 66 66 67 
642.974060 -1093.440918 2464.092285 67 67 67 
639.123901 -1093.440918 2464.092285 67 67 67 
634.664124 -1092.391602 2461.727539 68 68 68 
630.817688 -1092.391602 2461.727539 67 67 67 
626.971191 -1092.391602 2461.727539 67 67 67 
623.124756 -1092.391602 2461.727539 68 68 68 
496.618073 -1659.288574 3739.241943 46 45 49 
-487.361176 -2065.829346 4655.390137 26 26 23 
-491.956665 -2054.642578 4630.180664 28 24 22 
-498.291901 -2050.940430 4621.837891 31 26 25 
-502.795685 -2039.913940 4596.989258 34 29 28 
-508.157135 -2032.628540 4580.571289 30 26 24 
-514.395752 -2029.005371 4572.406250 22 21 21 
-521.540100 -2029.005371 4572.406250 20 20 21 
-528.684509 -2029.005371 4572.406250 21 21 22 
-534.875427 -2025.395020 4564.270508 33 33 34 
-541.044434 -2021.797485 4556.163574 45 45 46 
-548.163391 -2021.797485 4556.163574 47 48 48 
-556.270447 -2025.395020 4564.270508 49 49 50 
-927.020386 -1935.836792 4362.449219 65 65 63 
-932.251282 -1932.550049 4355.042480 65 65 63 
-939.056030 -1932.550049 4355.042480 64 63 59 
-944.257629 -1929.274536 4347.661133 61 57 52 
-1080.115479 -1095.545776 2468.835449 68 68 66 
-1080.852173 -1092.391602 2461.727539 68 68 67 
-1082.620728 -1090.298828 2457.011475 68 68 67 
-1086.459717 -1090.298828 2457.011475 68 68 67 
-1090.298828 -1090.298828 2457.011475 68 68 66 
-1094.137939 -1090.298828 2457.011475 67 67 66 
-1096.926270 -1089.255493 2454.660400 67 67 65 
-1099.709351 -1088.214111 2452.313477 66 65 64 
-1103.541138 -1088.214111 2452.313477 64 62 62 
-1107.372803 -1088.214111 2452.313477 58 57 57 
-1111.204590 -1088.214111 2452.313477 52 56 55 
-1113.971313 -1087.174805 2449.971436 54 62 59 
-1117.799438 -1087.174805 2449.971436 58 67 64 
-1120.557251 -1086.137451 2447.633545 61 68 66 
-1121.172241 -1083.037109 2440.646973 66 67 67 
-1122.848999 -1080.980103 2436.011475 69 66 67 
-1128.799194 -1083.037109 2440.646973 68 67 67 
884.985291 -1113.114868 2517.291504 65 71 69 
881.052002 -1113.114868 2517.291504 64 70 70 
876.258850 -1112.023560 2514.823486 64 70 70 
871.475037 -1110.934326 2512.360352 63 69 69 
865.853394 -1108.762451 2507.448730 62 68 68 
861.935486 -1108.762451 2507.448730 61 67 67 
858.017578 -1108.762451 2507.448730 60 66 66 
854.099731 -1108.762451 2507.448730 59 65 65 
851.013672 -1109.847412 2509.902100 58 63 63 
847.091980 -1109.847412 2509.902100 59 62 62 
842.346069 -1108.762451 2507.448730 60 62 61 
837.609375 -1107.679688 2505.000000 61 63 62 
833.695312 -1107.679688 2505.000000 61 64 63 
828.971680 -1106.598999 2502.556152 59 65 63 
824.257324 -1105.520508 2500.116943 58 65 63 
818.754883 -1103.369629 2495.252930 58 65 63 
813.273804 -1101.227173 2490.407715 59 65 63 
805.472473 -1095.907227 2478.376709 62 66 64 
800.826233 -1094.849365 2475.984619 63 65 64 
795.421997 -1092.739868 2471.213867 63 65 64 
790.038452 -1090.638428 2466.461426 65 67 66 
786.184631 -1090.638428 2466.461426 67 69 68 
783.838135 -1092.739868 2471.213867 67 69 68 
782.237671 -1095.907227 2478.376709 67 69 68 
780.627930 -1099.093018 2485.581299 67 69 68 
779.008728 -1102.297363 2492.827881 66 68 67 
778.138550 -1106.598999 2502.556152 66 68 67 
776.500977 -1109.847412 2509.902100 65 67 66 
776.377563 -1115.303833 2522.241943 64 66 65 
776.252991 -1120.814209 2534.703613 63 65 64 
774.588684 -1124.146729 2542.239746 64 66 65 
771.380981 -1125.261963 2544.761963 63 65 64 
767.404785 -1125.261963 2544.761963 59 62 61 
763.428589 -1125.261963 2544.761963 50 54 56 
759.452393 -1125.261963 2544.761963 38 43 47 
755.476196 -1125.261963 2544.761963 33 38 42 
751.500000 -1125.261963 2544.761963 33 38 42 
748.266113 -1126.379395 2547.289062 36 39 42 
744.286011 -1126.379395 2547.289062 39 40 42 
739.571411 -1125.261963 2544.761963 42 41 41 
735.595215 -1125.261963 2544.761963 44 43 41 
731.619019 -1125.261963 2544.761963 47 46 45 
727.642883 -1125.261963 2544.761963 49 49 49 
723.666687 -1125.261963 2544.761963 50 50 50 
721.121277 -1127.499023 2549.821045 52 52 52 
717.850769 -1128.620850 2552.358154 52 52 52 
714.573730 -1129.744995 2554.900391 54 54 54 
709.169006 -1127.499023 2549.821045 55 55 55 
704.484619 -1126.379395 2547.289062 57 57 57 
699.115967 -1124.146729 2542.239746 59 60 56 
693.768555 -1121.922852 2537.210693 60 61 57 
689.804138 -1121.922852 2537.210693 61 61 60 
684.485657 -1119.707764 2532.201416 62 62 62 
671.271301 -1110.934326 2512.360352 62 62 63 
656.416199 -1092.739868 2471.213867 63 63 66 
651.299988 -1090.638428 2466.461426 64 63 68 
646.824219 -1089.590820 2464.092285 65 65 67 
642.974060 -1089.590820 2464.092285 66 66 66 
639.123901 -1089.590820 2464.092285 67 67 67 
634.664124 -1088.545166 2461.727539 68 68 68 
630.817688 -1088.545166 2461.727539 67 67 67 
626.971191 -1088.545166 2461.727539 67 67 67 
622.527344 -1087.501465 2459.367188 68 68 68 
618.684570 -1087.501465 2459.367188 66 66 67 
501.000000 -1648.639526 3728.372070 43 43 52 
495.174408 -1648.639526 3728.372070 45 44 52 
490.061127 -1651.039307 3733.799072 49 50 49 
-487.361176 -2058.555420 4655.390137 26 26 25 
-491.956665 -2047.407959 4630.180664 28 26 25 
-498.291901 -2043.718872 4621.837891 31 28 28 
-502.795685 -2032.731201 4596.989258 36 33 32 
-508.157135 -2025.471436 4580.571289 31 29 28 
-515.314270 -2025.471436 4580.571289 23 22 21 
-521.540100 -2021.860962 4572.406250 21 21 21 
-528.684509 -2021.860962 4572.406250 22 22 22 
-534.875427 -2018.263306 4564.270508 33 33 33 
-541.044434 -2014.678467 4556.163574 45 45 45 
-548.163391 -2014.678467 4556.163574 47 47 47 
-556.270447 -2018.263306 4564.270508 49 49 49 
-886.122437 -1929.020386 4362.449219 53 53 51 
-891.422729 -1925.745361 4355.042480 63 63 61 
-898.227478 -1925.745361 4355.042480 65 65 63 
-920.204102 -1929.020386 4362.449219 61 61 59 
-927.020386 -1929.020386 4362.449219 62 65 63 
-932.251282 -1925.745361 4355.042480 64 65 64 
-937.464417 -1922.481323 4347.661133 63 63 60 
-942.659912 -1919.228394 4340.304688 61 59 55 
-949.441650 -1919.228394 4340.304688 60 56 51 
-1083.558105 -1099.093018 2485.581299 66 66 64 
-1080.115479 -1091.688110 2468.835449 67 67 65 
-1080.852173 -1088.545166 2461.727539 68 68 66 
-1082.620728 -1086.459717 2457.011475 68 68 66 
-1085.420044 -1085.420044 2454.660400 68 68 66 
-1089.255493 -1085.420044 2454.660400 68 68 66 
-1092.045898 -1084.382446 2452.313477 67 67 65 
-1095.877686 -1084.382446 2452.313477 66 66 64 
-1098.659058 -1083.346680 2449.971436 66 66 64 
-1102.487061 -1083.346680 2449.971436 64 62 62 
-1106.315186 -1083.346680 2449.971436 58 57 57 
-1110.143311 -1083.346680 2449.971436 53 57 56 
-1112.908447 -1082.312988 2447.633545 54 62 60 
-1115.668213 -1081.281250 2445.300293 58 67 64 
-1117.358765 -1079.223633 2440.646973 61 67 65 
-1119.042725 -1077.173828 2436.011475 65 67 66 
-1120.720337 -1075.131714 2431.393311 69 66 67 
-1124.519409 -1075.131714 2431.393311 67 67 67 
884.985291 -1109.181519 2517.291504 65 71 69 
880.188232 -1108.094116 2514.823486 64 70 70 
875.400574 -1107.008789 2512.360352 64 70 70 
870.622314 -1105.925659 2509.902100 63 69 69 
865.853394 -1104.844604 2507.448730 62 68 68 
861.935486 -1104.844604 2507.448730 61 67 67 
858.017578 -1104.844604 2507.448730 60 66 66 
854.099731 -1104.844604 2507.448730 59 65 65 
850.181824 -1104.844604 2507.448730 57 63 63 
846.263916 -1104.844604 2507.448730 57 63 62 
842.346069 -1104.844604 2507.448730 58 63 61 
837.609375 -1103.765625 2505.000000 59 64 62 
833.695312 -1103.765625 2505.000000 59 65 63 
828.971680 -1102.688843 2502.556152 60 64 63 
824.257324 -1101.614014 2500.116943 60 64 63 
817.959167 -1098.402344 2492.827881 60 64 63 
813.273804 -1097.335938 2490.407715 61 64 63 
805.472473 -1092.034790 2478.376709 63 65 64 
800.054016 -1089.928589 2473.596924 63 65 64 
795.421997 -1088.878662 2471.213867 63 65 64 
790.038452 -1086.784668 2466.461426 65 67 66 
786.184631 -1086.784668 2466.461426 67 69 68 
783.083740 -1087.830566 2468.835449 67 69 68 
780.729004 -1089.928589 2473.596924 67 69 68 
779.117981 -1093.090942 2480.773682 67 69 68 
779.008728 -1098.402344 2492.827881 66 68 67 
778.138550 -1102.688843 2502.556152 66 68 67 
775.741943 -1104.844604 2507.448730 65 67 66 
775.614929 -1110.271118 2519.764160 64 66 65 
776.252991 -1116.853760 2534.703613 63 65 64 
774.588684 -1120.174438 2542.239746 64 66 65 
771.380981 -1121.285767 2544.761963 63 65 64 
767.404785 -1121.285767 2544.761963 60 62 61 
763.428589 -1121.285767 2544.761963 51 55 57 
759.452393 -1121.285767 2544.761963 39 44 48 
755.476196 -1121.285767 2544.761963 33 38 42 
751.500000 -1121.285767 2544.761963 33 38 41 
748.266113 -1122.399170 2547.289062 36 39 42 
744.286011 -1122.399170 2547.289062 39 40 42 
739.571411 -1121.285767 2544.761963 42 41 41 
735.595215 -1121.285767 2544.761963 44 43 41 
731.619019 -1121.285767 2544.761963 47 46 45 
727.642883 -1121.285767 2544.761963 49 49 49 
724.385315 -1122.399170 2547.289062 50 50 50 
721.838806 -1124.632812 2552.358154 52 52 52 
718.565735 -1125.752930 2554.900391 52 52 52 
716.715271 -1129.126831 2562.557373 54 54 54 
710.581665 -1125.752930 2554.900391 55 55 55 
705.886597 -1124.632812 2552.358154 57 57 57 
699.809509 -1121.285767 2544.761963 59 60 56 
695.143738 -1120.174438 2542.239746 60 61 57 
691.171448 -1120.174438 2542.239746 61 61 60 
685.162048 -1116.853760 2534.703613 62 62 62 
671.929443 -1108.094116 2514.823486 62 62 63 
655.784424 -1087.830566 2468.835449 63 63 66 
650.674377 -1085.740601 2464.092285 64 63 68 
646.824219 -1085.740601 2464.092285 65 65 67 
642.974060 -1085.740601 2464.092285 66 66 66 
639.123901 -1085.740601 2464.092285 67 67 67 
634.664124 -1084.698608 2461.727539 68 68 68 
630.817688 -1084.698608 2461.727539 67 67 67 
626.971191 -1084.698608 2461.727539 67 67 67 
622.527344 -1083.658691 2459.367188 68 68 68 
618.684570 -1083.658691 2459.367188 66 66 67 
505.356537 -1638.052124 3717.565186 41 44 46 
499.547821 -1638.052124 3717.565186 43 43 52 
495.174408 -1642.813965 3728.372070 45 44 52 
490.061127 -1645.205200 3733.799072 49 50 49 
484.932953 -1647.603516 3739.241943 49 54 52 
-480.959991 -2055.010986 4663.854492 27 28 32 
-488.247284 -2055.010986 4663.854492 23 26 29 
-493.739136 -2047.565186 4646.956543 23 26 29 
-499.191345 -2040.173340 4630.180664 26 30 32 
-502.795685 -2025.548340 4596.989258 30 34 36 
-508.157135 -2018.314331 4580.571289 26 30 32 
-515.314270 -2018.314331 4580.571289 21 22 23 
-521.540100 -2014.716553 4572.406250 21 21 21 
-528.684509 -2014.716553 4572.406250 22 22 22 
-534.875427 -2011.131714 4564.270508 33 33 33 
-541.044434 -2007.559448 4556.163574 44 44 44 
-548.163391 -2007.559448 4556.163574 47 47 47 
-556.270447 -2011.131714 4564.270508 48 48 48 
-879.306152 -1922.204102 4362.449219 52 52 50 
-884.617981 -1918.940552 4355.042480 60 60 58 
-891.422729 -1918.940552 4355.042480 66 66 64 
-898.227478 -1918.940552 4355.042480 66 66 64 
-905.032288 -1918.940552 4355.042480 65 65 63 
-911.837036 -1918.940552 4355.042480 62 62 60 
-920.204102 -1922.204102 4362.449219 61 61 59 
-925.446533 -1918.940552 4355.042480 62 64 63 
-932.251282 -1918.940552 4355.042480 64 65 64 
-935.878174 -1912.446655 4340.304688 64 64 61 
-942.659912 -1912.446655 4340.304688 63 61 57 
-949.441650 -1912.446655 4340.304688 63 59 54 
-1083.558105 -1095.209351 2485.581299 67 67 65 
-1080.115479 -1087.830566 2468.835449 68 68 66 
-1080.852173 -1084.698608 2461.727539 68 68 66 
-1081.584717 -1081.584717 2454.660400 68 68 66 
-1084.382446 -1080.550659 2452.313477 68 68 66 
-1088.214111 -1080.550659 2452.313477 67 67 65 
-1091.002808 -1079.518677 2449.971436 66 66 64 
-1094.830933 -1079.518677 2449.971436 66 66 64 
-1097.610718 -1078.488525 2447.633545 65 65 63 
-1101.435059 -1078.488525 2447.633545 64 61 61 
-1103.154297 -1076.434326 2442.971436 58 57 57 
-1106.971436 -1076.434326 2442.971436 54 58 57 
-1109.731689 -1075.410034 2440.646973 56 64 62 
-1113.545166 -1075.410034 2440.646973 59 68 65 
-1116.296631 -1074.387817 2438.326904 61 67 65 
-1117.981079 -1072.349121 2433.700195 65 67 66 
-1119.659058 -1070.318237 2429.090820 69 66 67 
-1123.454590 -1070.318237 2429.090820 67 67 67 
884.985291 -1105.248291 2517.291504 65 71 69 
879.326172 -1103.083252 2512.360352 64 70 70 
874.544006 -1102.003906 2509.902100 64 70 70 
869.771240 -1100.926636 2507.448730 63 69 69 
865.853394 -1100.926636 2507.448730 62 68 68 
861.935486 -1100.926636 2507.448730 61 67 67 
858.017578 -1100.926636 2507.448730 60 66 66 
854.099731 -1100.926636 2507.448730 59 65 65 
850.181824 -1100.926636 2507.448730 57 64 63 
846.263916 -1100.926636 2507.448730 56 63 62 
841.523438 -1099.851562 2505.000000 56 64 61 
837.609375 -1099.851562 2505.000000 57 65 62 
832.881958 -1098.778564 2502.556152 58 65 63 
828.163757 -1097.707642 2500.116943 61 64 63 
823.454712 -1096.638794 2497.682617 62 64 63 
817.959167 -1094.507324 2492.827881 62 64 63 
812.484985 -1092.384155 2487.992188 62 64 63 
805.472473 -1088.162354 2478.376709 63 65 64 
800.054016 -1086.063599 2473.596924 63 65 64 
795.421997 -1085.017334 2471.213867 63 65 64 
790.038452 -1082.930786 2466.461426 65 67 66 
786.184631 -1082.930786 2466.461426 66 69 68 
782.330750 -1082.930786 2466.461426 67 69 68 
779.226196 -1083.973022 2468.835449 67 69 68 
777.613892 -1087.111938 2475.984619 67 69 68 
778.252441 -1093.444702 2490.407715 66 68 67 
778.898438 -1099.851562 2505.000000 66 68 67 
774.984375 -1099.851562 2505.000000 65 67 66 
774.853760 -1105.248291 2517.291504 64 66 65 
776.252991 -1112.893311 2534.703613 63 65 64 
773.821777 -1115.097046 2539.722656 64 66 65 
771.380981 -1117.309570 2544.761963 63 65 64 
767.404785 -1117.309570 2544.761963 60 62 61 
763.428589 -1117.309570 2544.761963 52 56 59 
759.452393 -1117.309570 2544.761963 41 46 50 
755.476196 -1117.309570 2544.761963 33 39 43 
751.500000 -1117.309570 2544.761963 32 37 41 
748.266113 -1118.419067 2547.289062 35 39 42 
744.286011 -1118.419067 2547.289062 39 40 42 
739.571411 -1117.309570 2544.761963 41 41 41 
735.595215 -1117.309570 2544.761963 44 43 41 
731.619019 -1117.309570 2544.761963 47 46 45 
727.642883 -1117.309570 2544.761963 49 49 49 
724.385315 -1118.419067 2547.289062 50 50 50 
721.838806 -1120.644775 2552.358154 52 52 52 
720.719299 -1125.122925 2562.557373 52 52 52 
706.589661 -1121.760986 2554.900391 57 57 56 
701.200806 -1119.530762 2549.821045 59 60 56 
695.833313 -1117.309570 2544.761963 60 61 57 
691.857117 -1117.309570 2544.761963 61 61 60 
686.518799 -1115.097046 2539.722656 62 62 62 
673.249512 -1106.333984 2519.764160 62 62 63 
655.784424 -1083.973022 2468.835449 63 63 66 
650.674377 -1081.890503 2464.092285 64 63 68 
646.824219 -1081.890503 2464.092285 65 65 67 
642.974060 -1081.890503 2464.092285 66 66 66 
638.510559 -1080.852173 2461.727539 67 67 67 
634.664124 -1080.852173 2461.727539 68 68 68 
630.212830 -1079.815918 2459.367188 67 67 67 
626.370117 -1079.815918 2459.367188 67 67 67 
622.527344 -1079.815918 2459.367188 68 68 68 
618.684570 -1079.815918 2459.367188 67 67 67 
509.687866 -1627.526001 3706.820801 39 44 40 
503.895966 -1627.526001 3706.820801 41 44 45 
499.547821 -1632.243530 3717.565186 43 43 52 
495.174408 -1636.988403 3728.372070 45 44 51 
490.061127 -1639.371216 3733.799072 49 50 49 
484.932953 -1641.760986 3739.241943 49 53 52 
475.022217 -1668.515503 3800.177734 7 27 45 
468.390533 -1666.047363 3794.556152 10 30 47 
463.146667 -1668.515503 3800.177734 15 31 51 
-480.959991 -2047.723633 4663.854492 25 27 33 
-488.247284 -2047.723633 4663.854492 21 25 30 
-493.739136 -2040.304321 4646.956543 17 25 29 
-499.191345 -2032.938599 4630.180664 19 27 31 
-502.795685 -2018.365601 4596.989258 23 31 35 
-508.157135 -2011.157104 4580.571289 19 27 31 
-515.314270 -2011.157104 4580.571289 19 21 22 
-521.540100 -2007.572144 4572.406250 21 21 21 
-528.684509 -2007.572144 4572.406250 22 22 22 
-534.875427 -2004.000000 4564.270508 33 33 33 
-541.044434 -2000.440552 4556.163574 44 44 44 
-548.163391 -2000.440552 4556.163574 46 46 46 
-879.306152 -1915.387817 4362.449219 58 58 56 
-886.122437 -1915.387817 4362.449219 64 64 62 
-891.422729 -1912.135864 4355.042480 66 66 64 
-898.227478 -1912.135864 4355.042480 65 65 63 
-905.032288 -1912.135864 4355.042480 65 66 63 
-911.837036 -1912.135864 4355.042480 62 62 60 
-918.641785 -1912.135864 4355.042480 61 61 59 
-925.446533 -1912.135864 4355.042480 62 64 63 
-930.671204 -1908.894897 4347.661133 64 65 64 
-935.878174 -1905.664917 4340.304688 65 65 62 
-942.659912 -1905.664917 4340.304688 64 63 59 
-1082.822144 -1094.507324 2492.827881 68 68 66 
-1082.509155 -1090.269165 2483.175293 68 68 66 
-1080.115479 -1083.973022 2468.835449 68 68 66 
-1079.815918 -1079.815918 2459.367188 68 68 66 
-1080.550659 -1076.718872 2452.313477 68 68 66 
-1084.382446 -1076.718872 2452.313477 68 68 66 
-1087.174805 -1075.690552 2449.971436 67 67 65 
-1089.961792 -1074.664185 2447.633545 66 66 64 
-1091.702881 -1072.617188 2442.971436 65 65 63 
-1095.520020 -1072.617188 2442.971436 64 64 62 
-1099.337158 -1072.617188 2442.971436 63 61 61 
-1102.104614 -1071.596558 2440.646973 58 57 57 
-1105.918213 -1071.596558 2440.646973 55 59 57 
-1108.676758 -1070.578003 2438.326904 58 66 63 
-1112.486694 -1070.578003 2438.326904 59 68 65 
-1115.236450 -1069.561279 2436.011475 61 67 65 
-1117.981079 -1068.546509 2433.700195 65 67 66 
-1119.659058 -1066.522705 2429.090820 69 66 67 
-1123.454590 -1066.522705 2429.090820 67 67 67 
884.117676 -1100.235352 2514.823486 65 71 71 
878.465759 -1098.082153 2509.902100 64 70 70 
873.689148 -1097.008789 2507.448730 64 70 70 
868.921875 -1095.937500 2505.000000 63 69 69 
865.007812 -1095.937500 2505.000000 62 68 68 
861.093750 -1095.937500 2505.000000 62 68 68 
857.179688 -1095.937500 2505.000000 61 67 67 
853.265625 -1095.937500 2505.000000 60 66 66 
849.351562 -1095.937500 2505.000000 59 65 65 
845.437500 -1095.937500 2505.000000 58 63 62 
841.523438 -1095.937500 2505.000000 59 63 61 
837.609375 -1095.937500 2505.000000 60 64 62 
832.881958 -1094.868286 2502.556152 60 65 63 
828.163757 -1093.801147 2500.116943 62 64 63 
822.653687 -1091.673096 2495.252930 62 64 63 
817.165039 -1089.553345 2490.407715 62 64 63 
812.484985 -1088.496582 2487.992188 62 64 63 
804.695007 -1083.243286 2475.984619 62 66 64 
800.054016 -1082.198608 2473.596924 62 66 65 
794.656372 -1080.115479 2468.835449 62 66 65 
790.038452 -1079.076904 2466.461426 62 67 65 
785.429382 -1078.040405 2464.092285 65 68 67 
781.579224 -1078.040405 2464.092285 67 69 68 
778.476929 -1079.076904 2466.461426 68 68 68 
776.115601 -1081.156128 2471.213867 69 68 68 
778.252441 -1089.553345 2490.407715 68 68 68 
778.898438 -1095.937500 2505.000000 66 68 67 
774.984375 -1095.937500 2505.000000 65 67 66 
774.853760 -1101.315063 2517.291504 65 67 66 
776.252991 -1108.932861 2534.703613 64 66 65 
773.821777 -1111.128662 2539.722656 64 66 65 
770.616455 -1112.229980 2542.239746 63 65 64 
767.404785 -1113.333374 2544.761963 61 64 63 
763.428589 -1113.333374 2544.761963 52 59 61 
759.452393 -1113.333374 2544.761963 40 49 52 
755.476196 -1113.333374 2544.761963 32 40 43 
751.500000 -1113.333374 2544.761963 31 37 41 
747.523804 -1113.333374 2544.761963 34 38 41 
743.547607 -1113.333374 2544.761963 38 41 42 
739.571411 -1113.333374 2544.761963 41 42 41 
735.595215 -1113.333374 2544.761963 44 44 41 
731.619019 -1113.333374 2544.761963 47 47 46 
727.642883 -1113.333374 2544.761963 49 49 49 
724.385315 -1114.438965 2547.289062 50 50 50 
721.838806 -1116.656738 2552.358154 52 52 52 
720.719299 -1121.118896 2562.557373 53 53 53 
718.869751 -1124.489014 2570.260498 54 54 54 
714.853699 -1124.489014 2570.260498 55 55 55 
707.294128 -1118.883301 2557.447754 56 56 56 
701.898499 -1116.656738 2552.358154 58 58 57 
695.833313 -1113.333374 2544.761963 59 59 58 
691.857117 -1113.333374 2544.761963 60 60 59 
655.784424 -1080.115479 2468.835449 63 63 64 
650.674377 -1078.040405 2464.092285 63 63 64 
646.824219 -1078.040405 2464.092285 65 65 65 
642.356995 -1077.005737 2461.727539 66 66 66 
638.510559 -1077.005737 2461.727539 66 66 66 
634.055603 -1075.973145 2459.367188 67 67 67 
630.212830 -1075.973145 2459.367188 67 67 67 
626.370117 -1075.973145 2459.367188 68 68 68 
621.931030 -1074.942505 2457.011475 68 68 68 
618.684570 -1075.973145 2459.367188 67 68 67 
509.687866 -1621.734131 3706.820801 40 42 41 
503.895966 -1621.734131 3706.820801 40 42 42 
499.547821 -1626.434814 3717.565186 43 43 46 
495.174408 -1631.162842 3728.372070 45 43 47 
489.348846 -1631.162842 3728.372070 50 47 52 
484.227081 -1633.537109 3733.799072 51 52 57 
475.022217 -1662.577759 3800.177734 13 26 40 
467.698669 -1657.666138 3788.951172 11 28 43 
463.146667 -1662.577759 3800.177734 13 31 47 
-481.836060 -2044.152954 4672.349609 24 26 29 
-489.136627 -2044.152954 4672.349609 19 22 25 
-494.635223 -2036.733276 4655.390137 18 22 25 
-498.291901 -2022.054077 4621.837891 19 23 26 
-502.795685 -2011.182739 4596.989258 21 25 28 
-508.157135 -2004.000000 4580.571289 20 24 26 
-514.395752 -2000.427856 4572.406250 19 21 22 
-521.540100 -2000.427856 4572.406250 19 21 20 
-527.743774 -1996.868286 4564.270508 21 23 22 
-533.925415 -1993.321533 4556.163574 33 34 34 
-540.085083 -1989.787231 4548.084961 43 44 44 
-547.191467 -1989.787231 4548.084961 46 47 47 
-879.306152 -1908.571411 4362.449219 58 61 57 
-886.122437 -1908.571411 4362.449219 63 64 61 
-891.422729 -1905.331055 4355.042480 65 65 62 
-898.227478 -1905.331055 4355.042480 64 67 63 
-905.032288 -1905.331055 4355.042480 64 68 63 
-911.837036 -1905.331055 4355.042480 61 63 60 
-918.641785 -1905.331055 4355.042480 62 63 60 
-925.446533 -1905.331055 4355.042480 63 66 63 
-930.671204 -1902.101685 4347.661133 63 66 63 
-935.878174 -1898.883301 4340.304688 62 65 61 
-1082.822144 -1090.612305 2492.827881 69 69 67 
-1081.462280 -1085.338501 2480.773682 69 69 67 
-1079.076904 -1079.076904 2466.461426 68 68 66 
-1078.781616 -1074.942505 2457.011475 67 67 65 
-1080.550659 -1072.887207 2452.313477 67 67 65 
-1083.346680 -1071.862427 2449.971436 67 67 65 
-1085.102051 -1069.818848 2445.300293 67 67 65 
-1087.885742 -1068.800049 2442.971436 67 67 65 
-1090.664185 -1067.783081 2440.646973 65 65 63 
-1094.477661 -1067.783081 2440.646973 63 63 61 
-1098.291138 -1067.783081 2440.646973 62 60 60 
-1101.057007 -1066.768066 2438.326904 56 55 56 
-1104.866943 -1066.768066 2438.326904 55 59 58 
-1108.676758 -1066.768066 2438.326904 58 66 63 
-1112.486694 -1066.768066 2438.326904 60 68 65 
-1115.236450 -1065.755005 2436.011475 62 68 66 
-1117.981079 -1064.743774 2433.700195 65 67 66 
-1121.783691 -1064.743774 2433.700195 68 66 66 
877.607056 -1093.090942 2507.448730 64 70 70 
872.835938 -1092.023438 2505.000000 64 70 70 
868.921875 -1092.023438 2505.000000 63 69 69 
865.007812 -1092.023438 2505.000000 62 68 68 
861.093750 -1092.023438 2505.000000 63 69 69 
857.179688 -1092.023438 2505.000000 62 68 68 
853.265625 -1092.023438 2505.000000 61 67 67 
849.351562 -1092.023438 2505.000000 59 65 65 
845.437500 -1092.023438 2505.000000 60 63 62 
841.523438 -1092.023438 2505.000000 60 62 61 
836.792175 -1090.958008 2502.556152 61 63 62 
832.070190 -1089.894775 2500.116943 62 64 63 
827.357361 -1088.833496 2497.682617 62 64 63 
821.854248 -1086.717163 2492.827881 62 64 63 
816.372437 -1084.609131 2487.992188 62 64 63 
811.697693 -1083.558105 2485.581299 62 64 63 
804.695007 -1079.374512 2475.984619 61 66 64 
799.283264 -1077.294800 2471.213867 61 67 65 
793.892334 -1075.223022 2466.461426 61 67 65 
788.522095 -1073.159302 2461.727539 61 67 65 
784.675598 -1073.159302 2461.727539 64 68 67 
780.829163 -1073.159302 2461.727539 67 69 68 
777.729126 -1074.190186 2464.092285 68 68 68 
775.368652 -1076.257935 2468.835449 69 67 68 
773.745178 -1079.374512 2475.984619 68 68 68 
777.380127 -1089.894775 2500.116943 67 69 68 
777.261536 -1095.232178 2512.360352 66 68 67 
774.853760 -1097.381714 2517.291504 65 67 66 
775.486694 -1103.881592 2532.201416 65 67 66 
773.056396 -1106.065308 2537.210693 65 67 66 
769.853455 -1107.160400 2539.722656 64 66 65 
766.644226 -1108.257690 2542.239746 62 65 64 
762.671936 -1108.257690 2542.239746 53 61 62 
759.452393 -1109.357178 2544.761963 41 51 53 
755.476196 -1109.357178 2544.761963 32 41 43 
751.500000 -1109.357178 2544.761963 31 37 40 
747.523804 -1109.357178 2544.761963 33 37 40 
743.547607 -1109.357178 2544.761963 38 41 42 
739.571411 -1109.357178 2544.761963 40 42 41 
735.595215 -1109.357178 2544.761963 44 44 42 
731.619019 -1109.357178 2544.761963 48 48 46 
727.642883 -1109.357178 2544.761963 49 49 49 
723.666687 -1109.357178 2544.761963 50 50 50 
721.121277 -1111.562622 2549.821045 52 52 52 
720.000000 -1116.000000 2560.000000 53 53 53 
718.869751 -1120.472900 2570.260498 54 54 54 
714.853699 -1120.472900 2570.260498 55 55 55 
707.294128 -1114.887329 2557.447754 56 56 56 
701.898499 -1112.668701 2552.358154 57 57 57 
695.833313 -1109.357178 2544.761963 58 58 58 
691.857117 -1109.357178 2544.761963 59 59 59 
655.153870 -1075.223022 2466.461426 63 63 63 
650.674377 -1074.190186 2464.092285 63 63 63 
646.203430 -1073.159302 2461.727539 65 65 65 
642.356995 -1073.159302 2461.727539 66 66 66 
637.898376 -1072.130371 2459.367188 66 66 66 
634.055603 -1072.130371 2459.367188 66 66 66 
629.609192 -1071.103394 2457.011475 67 67 67 
625.770142 -1071.103394 2457.011475 68 68 68 
621.931030 -1071.103394 2457.011475 68 68 68 
618.091980 -1071.103394 2457.011475 68 68 68 
508.952393 -1613.610352 3701.471924 40 40 41 
503.168823 -1613.610352 3701.471924 40 41 41 
498.824890 -1618.280762 3712.185303 42 42 42 
495.174408 -1625.337158 3728.372070 45 43 45 
489.348846 -1625.337158 3728.372070 51 46 52 
484.227081 -1627.703003 3733.799072 53 51 58 
480.491241 -1634.842163 3750.175537 46 51 55 
479.539154 -1651.745972 3788.951172 27 38 41 
473.618896 -1651.745972 3788.951172 16 28 38 
467.698669 -1651.745972 3788.951172 11 27 43 
461.778442 -1651.745972 3788.951172 11 31 46 
-494.635223 -2029.459229 4655.390137 19 20 22 
-498.291901 -2014.832397 4621.837891 19 20 22 
-501.896240 -2000.415039 4588.765625 19 20 22 
-507.251343 -1993.283447 4572.406250 19 20 22 
-513.480408 -1989.736694 4564.270508 19 20 20 
-520.612122 -1989.736694 4564.270508 19 21 20 
-526.806396 -1986.202515 4556.163574 21 23 22 
-532.978699 -1982.680908 4548.084961 33 35 34 
-540.085083 -1982.680908 4548.084961 43 45 44 
-886.122437 -1901.755127 4362.449219 62 64 62 
-891.422729 -1898.526367 4355.042480 65 66 64 
-898.227478 -1898.526367 4355.042480 63 67 64 
-905.032288 -1898.526367 4355.042480 63 67 64 
-911.837036 -1898.526367 4355.042480 60 62 60 
-918.641785 -1898.526367 4355.042480 62 61 60 
-923.877991 -1895.308472 4347.661133 62 63 61 
-929.096436 -1892.101562 4340.304688 61 62 59 
-935.878174 -1892.101562 4340.304688 60 61 59 
-1082.822144 -1086.717163 2492.827881 71 71 69 
-1080.417358 -1080.417358 2478.376709 71 71 69 
-1079.076904 -1075.223022 2466.461426 69 69 67 
-1078.781616 -1071.103394 2457.011475 68 68 66 
-1080.550659 -1069.055420 2452.313477 68 68 66 
-1081.281250 -1065.998047 2445.300293 68 68 66 
-1083.037109 -1063.969604 2440.646973 68 68 66 
-1086.850586 -1063.969604 2440.646973 67 67 65 
-1089.627319 -1062.958130 2438.326904 65 65 63 
-1093.437256 -1062.958130 2438.326904 63 63 61 
-1097.247192 -1062.958130 2438.326904 62 59 59 
-1101.057007 -1062.958130 2438.326904 55 54 55 
-1104.866943 -1062.958130 2438.326904 55 59 58 
-1108.676758 -1062.958130 2438.326904 58 66 64 
-1111.430176 -1061.948730 2436.011475 60 69 66 
-1115.236450 -1061.948730 2436.011475 62 68 66 
-1117.981079 -1060.941162 2433.700195 65 66 66 
-1121.783691 -1060.941162 2433.700195 68 65 66 
877.607056 -1089.172974 2507.448730 64 70 70 
872.835938 -1088.109375 2505.000000 64 70 70 
868.921875 -1088.109375 2505.000000 63 69 69 
865.007812 -1088.109375 2505.000000 62 68 68 
861.093750 -1088.109375 2505.000000 63 69 69 
857.179688 -1088.109375 2505.000000 62 68 68 
853.265625 -1088.109375 2505.000000 61 67 67 
849.351562 -1088.109375 2505.000000 59 65 65 
845.437500 -1088.109375 2505.000000 60 63 62 
841.523438 -1088.109375 2505.000000 60 62 61 
836.792175 -1087.047852 2502.556152 61 63 62 
832.070190 -1085.988281 2500.116943 62 64 63 
826.552551 -1083.875488 2495.252930 62 64 63 
821.056335 -1081.770874 2490.407715 62 64 63 
816.372437 -1080.721680 2487.992188 62 64 63 
810.127686 -1077.586060 2480.773682 62 64 63 
803.919006 -1074.468628 2473.596924 61 66 64 
798.513977 -1072.400391 2468.835449 61 67 65 
793.892334 -1071.369263 2466.461426 61 67 65 
788.522095 -1069.312866 2461.727539 61 67 65 
784.675598 -1069.312866 2461.727539 64 68 67 
780.829163 -1069.312866 2461.727539 67 69 68 
776.982727 -1069.312866 2461.727539 68 68 68 
774.623108 -1071.369263 2466.461426 69 67 68 
772.254333 -1073.433472 2471.213867 68 68 68 
776.623169 -1084.930908 2497.682617 67 69 68 
777.261536 -1091.306519 2512.360352 66 68 67 
773.335938 -1091.306519 2512.360352 65 67 66 
775.486694 -1099.924927 2532.201416 65 67 66 
773.056396 -1102.100952 2537.210693 65 67 66 
769.853455 -1103.192139 2539.722656 64 66 65 
765.885132 -1103.192139 2539.722656 62 65 64 
762.671936 -1104.285400 2542.239746 54 63 64 
758.699707 -1104.285400 2542.239746 43 53 55 
754.727478 -1104.285400 2542.239746 33 41 44 
751.500000 -1105.380981 2544.761963 31 37 40 
747.523804 -1105.380981 2544.761963 33 37 40 
743.547607 -1105.380981 2544.761963 38 41 42 
739.571411 -1105.380981 2544.761963 40 42 41 
735.595215 -1105.380981 2544.761963 44 44 42 
730.893982 -1104.285400 2542.239746 48 48 46 
726.921692 -1104.285400 2542.239746 49 49 49 
723.666687 -1105.380981 2544.761963 50 50 50 
720.405151 -1106.478638 2547.289062 52 52 52 
718.565735 -1109.784912 2554.900391 53 53 53 
718.869751 -1116.456909 2570.260498 54 54 54 
714.853699 -1116.456909 2570.260498 55 55 55 
707.294128 -1110.891357 2557.447754 56 56 56 
701.200806 -1107.578491 2549.821045 57 57 57 
697.216675 -1107.578491 2549.821045 58 58 58 
662.831726 -1077.586060 2480.773682 62 62 62 
655.153870 -1071.369263 2466.461426 63 63 63 
650.049927 -1069.312866 2461.727539 64 64 64 
646.203430 -1069.312866 2461.727539 65 65 65 
641.741150 -1068.287598 2459.367188 66 66 66 
637.898376 -1068.287598 2459.367188 66 66 66 
633.448303 -1067.264404 2457.011475 66 66 66 
629.609192 -1067.264404 2457.011475 67 67 67 
625.171265 -1066.243042 2454.660400 68 68 68 
621.335876 -1066.243042 2454.660400 68 68 68 
618.091980 -1067.264404 2457.011475 68 68 68 
614.252869 -1067.264404 2457.011475 65 66 66 
508.952393 -1607.826782 3701.471924 40 40 43 
503.168823 -1607.826782 3701.471924 39 39 42 
498.824890 -1612.480469 3712.185303 40 40 43 
495.174408 -1619.511597 3728.372070 45 42 46 
489.348846 -1619.511597 3728.372070 50 46 51 
484.227081 -1621.869019 3733.799072 53 52 56 
479.789795 -1626.604370 3744.700684 47 52 54 
475.326508 -1631.367554 3755.666260 29 40 41 
472.920349 -1643.398193 3783.362793 16 29 40 
467.008850 -1643.398193 3783.362793 9 27 44 
461.097351 -1643.398193 3783.362793 9 31 47 
455.185852 -1643.398193 3783.362793 21 39 50 
-498.291901 -2007.610840 4621.837891 19 20 22 
-501.896240 -1993.245117 4588.765625 18 19 21 
-508.157135 -1989.685669 4580.571289 17 18 20 
-513.480408 -1982.604980 4564.270508 18 20 20 
-520.612122 -1982.604980 4564.270508 19 21 20 
-527.743774 -1982.604980 4564.270508 21 23 22 
-533.925415 -1979.083496 4556.163574 33 35 34 
-886.122437 -1894.938721 4362.449219 59 64 63 
-891.422729 -1891.721558 4355.042480 62 64 64 
-898.227478 -1891.721558 4355.042480 62 64 63 
-905.032288 -1891.721558 4355.042480 61 63 63 
-911.837036 -1891.721558 4355.042480 59 58 59 
-918.641785 -1891.721558 4355.042480 60 57 59 
-923.877991 -1888.515259 4347.661133 60 59 58 
-929.096436 -1885.319824 4340.304688 59 59 57 
-935.878174 -1885.319824 4340.304688 60 59 57 
-1081.770874 -1081.770874 2490.407715 72 72 70 
-1079.374512 -1075.505737 2475.984619 72 72 70 
-1078.040405 -1070.340088 2464.092285 70 70 68 
-1077.749268 -1066.243042 2454.660400 69 69 67 
-1077.460449 -1062.177368 2445.300293 69 69 67 
-1079.223633 -1060.156006 2440.646973 69 69 67 
-1082.007568 -1059.148315 2438.326904 69 69 67 
-1085.817505 -1059.148315 2438.326904 68 68 66 
-1089.627319 -1059.148315 2438.326904 66 66 64 
-1093.437256 -1059.148315 2438.326904 64 63 62 
-1096.205078 -1058.142456 2436.011475 61 58 58 
-1100.011353 -1058.142456 2436.011475 55 53 54 
-1103.817627 -1058.142456 2436.011475 55 59 58 
-1107.623901 -1058.142456 2436.011475 59 67 65 
-1111.430176 -1058.142456 2436.011475 60 69 66 
-1115.236450 -1058.142456 2436.011475 62 68 66 
-1116.921387 -1056.136475 2431.393311 65 66 66 
-1120.720337 -1056.136475 2431.393311 68 65 66 
877.607056 -1085.255127 2507.448730 64 70 70 
872.835938 -1084.195312 2505.000000 64 69 70 
868.921875 -1084.195312 2505.000000 63 69 69 
865.007812 -1084.195312 2505.000000 62 68 68 
861.093750 -1084.195312 2505.000000 63 69 69 
857.179688 -1084.195312 2505.000000 62 68 68 
853.265625 -1084.195312 2505.000000 61 67 67 
849.351562 -1084.195312 2505.000000 60 65 65 
845.437500 -1084.195312 2505.000000 60 63 62 
841.523438 -1084.195312 2505.000000 60 62 61 
836.792175 -1083.137573 2502.556152 61 63 62 
831.260010 -1081.028198 2497.682617 62 64 63 
826.552551 -1079.976685 2495.252930 62 64 63 
821.056335 -1077.879639 2490.407715 62 64 63 
815.581421 -1075.790649 2485.581299 62 64 63 
810.127686 -1073.709839 2480.773682 62 64 63 
803.144531 -1069.572266 2471.213867 61 66 64 
798.513977 -1068.542847 2468.835449 61 67 65 
793.892334 -1067.515381 2466.461426 61 67 65 
788.522095 -1065.466431 2461.727539 61 67 65 
784.675598 -1065.466431 2461.727539 64 68 67 
780.829163 -1065.466431 2461.727539 67 69 68 
776.982727 -1065.466431 2461.727539 68 68 68 
773.878967 -1066.489868 2464.092285 69 67 68 
771.511047 -1068.542847 2468.835449 68 68 68 
773.610107 -1076.834106 2487.992188 67 69 68 
774.984375 -1084.195312 2505.000000 66 68 67 
772.579285 -1086.317017 2509.902100 65 67 66 
774.721924 -1094.887573 2529.704102 65 67 66 
772.292480 -1097.051392 2534.703613 65 67 66 
769.091980 -1098.136475 2537.210693 64 66 65 
765.885132 -1099.223755 2539.722656 63 65 64 
761.916809 -1099.223755 2539.722656 56 64 65 
758.699707 -1100.313232 2542.239746 44 54 56 
754.727478 -1100.313232 2542.239746 33 42 44 
750.755188 -1100.313232 2542.239746 31 37 40 
746.782959 -1100.313232 2542.239746 33 37 40 
743.547607 -1101.404785 2544.761963 38 41 42 
738.838440 -1100.313232 2542.239746 40 42 41 
734.866211 -1100.313232 2542.239746 44 44 42 
730.893982 -1100.313232 2542.239746 48 48 46 
726.921692 -1100.313232 2542.239746 49 49 49 
722.949463 -1100.313232 2542.239746 50 50 50 
719.690491 -1101.404785 2544.761963 52 52 52 
717.850769 -1104.692505 2552.358154 53 53 53 
715.286133 -1106.895264 2557.447754 54 54 54 
711.290161 -1106.895264 2557.447754 55 55 55 
706.589661 -1105.792847 2554.900391 56 56 56 
701.200806 -1103.594482 2549.821045 57 57 57 
697.216675 -1103.594482 2549.821045 58 58 58 
662.831726 -1073.709839 2480.773682 62 62 62 
655.153870 -1067.515381 2466.461426 64 64 64 
650.049927 -1065.466431 2461.727539 65 65 65 
646.203430 -1065.466431 2461.727539 66 66 66 
641.741150 -1064.444824 2459.367188 66 66 66 
637.898376 -1064.444824 2459.367188 66 66 66 
633.448303 -1063.425293 2457.011475 66 66 66 
629.006714 -1062.407715 2454.660400 67 67 67 
625.171265 -1062.407715 2454.660400 68 68 68 
621.335876 -1062.407715 2454.660400 68 68 68 
617.500488 -1062.407715 2454.660400 68 68 68 
614.252869 -1063.425293 2457.011475 66 67 67 
610.413818 -1063.425293 2457.011475 60 62 61 
606.574707 -1063.425293 2457.011475 54 56 55 
509.687866 -1604.358398 3706.820801 40 40 44 
503.895966 -1604.358398 3706.820801 38 38 42 
499.547821 -1609.008667 3717.565186 39 38 43 
495.174408 -1613.686035 3728.372070 44 41 47 
489.348846 -1613.686035 3728.372070 50 46 50 
484.227081 -1616.034912 3733.799072 53 52 55 
479.789795 -1620.753296 3744.700684 47 53 54 
475.326508 -1625.499268 3755.666260 30 42 42 
472.920349 -1637.486694 3783.362793 16 30 42 
467.008850 -1637.486694 3783.362793 8 26 46 
459.741180 -1632.670532 3772.235352 8 30 48 
453.847046 -1632.670532 3772.235352 20 39 51 
433.792694 -1692.402466 3910.243896 81 81 79 
427.682922 -1692.402466 3910.243896 81 81 79 
-497.395691 -1996.791382 4613.525391 22 23 25 
-503.698395 -1993.206421 4605.242188 20 21 23 
-508.157135 -1982.528564 4580.571289 19 20 21 
-884.617981 -1884.916870 4355.042480 55 61 61 
-891.422729 -1884.916870 4355.042480 57 60 62 
-898.227478 -1884.916870 4355.042480 59 60 62 
-905.032288 -1884.916870 4355.042480 61 59 62 
-910.291504 -1881.722046 4347.661133 58 54 58 
-917.084717 -1881.722046 4347.661133 60 55 59 
-923.877991 -1881.722046 4347.661133 62 59 59 
-929.096436 -1878.538086 4340.304688 62 60 58 
-934.297302 -1875.364868 4332.973145 63 61 59 
-1081.770874 -1077.879639 2490.407715 74 74 72 
-1077.294800 -1069.572266 2471.213867 73 73 71 
-1077.005737 -1065.466431 2461.727539 72 72 70 
-1075.690552 -1060.378174 2449.971436 71 71 69 
-1076.434326 -1057.348633 2442.971436 71 71 69 
-1078.197754 -1055.338379 2438.326904 71 71 69 
-1080.980103 -1054.336182 2436.011475 70 70 68 
-1084.786377 -1054.336182 2436.011475 68 68 66 
-1088.592651 -1054.336182 2436.011475 66 66 64 
-1092.398804 -1054.336182 2436.011475 64 64 62 
-1096.205078 -1054.336182 2436.011475 60 58 58 
-1100.011353 -1054.336182 2436.011475 54 53 53 
-1103.817627 -1054.336182 2436.011475 56 59 58 
-1107.623901 -1054.336182 2436.011475 61 68 66 
-1111.430176 -1054.336182 2436.011475 61 69 66 
-1114.178345 -1053.335815 2433.700195 62 68 66 
-1116.921387 -1052.337402 2431.393311 65 67 66 
-1120.720337 -1052.337402 2431.393311 68 65 66 
876.750000 -1080.281250 2505.000000 65 68 69 
872.835938 -1080.281250 2505.000000 65 68 69 
868.921875 -1080.281250 2505.000000 65 68 69 
865.007812 -1080.281250 2505.000000 65 68 69 
861.093750 -1080.281250 2505.000000 65 68 69 
857.179688 -1080.281250 2505.000000 65 67 68 
853.265625 -1080.281250 2505.000000 63 66 67 
849.351562 -1080.281250 2505.000000 62 65 66 
845.437500 -1080.281250 2505.000000 61 63 63 
841.523438 -1080.281250 2505.000000 60 62 61 
836.792175 -1079.227295 2502.556152 61 63 62 
831.260010 -1077.125610 2497.682617 62 64 63 
825.749268 -1075.032104 2492.827881 62 64 63 
821.056335 -1073.988403 2490.407715 62 64 63 
815.581421 -1071.906982 2485.581299 62 64 63 
809.344910 -1068.800049 2478.376709 62 64 63 
803.144531 -1065.710938 2471.213867 60 65 66 
798.513977 -1064.685303 2468.835449 60 65 66 
793.892334 -1063.661499 2466.461426 60 66 65 
788.522095 -1061.619995 2461.727539 60 66 64 
784.675598 -1061.619995 2461.727539 63 67 65 
780.829163 -1061.619995 2461.727539 67 68 67 
776.982727 -1061.619995 2461.727539 68 68 66 
773.878967 -1062.639771 2464.092285 69 67 65 
770.769226 -1063.661499 2466.461426 68 68 67 
769.134033 -1066.738647 2473.596924 67 69 68 
774.228271 -1079.227295 2502.556152 67 69 68 
772.579285 -1082.395264 2509.902100 66 68 67 
774.721924 -1090.934937 2529.704102 65 67 66 
771.530090 -1092.011841 2532.201416 65 67 66 
768.332031 -1093.090942 2534.703613 64 66 65 
765.885132 -1095.255493 2539.722656 63 65 64 
761.916809 -1095.255493 2539.722656 58 63 65 
757.948486 -1095.255493 2539.722656 48 55 58 
753.980225 -1095.255493 2539.722656 36 42 46 
750.755188 -1096.340942 2542.239746 33 38 42 
746.782959 -1096.340942 2542.239746 34 38 41 
742.810730 -1096.340942 2542.239746 38 40 41 
738.838440 -1096.340942 2542.239746 42 42 42 
734.138611 -1095.255493 2539.722656 45 44 42 
730.170288 -1095.255493 2539.722656 48 47 46 
726.201965 -1095.255493 2539.722656 49 49 49 
722.949463 -1096.340942 2542.239746 50 50 50 
719.690491 -1097.428589 2544.761963 52 52 52 
717.137207 -1099.610352 2549.821045 54 54 54 
714.573730 -1101.800781 2554.900391 55 55 55 
710.581665 -1101.800781 2554.900391 56 56 56 
706.589661 -1101.800781 2554.900391 57 57 57 
700.504456 -1098.518433 2547.289062 57 57 57 
696.524353 -1098.518433 2547.289062 58 58 58 
662.831726 -1069.833618 2480.773682 62 62 62 
655.153870 -1063.661499 2466.461426 63 63 63 
650.049927 -1061.619995 2461.727539 65 65 65 
646.203430 -1061.619995 2461.727539 65 65 65 
642.356995 -1061.619995 2461.727539 66 66 66 
637.898376 -1060.602051 2459.367188 66 66 66 
633.448303 -1059.586182 2457.011475 67 67 67 
629.609192 -1059.586182 2457.011475 68 68 68 
625.770142 -1059.586182 2457.011475 69 69 69 
621.335876 -1058.572266 2454.660400 69 69 69 
618.091980 -1059.586182 2457.011475 69 69 69 
614.252869 -1059.586182 2457.011475 67 68 69 
610.413818 -1059.586182 2457.011475 61 63 64 
606.574707 -1059.586182 2457.011475 55 56 57 
602.158875 -1058.572266 2454.660400 52 53 54 
509.687866 -1598.566528 3706.820801 42 41 42 
503.895966 -1598.566528 3706.820801 40 40 40 
499.547821 -1603.199951 3717.565186 40 39 42 
495.174408 -1607.860474 3728.372070 42 42 45 
489.348846 -1607.860474 3728.372070 46 47 50 
484.227081 -1610.200928 3733.799072 49 52 55 
479.789795 -1614.902222 3744.700684 47 54 57 
475.326508 -1619.630981 3755.666260 32 42 47 
472.223846 -1629.172363 3777.790771 14 28 45 
466.321075 -1629.172363 3777.790771 8 24 49 
459.741180 -1626.776489 3772.235352 13 27 51 
453.847046 -1626.776489 3772.235352 24 35 53 
451.940643 -1641.258179 3805.815918 47 50 61 
450.000000 -1656.000000 3840.000000 71 69 76 
444.000000 -1656.000000 3840.000000 82 77 81 
439.315308 -1660.973022 3851.531494 83 79 78 
438.565338 -1681.167236 3898.358643 83 81 79 
432.474152 -1681.167236 3898.358643 82 82 80 
426.382965 -1681.167236 3898.358643 81 81 79 
-840.387085 -2230.258057 5171.612793 41 41 29 
-884.617981 -1878.112061 4355.042480 61 57 58 
-891.422729 -1878.112061 4355.042480 63 58 60 
-896.705078 -1874.928833 4347.661133 66 61 62 
-903.498291 -1874.928833 4347.661133 66 59 61 
-910.291504 -1874.928833 4347.661133 62 55 57 
-917.084717 -1874.928833 4347.661133 65 58 60 
-922.314697 -1871.756348 4340.304688 65 62 59 
-927.527039 -1868.594604 4332.973145 65 65 59 
-934.297302 -1868.594604 4332.973145 66 65 60 
-1077.294800 -1065.710938 2471.213867 72 72 72 
-1074.942505 -1059.586182 2457.011475 72 72 71 
-1073.639648 -1054.535767 2445.300293 72 72 70 
-1075.410034 -1052.529053 2440.646973 72 72 70 
-1077.173828 -1050.529907 2436.011475 72 72 70 
-1079.954468 -1049.533203 2433.700195 71 71 69 
-1083.757080 -1049.533203 2433.700195 69 69 67 
-1088.592651 -1050.529907 2436.011475 65 65 63 
-1092.398804 -1050.529907 2436.011475 63 63 61 
-1096.205078 -1050.529907 2436.011475 58 58 57 
-1100.011353 -1050.529907 2436.011475 54 55 54 
-1103.817627 -1050.529907 2436.011475 58 61 60 
-1107.623901 -1050.529907 2436.011475 63 67 66 
-1110.375732 -1049.533203 2433.700195 65 69 67 
-1114.178345 -1049.533203 2433.700195 65 69 67 
-1116.921387 -1048.538330 2431.393311 66 68 67 
876.750000 -1076.367188 2505.000000 68 69 71 
872.835938 -1076.367188 2505.000000 67 68 70 
868.921875 -1076.367188 2505.000000 66 67 69 
865.007812 -1076.367188 2505.000000 65 66 68 
861.093750 -1076.367188 2505.000000 65 66 68 
857.179688 -1076.367188 2505.000000 66 67 69 
853.265625 -1076.367188 2505.000000 65 66 68 
849.351562 -1076.367188 2505.000000 64 65 67 
845.437500 -1076.367188 2505.000000 61 63 63 
841.523438 -1076.367188 2505.000000 60 62 61 
836.792175 -1075.317017 2502.556152 61 63 62 
831.260010 -1073.223022 2497.682617 62 64 63 
825.749268 -1071.137085 2492.827881 62 64 63 
821.056335 -1070.097046 2490.407715 62 64 63 
816.372437 -1069.059204 2487.992188 62 64 63 
809.344910 -1064.927490 2478.376709 62 64 63 
803.144531 -1061.849731 2471.213867 60 64 66 
799.283264 -1061.849731 2471.213867 59 64 66 
794.656372 -1060.827759 2468.835449 59 65 65 
789.279541 -1058.789673 2464.092285 59 65 63 
784.675598 -1057.773560 2461.727539 62 66 65 
780.829163 -1057.773560 2461.727539 66 68 66 
776.982727 -1057.773560 2461.727539 69 68 66 
773.878967 -1058.789673 2464.092285 69 68 64 
770.769226 -1059.807739 2466.461426 68 68 66 
768.393066 -1061.849731 2471.213867 67 69 68 
774.228271 -1075.317017 2502.556152 67 69 68 
777.907410 -1085.911377 2527.211914 67 69 68 
774.721924 -1086.982300 2529.704102 66 68 67 
771.530090 -1088.055298 2532.201416 65 67 66 
768.332031 -1089.130493 2534.703613 64 66 65 
765.127625 -1090.207764 2537.210693 63 65 64 
761.916809 -1091.287109 2539.722656 59 63 65 
757.948486 -1091.287109 2539.722656 51 56 60 
753.980225 -1091.287109 2539.722656 38 43 47 
750.011902 -1091.287109 2539.722656 33 38 42 
746.043579 -1091.287109 2539.722656 35 38 41 
742.810730 -1092.368652 2542.239746 38 39 41 
738.106934 -1091.287109 2539.722656 43 42 42 
734.138611 -1091.287109 2539.722656 46 44 42 
730.170288 -1091.287109 2539.722656 48 47 46 
726.201965 -1091.287109 2539.722656 49 49 49 
722.233643 -1091.287109 2539.722656 50 50 50 
719.690491 -1093.452393 2544.761963 52 52 52 
717.137207 -1095.626221 2549.821045 54 54 54 
713.862671 -1096.716431 2552.358154 55 55 55 
710.581665 -1097.808716 2554.900391 56 56 56 
706.589661 -1097.808716 2554.900391 57 57 57 
700.504456 -1094.538208 2547.289062 58 58 58 
696.524353 -1094.538208 2547.289062 58 58 58 
662.831726 -1065.957397 2480.773682 62 62 62 
655.153870 -1059.807739 2466.461426 63 63 63 
650.049927 -1057.773560 2461.727539 65 65 65 
646.203430 -1057.773560 2461.727539 65 65 65 
642.356995 -1057.773560 2461.727539 65 65 65 
637.898376 -1056.759399 2459.367188 66 66 66 
633.448303 -1055.747070 2457.011475 67 67 67 
629.609192 -1055.747070 2457.011475 68 68 68 
625.770142 -1055.747070 2457.011475 69 69 69 
621.931030 -1055.747070 2457.011475 69 69 69 
618.091980 -1055.747070 2457.011475 69 69 69 
614.252869 -1055.747070 2457.011475 67 68 70 
610.413818 -1055.747070 2457.011475 62 63 65 
606.574707 -1055.747070 2457.011475 55 56 58 
602.158875 -1054.736816 2454.660400 52 53 55 
598.323425 -1054.736816 2454.660400 49 50 52 
509.687866 -1592.774536 3706.820801 42 41 40 
503.895966 -1592.774536 3706.820801 41 40 39 
499.547821 -1597.391357 3717.565186 40 40 41 
495.174408 -1602.034912 3728.372070 41 43 45 
490.061127 -1604.366821 3733.799072 44 48 50 
484.227081 -1604.366821 3733.799072 47 52 55 
480.491241 -1611.403564 3750.175537 47 54 59 
475.326508 -1613.762817 3755.666260 32 41 49 
471.529419 -1620.882324 3772.235352 13 27 47 
466.321075 -1623.269531 3777.790771 9 23 51 
460.418274 -1623.269531 3777.790771 15 25 52 
452.516144 -1616.129028 3761.173096 25 32 52 
446.639282 -1616.129028 3761.173096 44 49 60 
445.994080 -1635.311523 3805.815918 67 70 77 
442.674622 -1645.074585 3828.537354 80 78 82 
438.000000 -1650.000000 3840.000000 84 79 80 
433.297302 -1654.954956 3851.531494 84 81 80 
431.817902 -1672.534180 3892.443115 82 81 79 
-824.225830 -2222.177490 5171.612793 78 64 52 
-832.306458 -2222.177490 5171.612793 67 51 39 
-838.696167 -2217.706299 5161.207031 44 37 30 
-846.760559 -2217.706299 5161.207031 50 49 43 
-891.422729 -1871.307251 4355.042480 66 60 60 
-896.705078 -1868.135620 4347.661133 69 63 63 
-903.498291 -1868.135620 4347.661133 67 61 61 
-910.291504 -1868.135620 4347.661133 63 57 57 
-915.533020 -1864.974609 4340.304688 67 61 61 
-922.314697 -1864.974609 4340.304688 66 65 61 
-927.527039 -1861.824341 4332.973145 66 67 61 
-934.297302 -1861.824341 4332.973145 66 67 61 
-1075.223022 -1059.807739 2466.461426 72 72 72 
-1073.913818 -1054.736816 2454.660400 73 73 71 
-1072.617188 -1049.714233 2442.971436 73 73 71 
-1074.387817 -1047.718628 2438.326904 73 73 71 
-1076.151855 -1045.730591 2433.700195 73 73 71 
-1079.954468 -1045.730591 2433.700195 71 71 69 
-1083.757080 -1045.730591 2433.700195 69 69 67 
-1087.559814 -1045.730591 2433.700195 65 65 63 
-1092.398804 -1046.723633 2436.011475 62 62 60 
-1096.205078 -1046.723633 2436.011475 57 59 57 
-1100.011353 -1046.723633 2436.011475 55 57 56 
-1102.770386 -1045.730591 2433.700195 60 62 61 
-1106.572998 -1045.730591 2433.700195 65 67 66 
-1110.375732 -1045.730591 2433.700195 66 68 67 
-1113.122314 -1044.739380 2431.393311 67 69 68 
-1116.921387 -1044.739380 2431.393311 67 69 68 
876.750000 -1072.453125 2505.000000 69 70 72 
872.835938 -1072.453125 2505.000000 68 69 71 
868.074158 -1071.406860 2502.556152 65 66 68 
865.007812 -1072.453125 2505.000000 64 65 67 
861.093750 -1072.453125 2505.000000 65 66 68 
857.179688 -1072.453125 2505.000000 66 67 69 
853.265625 -1072.453125 2505.000000 65 66 68 
849.351562 -1072.453125 2505.000000 64 65 67 
845.437500 -1072.453125 2505.000000 61 63 63 
841.523438 -1072.453125 2505.000000 60 62 61 
836.792175 -1071.406860 2502.556152 61 63 62 
831.260010 -1069.320312 2497.682617 62 64 63 
825.749268 -1067.241943 2492.827881 62 64 63 
821.056335 -1066.205811 2490.407715 62 64 63 
816.372437 -1065.171631 2487.992188 62 64 63 
809.344910 -1061.055054 2478.376709 62 64 63 
803.919006 -1059.008667 2473.596924 60 64 66 
799.283264 -1057.988403 2471.213867 59 64 66 
794.656372 -1056.970215 2468.835449 59 65 65 
789.279541 -1054.939453 2464.092285 59 65 63 
784.675598 -1053.927124 2461.727539 62 66 65 
780.829163 -1053.927124 2461.727539 66 68 66 
776.982727 -1053.927124 2461.727539 69 68 66 
773.878967 -1054.939453 2464.092285 69 68 64 
770.769226 -1055.953857 2466.461426 68 68 66 
768.393066 -1057.988403 2471.213867 67 69 68 
774.228271 -1071.406860 2502.556152 67 69 68 
774.721924 -1083.029541 2529.704102 66 68 67 
771.530090 -1084.098755 2532.201416 65 67 66 
767.573547 -1084.098755 2532.201416 64 66 65 
764.371521 -1085.169922 2534.703613 63 65 64 
761.163208 -1086.243286 2537.210693 59 63 66 
757.948486 -1087.318848 2539.722656 53 58 62 
753.980225 -1087.318848 2539.722656 40 45 49 
750.011902 -1087.318848 2539.722656 33 38 42 
746.043579 -1087.318848 2539.722656 34 38 41 
742.075256 -1087.318848 2539.722656 38 39 40 
738.106934 -1087.318848 2539.722656 42 42 41 
734.138611 -1087.318848 2539.722656 46 44 42 
730.170288 -1087.318848 2539.722656 48 47 46 
726.201965 -1087.318848 2539.722656 49 49 49 
722.233643 -1087.318848 2539.722656 50 50 50 
718.977234 -1088.396484 2542.239746 52 52 52 
717.137207 -1091.642090 2549.821045 54 54 54 
713.862671 -1092.728394 2552.358154 55 55 55 
701.200806 -1091.642090 2549.821045 58 58 58 
697.216675 -1091.642090 2549.821045 58 58 58 
655.153870 -1055.953857 2466.461426 63 63 63 
650.049927 -1053.927124 2461.727539 65 65 65 
646.203430 -1053.927124 2461.727539 65 65 65 
641.741150 -1052.916626 2459.367188 65 65 65 
637.898376 -1052.916626 2459.367188 66 66 66 
633.448303 -1051.908081 2457.011475 67 67 67 
629.609192 -1051.908081 2457.011475 68 68 68 
625.770142 -1051.908081 2457.011475 69 69 69 
621.931030 -1051.908081 2457.011475 69 69 69 
618.684570 -1052.916626 2459.367188 69 69 69 
614.841797 -1052.916626 2459.367188 67 68 70 
610.999023 -1052.916626 2459.367188 62 63 65 
607.156311 -1052.916626 2459.367188 55 56 58 
602.735657 -1051.908081 2457.011475 51 52 54 
598.896545 -1051.908081 2457.011475 48 49 51 
595.057495 -1051.908081 2457.011475 45 46 48 
591.218384 -1051.908081 2457.011475 44 45 47 
587.942505 -1052.916626 2459.367188 45 46 48 
509.687866 -1586.982666 3706.820801 41 39 38 
503.895966 -1586.982666 3706.820801 40 39 38 
499.547821 -1591.582642 3717.565186 40 40 41 
495.174408 -1596.209351 3728.372070 42 44 46 
490.061127 -1598.532715 3733.799072 44 48 51 
484.227081 -1598.532715 3733.799072 47 52 55 
480.491241 -1605.543823 3750.175537 47 54 59 
475.326508 -1607.894531 3755.666260 32 41 49 
470.837006 -1612.616699 3766.696045 14 28 48 
465.635284 -1614.988281 3772.235352 9 24 52 
459.066071 -1612.616699 3766.696045 15 24 52 
452.516144 -1610.252197 3761.173096 24 31 51 
446.639282 -1610.252197 3761.173096 42 47 58 
444.674561 -1624.544434 3794.556152 66 68 75 
441.357147 -1634.214233 3817.142822 79 77 81 
436.692535 -1639.092529 3828.537354 84 79 80 
432.000000 -1644.000000 3840.000000 82 80 78 
-816.145142 -2214.096680 5171.612793 75 72 65 
-824.225830 -2214.096680 5171.612793 78 71 63 
-832.306458 -2214.096680 5171.612793 63 53 45 
-840.387085 -2214.096680 5171.612793 41 37 32 
-848.467773 -2214.096680 5171.612793 50 48 44 
-896.705078 -1861.342407 4347.661133 67 66 64 
-901.969543 -1858.192871 4340.304688 65 64 62 
-908.751282 -1858.192871 4340.304688 60 59 57 
-915.533020 -1858.192871 4340.304688 64 64 62 
-920.756775 -1855.054077 4332.973145 65 65 64 
-927.527039 -1855.054077 4332.973145 66 66 65 
-934.297302 -1855.054077 4332.973145 66 66 65 
-1075.223022 -1055.953857 2466.461426 73 73 73 
-1071.862427 -1048.894043 2449.971436 73 73 72 
-1071.596558 -1044.901978 2440.646973 73 73 71 
-1073.367554 -1042.917358 2436.011475 73 73 71 
-1075.131714 -1040.940308 2431.393311 73 73 71 
-1078.930786 -1040.940308 2431.393311 71 71 69 
-1082.729858 -1040.940308 2431.393311 69 69 67 
-1087.559814 -1041.927856 2433.700195 65 65 63 
-1091.362427 -1041.927856 2433.700195 62 62 60 
-1095.165039 -1041.927856 2433.700195 58 59 58 
-1098.967773 -1041.927856 2433.700195 55 57 56 
-1102.770386 -1041.927856 2433.700195 61 63 62 
-1106.572998 -1041.927856 2433.700195 66 68 67 
-1109.323242 -1040.940308 2431.393311 67 69 68 
-1113.122314 -1040.940308 2431.393311 67 69 68 
-1116.921387 -1040.940308 2431.393311 67 69 68 
871.984375 -1067.496582 2502.556152 66 67 69 
868.074158 -1067.496582 2502.556152 66 67 69 
864.163879 -1067.496582 2502.556152 66 67 69 
861.093750 -1068.539062 2505.000000 66 67 69 
857.179688 -1068.539062 2505.000000 66 67 69 
853.265625 -1068.539062 2505.000000 65 66 68 
849.351562 -1068.539062 2505.000000 64 65 67 
845.437500 -1068.539062 2505.000000 61 63 63 
841.523438 -1068.539062 2505.000000 60 62 61 
836.792175 -1067.496582 2502.556152 61 63 62 
832.070190 -1066.456177 2500.116943 62 64 63 
826.552551 -1064.381348 2495.252930 62 64 63 
821.854248 -1063.346924 2492.827881 62 64 63 
816.372437 -1061.284180 2487.992188 62 64 63 
809.344910 -1057.182617 2478.376709 62 64 63 
804.695007 -1056.162109 2475.984619 60 64 66 
800.054016 -1055.143677 2473.596924 59 64 66 
794.656372 -1053.112671 2468.835449 59 65 65 
790.038452 -1052.099976 2466.461426 59 65 63 
785.429382 -1051.089355 2464.092285 62 66 65 
780.829163 -1050.080566 2461.727539 66 68 66 
777.729126 -1051.089355 2464.092285 68 68 66 
773.878967 -1051.089355 2464.092285 69 68 64 
770.769226 -1052.099976 2466.461426 68 68 66 
768.393066 -1054.127197 2471.213867 67 69 68 
773.473694 -1066.456177 2500.116943 67 69 68 
773.958618 -1078.013794 2527.211914 66 68 67 
770.769226 -1079.076904 2529.704102 65 67 66 
767.573547 -1080.142212 2532.201416 64 66 65 
764.371521 -1081.209473 2534.703613 63 65 64 
761.163208 -1082.278931 2537.210693 60 64 66 
757.198792 -1082.278931 2537.210693 55 60 64 
753.980225 -1083.350464 2539.722656 42 47 51 
750.011902 -1083.350464 2539.722656 32 37 41 
746.043579 -1083.350464 2539.722656 34 37 40 
742.075256 -1083.350464 2539.722656 38 39 40 
738.106934 -1083.350464 2539.722656 41 41 40 
734.138611 -1083.350464 2539.722656 46 44 42 
730.170288 -1083.350464 2539.722656 48 47 46 
726.201965 -1083.350464 2539.722656 49 49 49 
722.233643 -1083.350464 2539.722656 50 50 50 
718.977234 -1084.424194 2542.239746 52 52 52 
716.425049 -1086.578003 2547.289062 54 54 54 
713.862671 -1088.740356 2552.358154 55 55 55 
711.290161 -1090.911255 2557.447754 56 56 56 
707.294128 -1090.911255 2557.447754 57 57 57 
701.200806 -1087.658081 2549.821045 58 58 58 
697.216675 -1087.658081 2549.821045 58 58 58 
655.153870 -1052.099976 2466.461426 63 63 63 
650.049927 -1050.080566 2461.727539 65 65 65 
646.203430 -1050.080566 2461.727539 65 65 65 
642.356995 -1050.080566 2461.727539 65 65 65 
637.898376 -1049.073853 2459.367188 66 66 66 
633.448303 -1048.068970 2457.011475 67 67 67 
629.609192 -1048.068970 2457.011475 68 68 68 
625.770142 -1048.068970 2457.011475 69 69 69 
622.527344 -1049.073853 2459.367188 69 69 69 
618.684570 -1049.073853 2459.367188 69 69 69 
614.841797 -1049.073853 2459.367188 68 68 69 
611.585388 -1050.080566 2461.727539 62 63 65 
607.156311 -1049.073853 2459.367188 56 57 59 
603.313538 -1049.073853 2459.367188 51 52 55 
598.896545 -1048.068970 2457.011475 46 47 49 
595.057495 -1048.068970 2457.011475 42 43 45 
591.218384 -1048.068970 2457.011475 41 42 44 
587.379333 -1048.068970 2457.011475 41 42 44 
583.540222 -1048.068970 2457.011475 40 44 45 
509.687866 -1581.190796 3706.820801 40 38 37 
503.168823 -1578.909058 3701.471924 40 39 38 
498.104034 -1581.190796 3706.820801 41 41 41 
494.455719 -1588.075439 3722.960938 43 45 47 
489.348846 -1590.383667 3728.372070 45 48 51 
484.227081 -1592.698730 3733.799072 47 52 55 
479.789795 -1597.348877 3744.700684 47 53 59 
474.631592 -1599.684204 3750.175537 33 41 49 
469.458282 -1602.026367 3755.666260 14 29 49 
464.951538 -1606.731323 3766.696045 10 24 53 
458.392975 -1604.375366 3761.173096 15 24 52 
451.853577 -1602.026367 3755.666260 24 30 51 
446.639282 -1604.375366 3761.173096 41 46 57 
444.017731 -1616.224487 3788.951172 64 67 74 
441.357147 -1628.250000 3817.142822 79 77 81 
436.041718 -1630.676636 3822.831543 84 79 80 
430.710449 -1633.110474 3828.537354 81 79 77 
-808.064514 -2206.016113 5171.612793 65 69 66 
-816.145142 -2206.016113 5171.612793 74 76 73 
-824.225830 -2206.016113 5171.612793 74 72 68 
-832.306458 -2206.016113 5171.612793 57 51 48 
-840.387085 -2206.016113 5171.612793 39 35 35 
-848.467773 -2206.016113 5171.612793 50 48 46 
-895.187805 -1851.411133 4340.304688 65 68 65 
-901.969543 -1851.411133 4340.304688 62 66 62 
-908.751282 -1851.411133 4340.304688 58 61 58 
-913.986511 -1848.283813 4332.973145 62 65 62 
-920.756775 -1848.283813 4332.973145 65 65 67 
-927.527039 -1848.283813 4332.973145 66 65 69 
-934.297302 -1848.283813 4332.973145 66 65 69 
-1076.544922 -1057.182617 2478.376709 73 73 73 
-1073.159302 -1050.080566 2461.727539 74 74 74 
-1070.839722 -1044.068726 2447.633545 73 74 72 
-1070.578003 -1040.098877 2438.326904 73 73 71 
-1072.349121 -1038.125244 2433.700195 73 73 71 
-1075.131714 -1037.141235 2431.393311 73 73 71 
-1077.909058 -1036.159058 2429.090820 71 71 69 
-1081.704590 -1036.159058 2429.090820 69 69 67 
-1086.528931 -1037.141235 2431.393311 65 65 63 
-1090.328003 -1037.141235 2431.393311 62 62 60 
-1094.127075 -1037.141235 2431.393311 58 59 58 
-1097.926025 -1037.141235 2431.393311 56 58 57 
-1101.725098 -1037.141235 2431.393311 62 64 63 
-1105.524170 -1037.141235 2431.393311 66 68 67 
-1109.323242 -1037.141235 2431.393311 67 69 68 
-1113.122314 -1037.141235 2431.393311 67 69 68 
868.074158 -1063.586304 2502.556152 67 69 69 
865.007812 -1064.625000 2505.000000 67 69 69 
861.093750 -1064.625000 2505.000000 66 68 68 
857.179688 -1064.625000 2505.000000 66 68 67 
854.099731 -1065.665649 2507.448730 66 67 67 
850.181824 -1065.665649 2507.448730 64 66 66 
845.437500 -1064.625000 2505.000000 61 64 63 
841.523438 -1064.625000 2505.000000 58 63 62 
836.792175 -1063.586304 2502.556152 58 63 61 
832.881958 -1063.586304 2502.556152 59 64 63 
828.163757 -1062.549683 2500.116943 59 64 63 
823.454712 -1061.515137 2497.682617 59 64 63 
817.959167 -1059.451904 2492.827881 60 65 63 
812.484985 -1057.396729 2487.992188 61 65 64 
805.472473 -1053.310181 2478.376709 62 65 65 
800.826233 -1052.293457 2475.984619 62 65 65 
795.421997 -1050.265869 2471.213867 62 66 65 
790.038452 -1048.246216 2466.461426 62 66 64 
785.429382 -1047.239136 2464.092285 63 66 64 
781.579224 -1047.239136 2464.092285 65 67 66 
777.729126 -1047.239136 2464.092285 67 69 67 
773.878967 -1047.239136 2464.092285 69 70 68 
770.769226 -1048.246216 2466.461426 68 69 68 
767.653503 -1049.255005 2468.835449 67 69 68 
771.968872 -1060.482544 2495.252930 67 69 68 
776.377563 -1071.952759 2522.241943 67 69 68 
772.436584 -1071.952759 2522.241943 66 68 67 
770.769226 -1075.124268 2529.704102 65 67 66 
766.816589 -1075.124268 2529.704102 64 66 65 
764.371521 -1077.249023 2534.703613 64 66 65 
761.163208 -1078.314575 2537.210693 61 65 68 
757.198792 -1078.314575 2537.210693 56 61 65 
753.234436 -1078.314575 2537.210693 44 49 53 
750.011902 -1079.382202 2539.722656 33 38 42 
746.043579 -1079.382202 2539.722656 35 38 41 
742.075256 -1079.382202 2539.722656 39 40 41 
738.106934 -1079.382202 2539.722656 40 40 40 
734.138611 -1079.382202 2539.722656 43 42 40 
730.170288 -1079.382202 2539.722656 46 45 44 
726.201965 -1079.382202 2539.722656 48 48 48 
722.233643 -1079.382202 2539.722656 49 49 49 
718.977234 -1080.451904 2542.239746 50 50 50 
716.425049 -1082.597778 2547.289062 53 53 53 
713.153076 -1083.673950 2549.821045 55 55 55 
710.581665 -1085.832642 2554.900391 56 56 56 
706.589661 -1085.832642 2554.900391 56 56 56 
701.200806 -1083.673950 2549.821045 57 57 57 
696.524353 -1082.597778 2547.289062 58 58 58 
692.544189 -1082.597778 2547.289062 59 59 59 
655.784424 -1049.255005 2468.835449 63 63 63 
650.049927 -1046.234131 2461.727539 64 64 64 
646.203430 -1046.234131 2461.727539 64 64 64 
642.356995 -1046.234131 2461.727539 65 65 65 
638.510559 -1046.234131 2461.727539 66 66 66 
634.055603 -1045.231079 2459.367188 66 66 66 
630.212830 -1045.231079 2459.367188 68 68 68 
626.370117 -1045.231079 2459.367188 69 69 69 
622.527344 -1045.231079 2459.367188 69 69 69 
618.684570 -1045.231079 2459.367188 69 69 69 
615.431885 -1046.234131 2461.727539 69 68 66 
611.585388 -1046.234131 2461.727539 64 64 62 
607.738953 -1046.234131 2461.727539 56 59 60 
603.313538 -1045.231079 2459.367188 49 54 56 
599.470764 -1045.231079 2459.367188 41 47 50 
595.627991 -1045.231079 2459.367188 37 41 43 
591.785217 -1045.231079 2459.367188 40 41 40 
587.942505 -1045.231079 2459.367188 42 41 39 
583.540222 -1044.229858 2457.011475 41 42 41 
580.256958 -1045.231079 2459.367188 40 42 42 
508.219025 -1570.858765 3696.138428 41 38 39 
502.443817 -1570.858765 3696.138428 42 39 41 
496.668579 -1570.858765 3696.138428 42 41 44 
493.739136 -1579.965210 3717.565186 44 43 48 
489.348846 -1584.558105 3728.372070 47 47 53 
483.523254 -1584.558105 3728.372070 49 50 57 
478.393005 -1586.864624 3733.799072 48 51 60 
473.938690 -1591.497803 3744.700684 34 39 50 
468.771942 -1593.824585 3750.175537 15 29 48 
463.590057 -1596.158081 3755.666260 10 25 52 
457.721802 -1596.158081 3755.666260 16 25 54 
451.853577 -1596.158081 3755.666260 25 32 56 
445.985352 -1596.158081 3755.666260 41 45 61 
445.994080 -1617.471802 3805.815918 63 64 74 
441.357147 -1622.285767 3817.142822 76 74 78 
435.392853 -1622.285767 3817.142822 81 77 75 
430.068542 -1624.703491 3822.831543 81 78 76 
-712.719666 -2280.702881 5366.359863 67 64 65 
-745.865051 -2229.398682 5245.644043 65 71 71 
-752.522461 -2224.848877 5234.938965 68 73 75 
-757.609741 -2215.804932 5213.658691 72 76 76 
-764.202820 -2211.310303 5203.083008 80 83 82 
-770.769226 -2206.833984 5192.550781 87 88 87 
-798.374268 -2193.513184 5161.207031 48 52 51 
-806.438660 -2193.513184 5161.207031 64 72 69 
-814.502991 -2193.513184 5161.207031 72 77 76 
-824.225830 -2197.935547 5171.612793 70 71 72 
-832.306458 -2197.935547 5171.612793 50 47 50 
-840.387085 -2197.935547 5171.612793 39 34 38 
-895.187805 -1844.629395 4340.304688 66 68 65 
-901.969543 -1844.629395 4340.304688 62 64 61 
-908.751282 -1844.629395 4340.304688 59 61 58 
-913.986511 -1841.513550 4332.973145 63 64 62 
-920.756775 -1841.513550 4332.973145 65 65 65 
-927.527039 -1841.513550 4332.973145 66 66 66 
-1073.433472 -1050.265869 2471.213867 73 73 73 
-1071.103394 -1044.229858 2457.011475 74 74 74 
-1068.800049 -1038.262817 2442.971436 72 74 74 
-1069.561279 -1035.304810 2436.011475 71 74 73 
-1072.349121 -1034.322632 2433.700195 72 73 72 
-1074.113647 -1032.363647 2429.090820 73 73 71 
-1077.909058 -1032.363647 2429.090820 72 73 68 
-1081.704590 -1032.363647 2429.090820 70 70 65 
-1085.500000 -1032.363647 2429.090820 66 65 61 
-1090.328003 -1033.342163 2431.393311 63 60 57 
-1094.127075 -1033.342163 2431.393311 57 57 55 
-1096.886353 -1032.363647 2429.090820 57 59 58 
-1100.681763 -1032.363647 2429.090820 63 65 64 
-1104.477295 -1032.363647 2429.090820 66 68 67 
-1109.323242 -1033.342163 2431.393311 67 69 68 
868.921875 -1060.710938 2505.000000 68 70 69 
865.007812 -1060.710938 2505.000000 67 69 68 
862.778870 -1062.786743 2509.902100 66 68 67 
858.857117 -1062.786743 2509.902100 66 68 67 
854.935425 -1062.786743 2509.902100 66 68 67 
851.013672 -1062.786743 2509.902100 64 66 65 
847.091980 -1062.786743 2509.902100 60 65 63 
842.346069 -1061.747803 2507.448730 58 64 62 
837.609375 -1060.710938 2505.000000 57 63 61 
832.881958 -1059.676147 2502.556152 58 64 62 
828.971680 -1059.676147 2502.556152 58 64 62 
825.061462 -1059.676147 2502.556152 58 64 62 
819.552124 -1057.612427 2497.682617 59 65 63 
814.064148 -1055.556885 2492.827881 60 66 64 
809.382507 -1054.531982 2490.407715 63 66 65 
805.491272 -1054.531982 2490.407715 64 66 65 
796.957520 -1048.424683 2475.984619 64 66 65 
790.798828 -1045.397461 2468.835449 64 66 65 
786.184631 -1044.392334 2466.461426 63 65 64 
781.579224 -1043.389038 2464.092285 64 66 65 
777.729126 -1043.389038 2464.092285 67 69 68 
773.878967 -1043.389038 2464.092285 69 71 70 
770.769226 -1044.392334 2466.461426 68 70 69 
766.915405 -1044.392334 2466.461426 67 69 68 
771.218689 -1055.556885 2492.827881 67 69 68 
774.853760 -1065.915649 2517.291504 67 69 68 
770.920532 -1065.915649 2517.291504 66 68 67 
770.009827 -1070.116211 2527.211914 66 68 67 
766.816589 -1071.171631 2529.704102 65 67 66 
763.617004 -1072.229004 2532.201416 64 66 65 
760.411072 -1073.288574 2534.703613 62 66 68 
757.198792 -1074.350098 2537.210693 56 61 65 
753.234436 -1074.350098 2537.210693 46 51 55 
749.270020 -1074.350098 2537.210693 35 40 44 
746.043579 -1075.413818 2539.722656 35 39 42 
742.075256 -1075.413818 2539.722656 39 40 41 
738.106934 -1075.413818 2539.722656 40 40 40 
734.138611 -1075.413818 2539.722656 42 41 39 
730.170288 -1075.413818 2539.722656 45 44 43 
726.201965 -1075.413818 2539.722656 47 47 47 
722.233643 -1075.413818 2539.722656 48 48 48 
718.977234 -1076.479736 2542.239746 50 50 50 
715.714294 -1077.547607 2544.761963 53 53 53 
712.444885 -1078.617676 2547.289062 54 54 54 
710.581665 -1081.840698 2554.900391 55 55 55 
706.589661 -1081.840698 2554.900391 56 56 56 
701.200806 -1079.689819 2549.821045 57 57 57 
696.524353 -1078.617676 2547.289062 57 57 57 
692.544189 -1078.617676 2547.289062 58 58 58 
656.416199 -1046.404663 2471.213867 63 63 63 
650.674377 -1043.389038 2464.092285 63 63 63 
646.203430 -1042.387695 2461.727539 64 64 64 
642.356995 -1042.387695 2461.727539 64 64 64 
638.510559 -1042.387695 2461.727539 65 65 65 
634.055603 -1041.388306 2459.367188 66 66 66 
630.212830 -1041.388306 2459.367188 68 68 68 
626.370117 -1041.388306 2459.367188 69 69 69 
622.527344 -1041.388306 2459.367188 69 69 69 
618.684570 -1041.388306 2459.367188 69 69 69 
614.841797 -1041.388306 2459.367188 70 68 64 
611.585388 -1042.387695 2461.727539 66 65 62 
607.156311 -1041.388306 2459.367188 57 61 61 
603.313538 -1041.388306 2459.367188 48 55 58 
599.470764 -1041.388306 2459.367188 40 48 51 
595.057495 -1040.390747 2457.011475 36 41 43 
591.218384 -1040.390747 2457.011475 40 41 39 
587.379333 -1040.390747 2457.011475 43 41 37 
583.540222 -1040.390747 2457.011475 42 41 39 
580.256958 -1041.388306 2459.367188 40 40 40 
575.862061 -1040.390747 2457.011475 40 40 40 
503.862854 -1551.668579 3664.457031 44 40 39 
499.564484 -1556.114624 3674.957031 44 40 41 
495.241394 -1560.586182 3685.517334 43 41 44 
493.024597 -1571.878418 3712.185303 43 43 47 
488.638611 -1576.441162 3722.960938 47 46 51 
483.523254 -1578.732544 3728.372070 50 49 55 
477.697662 -1578.732544 3728.372070 49 50 58 
472.558960 -1581.030518 3733.799072 36 40 49 
468.087585 -1585.646729 3744.700684 15 29 44 
462.912292 -1587.964966 3750.175537 8 23 47 
457.052643 -1587.964966 3750.175537 14 23 51 
451.192993 -1587.964966 3750.175537 24 30 54 
449.274323 -1602.017700 3783.362793 39 43 60 
446.656769 -1613.919800 3811.470947 61 63 73 
440.701324 -1613.919800 3811.470947 75 73 75 
435.392853 -1616.321411 3817.142822 80 76 72 
429.428558 -1616.321411 3817.142822 81 79 75 
-704.334717 -2272.318115 5366.359863 64 62 62 
-709.750000 -2262.850098 5344.000000 65 64 64 
-718.099976 -2262.850098 5344.000000 68 66 67 
-726.501038 -2212.154785 5224.276855 79 81 76 
-736.163269 -2216.669434 5234.938965 72 73 71 
-742.826904 -2212.154785 5224.276855 69 69 69 
-749.463440 -2207.658447 5213.658691 72 71 71 
-756.072998 -2203.180420 5203.083008 75 75 74 
-762.655884 -2198.720703 5192.550781 83 86 82 
-767.661316 -2189.854736 5171.612793 89 93 87 
-775.741943 -2189.854736 5171.612793 93 89 85 
-782.245483 -2185.448730 5161.207031 67 61 59 
-788.722900 -2181.060303 5150.843262 41 39 37 
-796.771057 -2181.060303 5150.843262 51 53 52 
-806.438660 -2185.448730 5161.207031 64 70 68 
-814.502991 -2185.448730 5161.207031 69 74 72 
-822.567383 -2185.448730 5161.207031 64 65 67 
-832.306458 -2189.854736 5171.612793 45 41 47 
-840.387085 -2189.854736 5171.612793 42 37 42 
-896.705078 -1840.962769 4347.661133 66 66 64 
-901.969543 -1837.847778 4340.304688 62 62 60 
-908.751282 -1837.847778 4340.304688 60 60 58 
-913.986511 -1834.743286 4332.973145 64 64 62 
-920.756775 -1834.743286 4332.973145 66 66 64 
-927.527039 -1834.743286 4332.973145 66 66 64 
-1071.637085 -1048.424683 2475.984619 72 72 72 
-1071.369263 -1044.392334 2466.461426 73 73 73 
-1069.055420 -1038.401489 2452.313477 74 74 74 
-1067.783081 -1033.461426 2440.646973 71 74 75 
-1068.546509 -1030.519897 2433.700195 71 74 75 
-1071.332764 -1029.543091 2431.393311 72 74 73 
-1074.113647 -1028.568237 2429.090820 73 73 70 
-1077.909058 -1028.568237 2429.090820 72 73 68 
-1081.704590 -1028.568237 2429.090820 70 70 64 
-1085.500000 -1028.568237 2429.090820 66 64 59 
-1089.295410 -1028.568237 2429.090820 62 59 55 
-1093.090942 -1028.568237 2429.090820 56 56 54 
-1096.886353 -1028.568237 2429.090820 58 60 59 
-1100.681763 -1028.568237 2429.090820 64 66 65 
-1104.477295 -1028.568237 2429.090820 66 68 67 
870.622314 -1058.864990 2509.902100 68 70 69 
866.700562 -1058.864990 2509.902100 67 69 68 
863.623901 -1059.902100 2512.360352 66 68 67 
860.541199 -1060.941162 2514.823486 66 68 67 
856.611755 -1060.941162 2514.823486 66 68 67 
852.682373 -1060.941162 2514.823486 64 66 65 
847.921631 -1059.902100 2512.360352 60 65 63 
843.170227 -1058.864990 2509.902100 58 64 62 
838.428162 -1057.829956 2507.448730 57 63 61 
833.695312 -1056.796875 2505.000000 58 64 62 
829.781250 -1056.796875 2505.000000 58 64 62 
825.061462 -1055.765869 2502.556152 58 64 62 
821.151245 -1055.765869 2502.556152 59 65 63 
815.649475 -1053.709839 2497.682617 60 66 64 
810.169067 -1051.661865 2492.827881 63 66 65 
801.599976 -1050.640747 2490.407715 64 66 65 
791.560669 -1042.543335 2471.213867 64 66 65 
786.184631 -1040.538452 2466.461426 63 65 64 
782.330750 -1040.538452 2466.461426 64 66 65 
777.729126 -1039.538940 2464.092285 67 69 68 
774.623108 -1040.538452 2466.461426 69 71 70 
770.769226 -1040.538452 2466.461426 68 70 69 
766.915405 -1040.538452 2466.461426 67 69 68 
770.469910 -1050.640747 2490.407715 67 69 68 
773.335938 -1059.902100 2512.360352 67 69 68 
770.920532 -1061.982300 2517.291504 66 68 67 
770.009827 -1066.167480 2527.211914 66 68 67 
766.816589 -1067.218994 2529.704102 65 67 66 
763.617004 -1068.272461 2532.201416 64 66 65 
760.411072 -1069.328125 2534.703613 61 65 68 
757.198792 -1070.385742 2537.210693 56 61 65 
753.234436 -1070.385742 2537.210693 47 52 56 
749.270020 -1070.385742 2537.210693 37 42 46 
746.043579 -1071.445557 2539.722656 35 38 41 
742.075256 -1071.445557 2539.722656 38 39 40 
738.106934 -1071.445557 2539.722656 41 40 40 
734.138611 -1071.445557 2539.722656 43 42 40 
730.170288 -1071.445557 2539.722656 46 45 44 
726.201965 -1071.445557 2539.722656 47 47 47 
722.233643 -1071.445557 2539.722656 48 48 48 
718.977234 -1072.507446 2542.239746 50 50 50 
715.714294 -1073.571411 2544.761963 53 53 53 
712.444885 -1074.637573 2547.289062 54 54 54 
710.581665 -1077.848633 2554.900391 55 55 55 
706.589661 -1077.848633 2554.900391 56 56 56 
701.898499 -1076.776123 2552.358154 57 57 57 
697.216675 -1075.705811 2549.821045 57 57 57 
693.232605 -1075.705811 2549.821045 58 58 58 
657.049194 -1043.548706 2473.596924 62 62 62 
651.299988 -1040.538452 2466.461426 63 63 63 
646.824219 -1039.538940 2464.092285 64 64 64 
642.356995 -1038.541260 2461.727539 64 64 64 
638.510559 -1038.541260 2461.727539 65 65 65 
634.055603 -1037.545532 2459.367188 66 66 66 
630.212830 -1037.545532 2459.367188 68 68 68 
625.770142 -1036.551758 2457.011475 69 69 69 
621.931030 -1036.551758 2457.011475 69 69 69 
618.091980 -1036.551758 2457.011475 69 69 69 
614.841797 -1037.545532 2459.367188 70 68 65 
610.999023 -1037.545532 2459.367188 67 66 62 
607.156311 -1037.545532 2459.367188 58 62 62 
602.735657 -1036.551758 2457.011475 49 56 59 
598.896545 -1036.551758 2457.011475 41 49 52 
595.057495 -1036.551758 2457.011475 37 42 44 
591.218384 -1036.551758 2457.011475 39 41 39 
587.379333 -1036.551758 2457.011475 42 40 36 
583.540222 -1036.551758 2457.011475 41 40 38 
579.701172 -1036.551758 2457.011475 39 39 39 
575.862061 -1036.551758 2457.011475 39 39 39 
572.571411 -1037.545532 2459.367188 40 40 40 
508.861633 -1543.737549 3659.229736 47 46 40 
502.427338 -1541.538452 3654.017090 48 45 40 
498.137146 -1545.942871 3664.457031 48 45 41 
493.822357 -1550.372437 3674.957031 46 45 43 
492.312134 -1563.815063 3706.820801 46 46 45 
487.930450 -1568.347778 3717.565186 48 47 48 
482.821472 -1570.624146 3722.960938 50 50 52 
477.697662 -1572.906982 3728.372070 51 52 56 
472.558960 -1575.196533 3733.799072 37 42 47 
467.405243 -1577.492676 3739.241943 15 30 41 
462.236511 -1579.795654 3744.700684 8 24 43 
456.385406 -1579.795654 3744.700684 13 23 46 
450.534302 -1579.795654 3744.700684 22 29 49 
440.701324 -1607.964355 3811.470947 74 73 73 
434.745911 -1607.964355 3811.470947 80 77 70 
429.428558 -1610.357178 3817.142822 81 79 75 
425.363220 -1617.578491 3834.260010 80 79 77 
-709.750000 -2254.500000 5344.000000 60 64 63 
-718.099976 -2254.500000 5344.000000 64 67 66 
-721.937866 -2240.496826 5310.807617 74 77 76 
-716.878052 -2199.512207 5213.658691 78 82 79 
-725.024414 -2199.512207 5213.658691 79 80 78 
-734.663940 -2203.991943 5224.276855 78 73 72 
-742.826904 -2203.991943 5224.276855 79 69 69 
-749.463440 -2199.512207 5213.658691 82 71 71 
-756.072998 -2195.050781 5203.083008 83 75 75 
-762.655884 -2190.607178 5192.550781 89 87 86 
-767.661316 -2181.774170 5171.612793 93 95 92 
-774.181091 -2177.384277 5161.207031 93 88 84 
-780.674683 -2173.011963 5150.843262 65 58 54 
-788.722900 -2173.011963 5150.843262 43 39 36 
-796.771057 -2173.011963 5150.843262 54 55 51 
-804.819275 -2173.011963 5150.843262 65 69 65 
-814.502991 -2177.384277 5161.207031 69 72 68 
-822.567383 -2177.384277 5161.207031 60 59 59 
-832.306458 -2181.774170 5171.612793 43 37 41 
-889.911865 -1834.169434 4347.661133 65 65 63 
-896.705078 -1834.169434 4347.661133 65 65 63 
-903.498291 -1834.169434 4347.661133 61 61 59 
-908.751282 -1831.066040 4340.304688 61 61 59 
-913.986511 -1827.973022 4332.973145 65 65 63 
-920.756775 -1827.973022 4332.973145 66 66 64 
-927.527039 -1827.973022 4332.973145 66 66 64 
-1069.572266 -1042.543335 2471.213867 72 72 72 
-1069.312866 -1038.541260 2461.727539 73 73 73 
-1068.034424 -1033.581665 2449.971436 74 74 74 
-1065.755005 -1027.692261 2436.011475 71 74 75 
-1067.533691 -1025.744019 2431.393311 71 74 75 
-1070.318237 -1024.772705 2429.090820 72 74 73 
-1074.113647 -1024.772705 2429.090820 73 73 70 
-1077.909058 -1024.772705 2429.090820 72 73 67 
-1081.704590 -1024.772705 2429.090820 69 69 64 
-1085.500000 -1024.772705 2429.090820 65 64 58 
-1089.295410 -1024.772705 2429.090820 62 59 54 
-1093.090942 -1024.772705 2429.090820 55 55 53 
-1096.886353 -1024.772705 2429.090820 58 60 59 
-1100.681763 -1024.772705 2429.090820 64 66 65 
857.452393 -1058.049072 2517.291504 66 68 67 
853.519165 -1058.049072 2517.291504 64 66 65 
848.752930 -1057.011719 2514.823486 60 65 63 
843.996094 -1055.976440 2512.360352 58 64 62 
838.428162 -1053.911987 2507.448730 57 63 61 
833.695312 -1052.882812 2505.000000 59 64 62 
829.781250 -1052.882812 2505.000000 59 64 62 
825.867188 -1052.882812 2505.000000 59 64 62 
821.151245 -1051.855591 2502.556152 59 65 63 
815.649475 -1049.807251 2497.682617 60 66 64 
810.169067 -1047.766724 2492.827881 63 66 65 
806.274048 -1047.766724 2492.827881 64 66 65 
801.599976 -1046.749512 2490.407715 64 66 65 
793.088806 -1040.687256 2475.984619 64 66 65 
786.184631 -1036.684570 2466.461426 63 65 65 
782.330750 -1036.684570 2466.461426 64 66 65 
778.476929 -1036.684570 2466.461426 67 69 68 
774.623108 -1036.684570 2466.461426 69 70 70 
770.769226 -1036.684570 2466.461426 68 70 69 
766.915405 -1036.684570 2466.461426 67 69 68 
764.531799 -1038.682129 2471.213867 67 69 68 
772.579285 -1054.943237 2509.902100 67 69 68 
773.958618 -1062.218750 2527.211914 66 68 67 
770.009827 -1062.218750 2527.211914 66 68 67 
766.816589 -1063.266235 2529.704102 65 67 66 
763.617004 -1064.315918 2532.201416 64 66 65 
760.411072 -1065.367554 2534.703613 61 65 67 
757.198792 -1066.421387 2537.210693 56 61 65 
753.234436 -1066.421387 2537.210693 48 53 57 
749.270020 -1066.421387 2537.210693 38 43 47 
746.043579 -1067.477173 2539.722656 35 38 41 
742.075256 -1067.477173 2539.722656 37 38 40 
738.106934 -1067.477173 2539.722656 41 41 40 
734.138611 -1067.477173 2539.722656 44 43 41 
730.170288 -1067.477173 2539.722656 46 45 44 
726.201965 -1067.477173 2539.722656 47 47 47 
722.233643 -1067.477173 2539.722656 48 48 48 
718.265320 -1067.477173 2539.722656 50 50 50 
715.714294 -1069.595215 2544.761963 53 53 53 
712.444885 -1070.657349 2547.289062 54 54 54 
710.581665 -1073.856567 2554.900391 55 55 55 
706.589661 -1073.856567 2554.900391 56 56 56 
701.898499 -1072.788086 2552.358154 57 57 57 
697.216675 -1071.721680 2549.821045 57 57 57 
693.232605 -1071.721680 2549.821045 58 58 58 
658.318848 -1041.692749 2478.376709 62 62 62 
651.299988 -1036.684570 2466.461426 62 62 62 
646.824219 -1035.688721 2464.092285 63 63 63 
642.974060 -1035.688721 2464.092285 64 64 64 
638.510559 -1034.694824 2461.727539 65 65 65 
634.055603 -1033.702759 2459.367188 66 66 66 
629.609192 -1032.712646 2457.011475 68 68 68 
625.770142 -1032.712646 2457.011475 69 69 69 
621.931030 -1032.712646 2457.011475 69 69 69 
618.091980 -1032.712646 2457.011475 69 69 69 
614.252869 -1032.712646 2457.011475 70 69 66 
610.413818 -1032.712646 2457.011475 67 67 63 
606.574707 -1032.712646 2457.011475 58 62 63 
602.735657 -1032.712646 2457.011475 49 56 59 
598.323425 -1031.724365 2454.660400 42 50 53 
594.488037 -1031.724365 2454.660400 37 43 45 
590.652649 -1031.724365 2454.660400 39 41 39 
586.256226 -1030.738037 2452.313477 41 39 35 
582.424500 -1030.738037 2452.313477 40 39 38 
579.146423 -1031.724365 2454.660400 39 39 39 
575.311035 -1031.724365 2454.660400 38 38 38 
506.693176 -1531.465942 3643.636475 51 50 46 
501.000000 -1531.465942 3643.636475 55 52 45 
496.717957 -1535.829102 3654.017090 55 52 45 
492.411438 -1540.217163 3664.457031 52 52 46 
490.893372 -1553.533203 3696.138428 50 51 46 
487.224304 -1560.277832 3712.185303 48 49 46 
482.121735 -1562.539185 3717.565186 49 51 48 
477.697662 -1567.081421 3728.372070 51 54 53 
471.872101 -1567.081421 3728.372070 39 44 46 
467.405243 -1571.650146 3739.241943 18 33 42 
461.562683 -1571.650146 3739.241943 11 27 43 
455.720123 -1571.650146 3739.241943 15 25 45 
449.877563 -1571.650146 3739.241943 23 31 46 
440.701324 -1602.008911 3811.470947 74 73 71 
434.745911 -1602.008911 3811.470947 80 77 70 
429.428558 -1604.392822 3817.142822 81 79 75 
424.728363 -1609.182129 3828.537354 80 79 77 
-711.231750 -2250.839355 5355.156738 56 64 61 
-719.599182 -2250.839355 5355.156738 61 68 66 
-721.937866 -2232.198730 5310.807617 71 79 76 
-716.878052 -2191.365967 5213.658691 77 84 83 
-725.024414 -2191.365967 5213.658691 82 83 82 
-734.663940 -2195.828857 5224.276855 85 76 76 
-742.826904 -2195.828857 5224.276855 90 73 74 
-749.463440 -2191.365967 5213.658691 93 76 76 
-756.072998 -2186.920898 5203.083008 91 79 79 
-761.115173 -2178.084961 5182.060547 93 88 87 
-767.661316 -2173.693604 5171.612793 93 93 93 
-774.181091 -2169.319824 5161.207031 92 86 82 
-780.674683 -2164.963867 5150.843262 63 55 50 
-787.142273 -2160.625244 5140.520996 44 40 35 
-795.174377 -2160.625244 5140.520996 56 56 52 
-804.819275 -2164.963867 5150.843262 68 71 65 
-812.867493 -2164.963867 5150.843262 71 73 68 
-822.567383 -2169.319824 5161.207031 60 57 56 
-832.306458 -2173.693604 5171.612793 44 37 39 
-884.617981 -1830.478760 4355.042480 63 63 61 
-891.422729 -1830.478760 4355.042480 65 65 63 
-896.705078 -1827.376221 4347.661133 65 65 63 
-903.498291 -1827.376221 4347.661133 60 60 58 
-910.291504 -1827.376221 4347.661133 61 61 59 
-913.986511 -1821.202759 4332.973145 66 65 63 
-920.756775 -1821.202759 4332.973145 66 66 64 
-927.527039 -1821.202759 4332.973145 66 66 64 
-1067.515381 -1036.684570 2466.461426 72 72 72 
-1068.287598 -1033.702759 2459.367188 73 73 73 
-1065.998047 -1027.790283 2445.300293 74 74 74 
-1064.743774 -1022.914612 2433.700195 71 74 75 
-1066.522705 -1020.977295 2429.090820 71 74 74 
-1070.318237 -1020.977295 2429.090820 72 74 72 
-1074.113647 -1020.977295 2429.090820 73 73 70 
-1076.889282 -1020.011353 2426.792725 71 72 67 
-1080.681152 -1020.011353 2426.792725 68 69 63 
-1084.473022 -1020.011353 2426.792725 64 63 58 
-1088.264893 -1020.011353 2426.792725 61 58 54 
-1092.056763 -1020.011353 2426.792725 55 55 54 
-1095.848633 -1020.011353 2426.792725 58 60 59 
-1100.681763 -1020.977295 2429.090820 64 66 65 
863.079651 -1056.188843 2522.241943 63 70 68 
857.452393 -1054.115845 2517.291504 63 70 68 
853.519165 -1054.115845 2517.291504 62 68 66 
848.752930 -1053.082397 2514.823486 61 65 64 
843.996094 -1052.050903 2512.360352 60 63 62 
839.248535 -1051.021484 2509.902100 60 63 62 
833.695312 -1048.968750 2505.000000 61 65 63 
829.781250 -1048.968750 2505.000000 61 64 63 
825.867188 -1048.968750 2505.000000 60 64 62 
821.151245 -1047.945312 2502.556152 61 65 63 
815.649475 -1045.904541 2497.682617 62 65 64 
810.169067 -1043.871704 2492.827881 63 65 66 
806.274048 -1043.871704 2492.827881 64 65 66 
802.379028 -1043.871704 2492.827881 64 65 66 
793.088806 -1036.818481 2475.984619 64 65 66 
786.941284 -1033.824829 2468.835449 63 65 66 
782.330750 -1032.830811 2466.461426 64 65 67 
778.476929 -1032.830811 2466.461426 67 68 69 
774.623108 -1032.830811 2466.461426 69 70 71 
770.769226 -1032.830811 2466.461426 68 70 70 
766.915405 -1032.830811 2466.461426 67 69 68 
764.531799 -1034.820801 2471.213867 67 69 68 
771.070312 -1048.968750 2505.000000 66 68 67 
773.958618 -1058.269897 2527.211914 66 68 67 
770.009827 -1058.269897 2527.211914 66 68 67 
766.061096 -1058.269897 2527.211914 65 67 66 
763.617004 -1060.359375 2532.201416 64 66 65 
760.411072 -1061.407104 2534.703613 62 66 64 
757.198792 -1062.457031 2537.210693 57 63 62 
753.234436 -1062.457031 2537.210693 49 56 58 
750.011902 -1063.508911 2539.722656 37 44 48 
746.043579 -1063.508911 2539.722656 32 38 42 
742.075256 -1063.508911 2539.722656 36 38 42 
738.106934 -1063.508911 2539.722656 41 40 41 
734.138611 -1063.508911 2539.722656 46 43 41 
730.170288 -1063.508911 2539.722656 47 45 43 
726.201965 -1063.508911 2539.722656 48 47 46 
722.233643 -1063.508911 2539.722656 50 49 48 
718.265320 -1063.508911 2539.722656 50 50 48 
715.714294 -1065.619019 2544.761963 52 52 50 
711.738098 -1065.619019 2544.761963 54 53 52 
709.874634 -1068.800049 2552.358154 55 55 53 
705.886597 -1068.800049 2552.358154 56 56 54 
701.898499 -1068.800049 2552.358154 57 57 56 
697.216675 -1067.737549 2549.821045 57 57 57 
693.232605 -1067.737549 2549.821045 58 58 58 
665.390625 -1048.968750 2505.000000 63 63 63 
652.554932 -1034.820801 2471.213867 63 63 63 
647.446167 -1032.830811 2466.461426 64 64 64 
642.974060 -1031.838623 2464.092285 64 64 64 
638.510559 -1030.848389 2461.727539 65 65 65 
634.055603 -1029.859985 2459.367188 66 66 66 
629.609192 -1028.873535 2457.011475 67 67 67 
625.770142 -1028.873535 2457.011475 67 67 67 
621.931030 -1028.873535 2457.011475 68 68 68 
618.091980 -1028.873535 2457.011475 68 68 68 
613.665100 -1027.889038 2454.660400 66 70 68 
609.829651 -1027.889038 2454.660400 63 68 67 
605.994263 -1027.889038 2454.660400 56 63 62 
602.158875 -1027.889038 2454.660400 48 56 57 
597.751465 -1026.906372 2452.313477 43 52 52 
593.919678 -1026.906372 2452.313477 38 46 46 
590.087952 -1026.906372 2452.313477 35 42 40 
585.696289 -1025.925537 2449.971436 35 40 38 
581.868225 -1025.925537 2449.971436 38 39 39 
578.040100 -1025.925537 2449.971436 39 39 39 
574.212036 -1025.925537 2449.971436 39 39 39 
571.475586 -1027.889038 2454.660400 39 39 39 
506.693176 -1525.772705 3643.636475 52 53 52 
501.000000 -1525.772705 3643.636475 57 51 52 
495.306824 -1525.772705 3643.636475 59 52 53 
491.708984 -1532.302368 3659.229736 57 52 51 
490.893372 -1547.757935 3696.138428 53 51 48 
486.520233 -1552.231201 3706.820801 47 52 48 
482.121735 -1556.730469 3717.565186 47 54 52 
477.697662 -1561.255859 3728.372070 50 57 58 
471.872101 -1561.255859 3728.372070 39 46 51 
467.405243 -1565.807617 3739.241943 21 33 49 
461.562683 -1565.807617 3739.241943 13 26 48 
455.720123 -1565.807617 3739.241943 16 26 45 
449.877563 -1565.807617 3739.241943 22 31 41 
444.034973 -1565.807617 3739.241943 36 42 45 
445.333344 -1591.324463 3800.177734 57 60 63 
440.047485 -1593.685425 3805.815918 71 71 74 
434.100891 -1593.685425 3805.815918 76 74 76 
428.790497 -1596.053467 3811.470947 78 77 76 
424.095367 -1600.810791 3822.831543 77 77 75 
190.210175 -3641.166016 8695.322266 43 67 80 
-711.231750 -2242.471924 5355.156738 58 62 60 
-719.599182 -2242.471924 5355.156738 63 67 65 
-720.446289 -2219.305908 5299.834961 73 77 76 
-716.878052 -2183.219482 5213.658691 79 83 82 
-725.024414 -2183.219482 5213.658691 83 84 83 
-734.663940 -2187.666016 5224.276855 84 82 81 
-742.826904 -2187.666016 5224.276855 87 82 82 
-749.463440 -2183.219482 5213.658691 89 84 83 
-756.072998 -2178.791016 5203.083008 88 85 84 
-761.115173 -2169.987793 5182.060547 90 89 89 
-767.661316 -2165.612793 5171.612793 92 93 93 
-774.181091 -2161.255615 5161.207031 88 84 83 
-780.674683 -2156.915771 5150.843262 58 52 51 
-787.142273 -2152.593262 5140.520996 40 39 37 
-795.174377 -2152.593262 5140.520996 54 57 55 
-804.819275 -2156.915771 5150.843262 68 73 70 
-812.867493 -2156.915771 5150.843262 73 76 74 
-822.567383 -2161.255615 5161.207031 59 56 56 
-877.813232 -1823.674072 4355.042480 62 61 59 
-884.617981 -1823.674072 4355.042480 64 64 62 
-891.422729 -1823.674072 4355.042480 66 65 63 
-898.227478 -1823.674072 4355.042480 66 66 64 
-905.032288 -1823.674072 4355.042480 61 60 58 
-911.837036 -1823.674072 4355.042480 61 60 58 
-913.986511 -1814.432495 4332.973145 66 66 64 
-920.756775 -1814.432495 4332.973145 66 66 64 
-927.527039 -1814.432495 4332.973145 65 65 63 
-1067.515381 -1032.830811 2466.461426 72 72 72 
-1068.287598 -1029.859985 2459.367188 73 73 73 
-1063.969604 -1022.020935 2440.646973 74 74 74 
-1062.727295 -1017.181824 2429.090820 73 74 74 
-1066.522705 -1017.181824 2429.090820 73 74 73 
-1070.318237 -1017.181824 2429.090820 73 73 71 
-1073.097412 -1016.219482 2426.792725 72 72 70 
-1075.871460 -1015.258972 2424.499023 71 71 68 
-1079.659790 -1015.258972 2424.499023 66 67 63 
-1083.447998 -1015.258972 2424.499023 63 63 60 
-1088.264893 -1016.219482 2426.792725 58 58 55 
-1092.056763 -1016.219482 2426.792725 54 56 57 
-1095.848633 -1016.219482 2426.792725 57 62 63 
-1099.640503 -1016.219482 2426.792725 63 67 67 
870.961670 -1052.247803 2522.241943 66 69 68 
865.318970 -1050.182495 2517.291504 64 69 67 
861.385681 -1050.182495 2517.291504 63 70 68 
857.452393 -1050.182495 2517.291504 63 70 68 
853.519165 -1050.182495 2517.291504 62 68 66 
848.752930 -1049.152954 2514.823486 62 66 64 
843.996094 -1048.125366 2512.360352 62 64 63 
839.248535 -1047.099854 2509.902100 61 63 62 
833.695312 -1045.054688 2505.000000 62 64 63 
829.781250 -1045.054688 2505.000000 62 64 63 
825.867188 -1045.054688 2505.000000 61 63 62 
821.151245 -1044.035156 2502.556152 62 64 63 
814.856018 -1040.988281 2495.252930 63 65 64 
810.169067 -1039.976685 2492.827881 64 65 66 
806.274048 -1039.976685 2492.827881 64 65 67 
802.379028 -1039.976685 2492.827881 64 65 67 
793.088806 -1032.949829 2475.984619 64 65 67 
786.941284 -1029.967285 2468.835449 63 64 66 
782.330750 -1028.976929 2466.461426 64 65 67 
778.476929 -1028.976929 2466.461426 67 68 70 
774.623108 -1028.976929 2466.461426 69 70 71 
770.028809 -1027.988525 2464.092285 69 70 70 
766.915405 -1028.976929 2466.461426 68 70 69 
763.795959 -1029.967285 2468.835449 67 69 68 
770.318054 -1044.035156 2502.556152 67 69 68 
772.436584 -1052.247803 2522.241943 66 68 67 
768.495605 -1052.247803 2522.241943 66 68 67 
766.061096 -1054.321167 2527.211914 65 67 66 
763.617004 -1056.402710 2532.201416 64 66 65 
760.411072 -1057.446655 2534.703613 63 67 63 
757.198792 -1058.492554 2537.210693 59 64 61 
753.234436 -1058.492554 2537.210693 50 58 59 
750.011902 -1059.540649 2539.722656 37 45 50 
746.043579 -1059.540649 2539.722656 31 38 43 
742.075256 -1059.540649 2539.722656 35 38 43 
738.106934 -1059.540649 2539.722656 42 40 42 
734.138611 -1059.540649 2539.722656 47 42 40 
730.170288 -1059.540649 2539.722656 47 45 42 
725.483704 -1058.492554 2537.210693 48 47 45 
722.233643 -1059.540649 2539.722656 51 50 48 
718.265320 -1059.540649 2539.722656 51 50 48 
715.714294 -1061.642822 2544.761963 52 51 49 
711.738098 -1061.642822 2544.761963 54 53 51 
709.169006 -1063.753540 2549.821045 55 54 52 
705.886597 -1064.811890 2552.358154 57 56 54 
701.898499 -1064.811890 2552.358154 57 57 56 
697.216675 -1063.753540 2549.821045 57 57 57 
693.232605 -1063.753540 2549.821045 58 58 58 
666.041077 -1046.076294 2507.448730 63 63 63 
653.184204 -1031.953735 2473.596924 63 63 63 
647.446167 -1028.976929 2466.461426 64 64 64 
642.974060 -1027.988525 2464.092285 64 64 64 
638.510559 -1027.001953 2461.727539 65 65 65 
634.055603 -1026.017212 2459.367188 66 66 66 
629.609192 -1025.034424 2457.011475 66 66 66 
625.770142 -1025.034424 2457.011475 66 66 66 
621.335876 -1024.053589 2454.660400 67 67 67 
617.500488 -1024.053589 2454.660400 68 68 68 
613.078369 -1023.074585 2452.313477 65 69 69 
609.246643 -1023.074585 2452.313477 62 68 68 
605.414917 -1023.074585 2452.313477 57 63 63 
601.583191 -1023.074585 2452.313477 51 57 57 
597.180542 -1022.097412 2449.971436 46 53 53 
593.352417 -1022.097412 2449.971436 41 47 47 
588.961853 -1021.122131 2447.633545 35 41 41 
584.022888 -1019.177124 2442.971436 35 40 40 
580.205688 -1019.177124 2442.971436 38 40 40 
575.840149 -1018.207397 2440.646973 39 39 39 
572.026672 -1018.207397 2440.646973 39 39 39 
568.213135 -1018.207397 2440.646973 39 39 39 
564.399597 -1018.207397 2440.646973 40 40 40 
506.693176 -1520.079590 3643.636475 46 53 57 
500.289368 -1517.923462 3638.468018 49 52 57 
495.306824 -1520.079590 3643.636475 51 52 57 
490.310089 -1522.241821 3648.819336 52 52 56 
490.893372 -1541.982666 3696.138428 53 52 54 
486.520233 -1546.439331 3706.820801 51 54 55 
481.424011 -1548.677246 3712.185303 51 56 57 
477.697662 -1555.430176 3728.372070 53 57 61 
471.872101 -1555.430176 3728.372070 42 46 53 
466.724884 -1557.694336 3733.799072 23 32 50 
461.562683 -1559.964966 3739.241943 13 25 49 
455.056763 -1557.694336 3733.799072 16 25 46 
449.222717 -1557.694336 3733.799072 21 30 41 
439.395569 -1585.386719 3800.177734 69 70 74 
433.457764 -1585.386719 3800.177734 73 73 76 
428.154297 -1587.738892 3805.815918 75 74 74 
424.095367 -1594.837524 3822.831543 75 75 73 
189.567566 -3615.324219 8665.946289 33 52 64 
176.623734 -3627.579590 8695.322266 33 54 68 
162.486481 -3615.324219 8665.946289 34 55 70 
-711.231750 -2234.104492 5355.156738 59 61 60 
-713.639771 -2215.602539 5310.807617 65 67 66 
-711.624512 -2183.950928 5234.938965 75 77 76 
-716.878052 -2175.073242 5213.658691 80 82 81 
-725.024414 -2175.073242 5213.658691 82 84 83 
-733.170715 -2175.073242 5213.658691 82 84 83 
-741.317078 -2175.073242 5213.658691 84 86 85 
-749.463440 -2175.073242 5213.658691 87 89 88 
-754.542542 -2166.267090 5192.550781 87 89 88 
-761.115173 -2161.890869 5182.060547 87 89 88 
-767.661316 -2157.532227 5171.612793 89 91 90 
-774.181091 -2153.191162 5161.207031 85 81 82 
-780.674683 -2148.867432 5150.843262 55 51 52 
-787.142273 -2144.561035 5140.520996 38 39 38 
-795.174377 -2144.561035 5140.520996 53 58 56 
-804.819275 -2148.867432 5150.843262 68 74 72 
-812.867493 -2148.867432 5150.843262 72 76 75 
-822.567383 -2153.191162 5161.207031 56 55 55 
-877.813232 -1816.869263 4355.042480 62 61 59 
-884.617981 -1816.869263 4355.042480 65 64 62 
-891.422729 -1816.869263 4355.042480 67 66 64 
-898.227478 -1816.869263 4355.042480 67 66 64 
-905.032288 -1816.869263 4355.042480 61 60 58 
-911.837036 -1816.869263 4355.042480 62 61 59 
-913.986511 -1807.662109 4332.973145 66 65 63 
-920.756775 -1807.662109 4332.973145 66 65 63 
-927.527039 -1807.662109 4332.973145 65 65 63 
-1066.243042 -1024.053589 2454.660400 73 73 73 
-1060.941162 -1015.309326 2433.700195 74 74 74 
-1062.727295 -1013.386353 2429.090820 74 74 73 
-1065.513672 -1012.427612 2426.792725 74 74 72 
-1069.305542 -1012.427612 2426.792725 73 73 71 
-1072.083130 -1011.470703 2424.499023 72 72 70 
-1074.855469 -1010.515564 2422.209717 70 70 68 
-1078.640259 -1010.515564 2422.209717 66 66 64 
-1083.447998 -1011.470703 2424.499023 63 63 61 
-1087.236328 -1011.470703 2424.499023 57 57 55 
-1091.024536 -1011.470703 2424.499023 53 56 58 
-1094.812866 -1011.470703 2424.499023 57 63 65 
-1098.601196 -1011.470703 2424.499023 62 68 68 
870.961670 -1048.306763 2522.241943 65 71 69 
864.470581 -1045.223511 2514.823486 65 69 68 
860.541199 -1045.223511 2514.823486 65 69 68 
855.772766 -1044.199829 2512.360352 65 69 68 
851.847229 -1044.199829 2512.360352 64 67 66 
847.921631 -1044.199829 2512.360352 64 66 65 
843.170227 -1043.178101 2509.902100 62 64 63 
838.428162 -1042.158325 2507.448730 61 63 62 
833.695312 -1041.140625 2505.000000 61 63 62 
829.781250 -1041.140625 2505.000000 61 63 62 
825.061462 -1040.124878 2502.556152 61 63 62 
819.552124 -1038.099365 2497.682617 62 64 63 
814.064148 -1036.081665 2492.827881 63 65 64 
808.597473 -1034.071777 2487.992188 64 65 66 
804.710022 -1034.071777 2487.992188 64 65 67 
799.272034 -1032.069702 2483.175293 64 65 67 
793.088806 -1029.081055 2475.984619 64 65 67 
786.941284 -1026.109741 2468.835449 63 64 66 
782.330750 -1025.123047 2466.461426 64 65 67 
777.729126 -1024.138306 2464.092285 67 68 70 
773.878967 -1024.138306 2464.092285 69 70 72 
770.028809 -1024.138306 2464.092285 69 71 71 
766.178650 -1024.138306 2464.092285 69 71 70 
763.061523 -1025.123047 2466.461426 68 70 69 
768.070068 -1037.089478 2495.252930 67 69 68 
770.920532 -1046.249268 2517.291504 66 68 67 
768.495605 -1048.306763 2522.241943 66 68 67 
765.307068 -1049.338623 2524.724365 65 67 66 
762.863892 -1051.408325 2529.704102 64 66 65 
760.411072 -1053.486206 2534.703613 63 67 63 
757.198792 -1054.528198 2537.210693 59 65 61 
753.234436 -1054.528198 2537.210693 52 60 61 
749.270020 -1054.528198 2537.210693 39 48 52 
746.043579 -1055.572266 2539.722656 32 38 44 
742.075256 -1055.572266 2539.722656 35 38 43 
738.106934 -1055.572266 2539.722656 42 40 42 
733.412476 -1054.528198 2537.210693 47 42 40 
730.170288 -1055.572266 2539.722656 47 45 42 
725.483704 -1054.528198 2537.210693 48 47 45 
721.519287 -1054.528198 2537.210693 51 50 48 
718.265320 -1055.572266 2539.722656 51 50 48 
715.004944 -1056.618408 2542.239746 52 51 49 
711.738098 -1057.666626 2544.761963 54 53 51 
708.464722 -1058.717041 2547.289062 55 54 52 
705.184875 -1059.769409 2549.821045 57 56 54 
701.200806 -1059.769409 2549.821045 57 57 56 
697.216675 -1059.769409 2549.821045 57 57 57 
693.232605 -1059.769409 2549.821045 58 58 58 
666.041077 -1042.158325 2507.448730 62 62 62 
653.184204 -1028.088745 2473.596924 63 63 63 
647.446167 -1025.123047 2466.461426 64 64 64 
642.974060 -1024.138306 2464.092285 64 64 64 
637.898376 -1022.174500 2459.367188 65 65 65 
633.448303 -1021.195374 2457.011475 66 66 66 
629.609192 -1021.195374 2457.011475 66 66 66 
625.171265 -1020.218201 2454.660400 66 66 66 
621.335876 -1020.218201 2454.660400 67 67 67 
616.910156 -1019.242859 2452.313477 68 68 68 
613.078369 -1019.242859 2452.313477 67 68 69 
608.664734 -1018.269348 2449.971436 66 66 68 
604.836670 -1018.269348 2449.971436 61 62 64 
601.008606 -1018.269348 2449.971436 56 56 58 
596.041931 -1016.327942 2445.300293 51 52 54 
591.657166 -1015.359985 2442.971436 45 46 48 
587.840027 -1015.359985 2442.971436 40 40 42 
583.467163 -1014.393921 2440.646973 39 39 41 
579.653687 -1014.393921 2440.646973 39 39 40 
575.292786 -1013.429688 2438.326904 39 39 39 
571.482910 -1013.429688 2438.326904 39 39 39 
567.673035 -1013.429688 2438.326904 39 39 39 
563.327637 -1012.467224 2436.011475 40 40 40 
560.053223 -1013.429688 2438.326904 41 41 41 
500.289368 -1512.238281 3638.468018 37 48 58 
494.604248 -1512.238281 3638.468018 38 48 57 
489.613647 -1514.386353 3643.636475 41 49 56 
490.187042 -1533.997070 3690.820068 47 52 58 
486.520233 -1540.647461 3706.820801 51 53 59 
481.424011 -1542.876953 3712.185303 51 53 57 
477.697662 -1549.604614 3728.372070 52 54 58 
471.872101 -1549.604614 3728.372070 44 47 51 
466.724884 -1551.860229 3733.799072 24 34 46 
460.890839 -1551.860229 3733.799072 13 25 45 
455.056763 -1551.860229 3733.799072 16 25 47 
449.222717 -1551.860229 3733.799072 21 28 46 
443.388641 -1551.860229 3733.799072 34 38 50 
439.395569 -1579.448853 3800.177734 68 69 71 
433.457764 -1579.448853 3800.177734 72 72 70 
428.154297 -1581.792236 3805.815918 72 73 70 
207.310349 -3676.303467 8845.241211 31 36 44 
190.210175 -3613.993164 8695.322266 33 39 50 
176.623734 -3613.993164 8695.322266 32 41 52 
159.258286 -3530.225098 8493.774414 30 41 53 
-711.231750 -2225.737061 5355.156738 58 60 59 
-709.234558 -2193.678955 5278.024902 65 67 66 
-708.731689 -2166.926758 5213.658691 76 78 77 
-715.423950 -2162.531494 5203.083008 81 83 82 
-723.553772 -2162.531494 5203.083008 83 85 84 
-733.170715 -2166.926758 5213.658691 83 85 84 
-741.317078 -2166.926758 5213.658691 85 87 86 
-747.943176 -2162.531494 5203.083008 88 90 89 
-754.542542 -2158.153809 5192.550781 87 89 88 
-761.115173 -2153.793945 5182.060547 86 88 87 
-767.661316 -2149.451660 5171.612793 86 88 87 
-774.181091 -2145.126709 5161.207031 82 79 80 
-779.110229 -2136.529053 5140.520996 53 49 51 
-787.142273 -2136.529053 5140.520996 37 38 38 
-795.174377 -2136.529053 5140.520996 53 58 57 
-803.206421 -2136.529053 5140.520996 68 74 72 
-812.867493 -2140.819336 5150.843262 70 74 73 
-820.915649 -2140.819336 5150.843262 53 52 52 
-879.306152 -1813.142822 4362.449219 62 61 59 
-884.617981 -1810.064575 4355.042480 65 64 62 
-891.422729 -1810.064575 4355.042480 67 66 64 
-899.755127 -1813.142822 4362.449219 66 65 63 
-906.571411 -1813.142822 4362.449219 62 61 59 
-911.837036 -1810.064575 4355.042480 63 62 60 
-913.986511 -1800.891846 4332.973145 66 65 63 
-920.756775 -1800.891846 4332.973145 65 65 63 
-927.527039 -1800.891846 4332.973145 65 65 63 
-1062.177368 -1016.327942 2445.300293 73 73 73 
-1058.931763 -1009.590881 2429.090820 73 73 73 
-1061.721802 -1008.635742 2426.792725 74 74 72 
-1064.506592 -1007.682434 2424.499023 74 74 72 
-1068.294922 -1007.682434 2424.499023 73 73 71 
-1071.070801 -1006.730896 2422.209717 72 72 70 
-1073.841553 -1005.781128 2419.924561 69 69 67 
-1077.622681 -1005.781128 2419.924561 65 65 63 
-1082.424927 -1006.730896 2422.209717 62 62 60 
-1086.209595 -1006.730896 2422.209717 56 56 55 
-1089.994385 -1006.730896 2422.209717 52 56 58 
-1093.779053 -1006.730896 2422.209717 57 63 65 
-1098.601196 -1007.682434 2424.499023 62 68 68 
864.470581 -1041.294067 2514.823486 66 69 68 
859.698364 -1040.274292 2512.360352 67 69 68 
855.772766 -1040.274292 2512.360352 67 69 68 
851.847229 -1040.274292 2512.360352 65 67 66 
847.091980 -1039.256348 2509.902100 65 67 66 
843.170227 -1039.256348 2509.902100 63 65 64 
838.428162 -1038.240479 2507.448730 60 63 61 
833.695312 -1037.226562 2505.000000 60 62 61 
829.781250 -1037.226562 2505.000000 61 63 62 
825.061462 -1036.214600 2502.556152 61 63 62 
819.552124 -1034.196655 2497.682617 62 64 63 
814.064148 -1032.186646 2492.827881 63 65 64 
808.597473 -1030.184326 2487.992188 64 65 66 
803.151978 -1028.189697 2483.175293 64 65 67 
797.727539 -1026.202881 2478.376709 64 65 67 
791.560669 -1023.237000 2471.213867 64 65 67 
786.184631 -1021.269226 2466.461426 63 64 66 
781.579224 -1020.288208 2464.092285 64 65 67 
777.729126 -1020.288208 2464.092285 67 68 69 
773.878967 -1020.288208 2464.092285 69 70 71 
769.289856 -1019.309021 2461.727539 69 71 71 
765.443359 -1019.309021 2461.727539 69 71 70 
762.328552 -1020.288208 2464.092285 69 71 70 
759.938416 -1022.252197 2468.835449 68 70 69 
768.657532 -1039.256348 2509.902100 67 69 68 
766.987244 -1042.316040 2517.291504 66 68 67 
765.307068 -1045.393677 2524.724365 65 67 66 
762.863892 -1047.455566 2529.704102 64 66 65 
760.411072 -1049.525635 2534.703613 64 67 63 
757.198792 -1050.563843 2537.210693 60 65 62 
753.234436 -1050.563843 2537.210693 54 61 63 
749.270020 -1050.563843 2537.210693 41 50 54 
746.043579 -1051.604004 2539.722656 33 39 45 
742.075256 -1051.604004 2539.722656 35 38 43 
737.376831 -1050.563843 2537.210693 42 40 42 
733.412476 -1050.563843 2537.210693 46 42 40 
729.448059 -1050.563843 2537.210693 47 45 42 
725.483704 -1050.563843 2537.210693 48 47 45 
721.519287 -1050.563843 2537.210693 50 49 48 
718.265320 -1051.604004 2539.722656 50 49 48 
715.004944 -1052.646240 2542.239746 52 51 49 
711.738098 -1053.690430 2544.761963 54 53 51 
707.761902 -1053.690430 2544.761963 55 54 52 
705.184875 -1055.785278 2549.821045 57 56 54 
701.200806 -1055.785278 2549.821045 57 57 56 
697.216675 -1055.785278 2549.821045 57 57 57 
693.232605 -1055.785278 2549.821045 58 58 58 
666.692749 -1039.256348 2509.902100 61 61 61 
653.184204 -1024.223755 2473.596924 62 62 62 
647.446167 -1021.269226 2466.461426 63 63 63 
642.356995 -1019.309021 2461.727539 64 64 64 
637.898376 -1018.331726 2459.367188 65 65 65 
633.448303 -1017.356323 2457.011475 66 66 66 
629.006714 -1016.382751 2454.660400 66 66 66 
625.171265 -1016.382751 2454.660400 66 66 66 
621.335876 -1016.382751 2454.660400 67 67 67 
616.910156 -1015.411072 2452.313477 68 68 68 
612.492859 -1014.441284 2449.971436 69 66 69 
608.664734 -1014.441284 2449.971436 68 65 68 
604.836670 -1014.441284 2449.971436 65 61 65 
599.291443 -1011.542847 2442.971436 60 56 60 
594.907715 -1010.580383 2440.646973 55 51 54 
591.094177 -1010.580383 2440.646973 48 45 48 
587.280701 -1010.580383 2440.646973 43 39 43 
583.467163 -1010.580383 2440.646973 42 38 41 
579.102661 -1009.619751 2438.326904 40 39 40 
574.746460 -1008.660950 2436.011475 39 39 39 
570.940186 -1008.660950 2436.011475 39 39 39 
567.133911 -1008.660950 2436.011475 39 39 39 
562.793152 -1007.703979 2433.700195 40 40 40 
558.990540 -1007.703979 2433.700195 41 41 41 
500.289368 -1506.553223 3638.468018 31 38 52 
494.604248 -1506.553223 3638.468018 29 36 50 
489.613647 -1508.693237 3643.636475 30 39 50 
489.482758 -1526.034546 3685.517334 37 46 55 
485.118164 -1530.432251 3696.138428 41 48 55 
480.728333 -1534.855469 3706.820801 40 46 51 
477.004364 -1541.538452 3722.960938 45 52 53 
471.872101 -1543.779053 3728.372070 43 50 50 
466.724884 -1546.026245 3733.799072 24 36 43 
449.222717 -1546.026245 3733.799072 21 27 50 
442.744202 -1543.779053 3728.372070 33 36 54 
438.745575 -1571.183472 3794.556152 66 67 69 
433.457764 -1573.511108 3800.177734 70 71 65 
208.750000 -3687.916748 8906.666992 31 31 36 
190.857147 -3612.653076 8724.898438 32 34 40 
176.623734 -3600.406738 8695.322266 31 34 43 
159.258286 -3516.953613 8493.774414 30 36 45 
-709.750000 -2212.750000 5344.000000 58 60 59 
-706.327881 -2176.475342 5256.393555 65 67 66 
-707.294128 -2154.401611 5203.083008 77 79 78 
-713.975708 -2150.040527 5192.550781 81 84 83 
-723.553772 -2154.401611 5203.083008 83 86 85 
-731.683594 -2154.401611 5203.083008 83 86 85 
-739.813416 -2154.401611 5203.083008 85 87 86 
-746.429138 -2150.040527 5192.550781 87 89 88 
-753.018188 -2145.697021 5182.060547 85 87 86 
-759.580627 -2141.370850 5171.612793 85 87 86 
-767.661316 -2141.370850 5171.612793 87 88 88 
-774.181091 -2137.062256 5161.207031 81 78 79 
-779.110229 -2128.497070 5140.520996 51 48 49 
-785.567993 -2124.239990 5130.240234 37 38 37 
-793.583984 -2124.239990 5130.240234 54 59 57 
-803.206421 -2128.497070 5140.520996 69 74 72 
-811.238464 -2128.497070 5140.520996 68 72 70 
-820.915649 -2132.770996 5150.843262 50 49 49 
-884.617981 -1803.259766 4355.042480 65 64 62 
-891.422729 -1803.259766 4355.042480 67 66 64 
-901.287903 -1809.403809 4369.880859 65 64 62 
-908.115845 -1809.403809 4369.880859 62 61 59 
-911.837036 -1803.259766 4355.042480 65 64 62 
-913.986511 -1794.121582 4332.973145 65 64 62 
-919.204041 -1791.096069 4325.666016 65 64 62 
-925.962891 -1791.096069 4325.666016 65 65 63 
-1057.138550 -1007.703979 2433.700195 73 73 73 
-1057.929932 -1004.843872 2426.792725 72 72 72 
-1060.718384 -1003.894165 2424.499023 73 73 72 
-1063.501465 -1002.946167 2422.209717 74 74 72 
-1066.279297 -1002.000000 2419.924561 73 73 71 
-1070.060425 -1002.000000 2419.924561 72 72 70 
-1072.829468 -1001.055603 2417.643799 69 69 67 
-1076.606934 -1001.055603 2417.643799 64 64 62 
-1081.403809 -1002.000000 2419.924561 61 61 59 
-1085.184937 -1002.000000 2419.924561 55 56 54 
-1088.966064 -1002.000000 2419.924561 53 56 58 
-1092.747192 -1002.000000 2419.924561 58 63 65 
-1097.563721 -1002.946167 2422.209717 62 68 67 
864.470581 -1037.364746 2514.823486 67 69 70 
859.698364 -1036.348633 2512.360352 67 69 70 
855.772766 -1036.348633 2512.360352 66 67 68 
851.847229 -1036.348633 2512.360352 64 66 67 
847.091980 -1035.334595 2509.902100 63 67 66 
843.170227 -1035.334595 2509.902100 61 65 64 
838.428162 -1034.322632 2507.448730 58 63 61 
833.695312 -1033.312500 2505.000000 58 63 62 
829.781250 -1033.312500 2505.000000 59 64 62 
825.061462 -1032.304443 2502.556152 60 64 63 
820.350891 -1031.298218 2500.116943 60 65 63 
814.064148 -1028.291504 2492.827881 60 65 63 
807.031921 -1024.309814 2483.175293 63 65 65 
801.599976 -1022.330444 2478.376709 64 66 66 
797.727539 -1022.330444 2478.376709 64 66 66 
791.560669 -1019.375732 2471.213867 64 66 66 
786.184631 -1017.415405 2466.461426 64 66 65 
781.579224 -1016.438049 2464.092285 64 66 66 
777.729126 -1016.438049 2464.092285 66 67 67 
773.136292 -1015.462585 2461.727539 68 70 70 
769.289856 -1015.462585 2461.727539 69 71 70 
765.443359 -1015.462585 2461.727539 69 71 70 
761.596924 -1015.462585 2461.727539 68 70 69 
759.207703 -1017.415405 2466.461426 68 70 69 
762.687378 -1027.293213 2490.407715 67 69 68 
764.735840 -1035.334595 2509.902100 66 68 67 
763.053955 -1038.382690 2517.291504 65 67 66 
762.112305 -1042.474854 2527.211914 65 67 66 
760.411072 -1045.565186 2534.703613 67 67 64 
756.450623 -1045.565186 2534.703613 64 65 64 
753.234436 -1046.599365 2537.210693 58 62 65 
749.270020 -1046.599365 2537.210693 44 51 56 
745.305664 -1046.599365 2537.210693 34 41 47 
741.341248 -1046.599365 2537.210693 36 40 44 
737.376831 -1046.599365 2537.210693 41 41 42 
733.412476 -1046.599365 2537.210693 44 41 39 
729.448059 -1046.599365 2537.210693 45 43 42 
725.483704 -1046.599365 2537.210693 47 47 46 
721.519287 -1046.599365 2537.210693 49 49 48 
717.554871 -1046.599365 2537.210693 49 49 48 
715.004944 -1048.673950 2542.239746 51 50 50 
711.738098 -1049.714233 2544.761963 53 52 52 
707.761902 -1049.714233 2544.761963 54 54 53 
705.184875 -1051.801147 2549.821045 55 55 54 
701.200806 -1051.801147 2549.821045 57 56 56 
697.216675 -1051.801147 2549.821045 57 57 57 
653.184204 -1020.358704 2473.596924 63 63 63 
647.446167 -1017.415405 2466.461426 63 63 63 
642.356995 -1015.462585 2461.727539 63 63 63 
637.287354 -1013.517273 2457.011475 64 64 64 
632.842102 -1012.547363 2454.660400 65 65 65 
629.006714 -1012.547363 2454.660400 66 66 66 
625.171265 -1012.547363 2454.660400 66 66 66 
620.741882 -1011.579346 2452.313477 67 67 67 
616.320923 -1010.613159 2449.971436 68 68 68 
611.908386 -1009.648865 2447.633545 67 67 67 
606.348267 -1006.766907 2440.646973 68 68 68 
602.534729 -1006.766907 2440.646973 65 65 66 
598.721191 -1006.766907 2440.646973 59 59 59 
594.342224 -1005.809875 2438.326904 53 53 53 
590.532349 -1005.809875 2438.326904 47 47 48 
586.722412 -1005.809875 2438.326904 43 43 43 
582.912537 -1005.809875 2438.326904 41 41 41 
578.552734 -1004.854675 2436.011475 40 40 40 
574.746460 -1004.854675 2436.011475 40 40 40 
570.940186 -1004.854675 2436.011475 40 40 40 
566.595825 -1003.901306 2433.700195 40 40 40 
562.793152 -1003.901306 2433.700195 40 40 40 
558.990540 -1003.901306 2433.700195 40 40 40 
499.580750 -1498.742188 3633.314453 32 33 37 
493.903687 -1498.742188 3633.314453 29 30 34 
489.613647 -1503.000000 3643.636475 29 31 34 
488.080231 -1515.919800 3674.957031 34 38 40 
484.420135 -1522.463257 3690.820068 38 41 42 
480.728333 -1529.063599 3706.820801 38 41 41 
476.313049 -1533.495605 3717.565186 44 47 46 
471.872101 -1537.953491 3728.372070 44 48 47 
466.046509 -1537.953491 3728.372070 26 37 44 
442.744202 -1537.953491 3728.372070 31 35 52 
436.918610 -1537.953491 3728.372070 51 52 64 
219.416061 -3861.722656 9361.751953 38 26 30 
193.489655 -3648.662109 8845.241211 34 27 36 
177.224487 -3599.020508 8724.898438 31 28 42 
159.787369 -3515.322266 8521.993164 30 32 44 
-706.804993 -2195.253174 5321.825684 57 59 60 
-703.444885 -2159.412354 5234.938965 66 68 69 
-705.862366 -2141.927246 5192.550781 75 77 78 
-712.533325 -2137.600098 5182.060547 76 82 81 
-722.089050 -2141.927246 5192.550781 76 84 83 
-730.202454 -2141.927246 5192.550781 78 85 84 
-738.315796 -2141.927246 5192.550781 81 87 86 
-744.921204 -2137.600098 5182.060547 82 86 86 
-753.018188 -2137.600098 5182.060547 81 84 84 
-759.580627 -2133.290283 5171.612793 83 84 85 
-766.116699 -2128.998047 5161.207031 87 88 89 
-772.626526 -2124.722900 5150.843262 78 77 77 
-779.110229 -2120.464844 5140.520996 47 46 46 
-785.567993 -2116.224121 5130.240234 36 36 36 
-793.583984 -2116.224121 5130.240234 56 58 57 
-801.599976 -2116.224121 5130.240234 69 71 70 
-811.238464 -2120.464844 5140.520996 65 66 65 
-819.270569 -2120.464844 5140.520996 45 45 45 
-886.122437 -1799.510254 4362.449219 65 65 63 
-892.938782 -1799.510254 4362.449219 66 66 64 
-902.825928 -1805.651855 4377.337891 64 63 61 
-908.115845 -1802.575806 4369.880859 61 61 59 
-911.837036 -1796.454956 4355.042480 64 64 62 
-913.986511 -1787.351318 4332.973145 65 65 63 
-919.204041 -1784.337280 4325.666016 65 65 63 
-925.962891 -1784.337280 4325.666016 65 65 63 
-1054.336182 -1004.854675 2436.011475 73 73 72 
-1055.136353 -1002.000000 2429.090820 73 73 72 
-1056.930054 -1000.105835 2424.499023 72 72 71 
-1058.717041 -998.218872 2419.924561 72 72 71 
-1062.498169 -998.218872 2419.924561 73 73 71 
-1065.274292 -997.278015 2417.643799 74 74 72 
-1069.051880 -997.278015 2417.643799 72 72 70 
-1071.819214 -996.338989 2415.367188 68 68 66 
-1075.593262 -996.338989 2415.367188 63 63 61 
-1079.367188 -996.338989 2415.367188 60 60 58 
-1084.162109 -997.278015 2417.643799 55 56 54 
-1087.939697 -997.278015 2417.643799 57 59 58 
-1090.689209 -996.338989 2415.367188 62 65 65 
-1094.463257 -996.338989 2415.367188 64 67 66 
862.778870 -1031.412964 2509.902100 68 69 71 
858.857117 -1031.412964 2509.902100 67 68 70 
854.935425 -1031.412964 2509.902100 66 67 69 
851.013672 -1031.412964 2509.902100 64 66 67 
847.091980 -1031.412964 2509.902100 62 67 66 
842.346069 -1030.404663 2507.448730 60 66 64 
838.428162 -1030.404663 2507.448730 58 64 62 
833.695312 -1029.398438 2505.000000 58 64 62 
829.781250 -1029.398438 2505.000000 59 65 63 
824.257324 -1027.391846 2500.116943 59 65 63 
819.552124 -1026.391479 2497.682617 59 65 63 
813.273804 -1023.401917 2490.407715 59 65 63 
805.472473 -1018.457947 2478.376709 62 66 64 
800.826233 -1017.474915 2475.984619 64 66 65 
796.189026 -1016.493713 2473.596924 64 66 65 
790.798828 -1014.537048 2468.835449 64 66 65 
786.184631 -1013.561523 2466.461426 64 66 65 
781.579224 -1012.587891 2464.092285 64 66 65 
776.982727 -1011.616150 2461.727539 65 67 66 
773.136292 -1011.616150 2461.727539 68 70 69 
768.552246 -1010.646240 2459.367188 68 70 69 
764.709473 -1010.646240 2459.367188 68 70 69 
761.596924 -1011.616150 2461.727539 68 70 69 
759.207703 -1013.561523 2466.461426 68 70 69 
757.539062 -1016.493713 2473.596924 67 69 68 
762.497559 -1028.394165 2502.556152 67 69 68 
763.053955 -1034.449463 2517.291504 66 68 67 
761.362183 -1037.503906 2524.724365 65 67 66 
759.660400 -1040.576538 2532.201416 68 66 64 
756.450623 -1041.604736 2534.703613 66 65 64 
752.490112 -1041.604736 2534.703613 60 63 66 
749.270020 -1042.635010 2537.210693 46 53 58 
745.305664 -1042.635010 2537.210693 35 42 48 
741.341248 -1042.635010 2537.210693 35 41 45 
737.376831 -1042.635010 2537.210693 40 41 42 
733.412476 -1042.635010 2537.210693 43 40 38 
729.448059 -1042.635010 2537.210693 44 43 42 
725.483704 -1042.635010 2537.210693 46 46 46 
721.519287 -1042.635010 2537.210693 49 49 49 
717.554871 -1042.635010 2537.210693 49 49 49 
714.297058 -1043.667358 2539.722656 50 50 50 
711.738098 -1045.738037 2544.761963 52 52 52 
707.761902 -1045.738037 2544.761963 54 54 54 
705.184875 -1047.817139 2549.821045 55 55 55 
701.200806 -1047.817139 2549.821045 56 56 56 
697.216675 -1047.817139 2549.821045 57 57 57 
653.814697 -1017.474915 2475.984619 63 63 63 
647.446167 -1013.561523 2466.461426 62 62 62 
641.126465 -1009.678162 2457.011475 62 62 62 
636.677490 -1008.711975 2454.660400 63 63 63 
632.237122 -1007.747620 2452.313477 64 64 64 
627.805176 -1006.785095 2449.971436 65 65 65 
623.977051 -1006.785095 2449.971436 66 66 66 
619.557251 -1005.824402 2447.633545 67 67 67 
613.975281 -1002.953369 2440.646973 68 68 68 
609.581726 -1002.000000 2438.326904 66 68 67 
605.196594 -1001.048462 2436.011475 67 69 68 
601.390320 -1001.048462 2436.011475 65 67 66 
597.584045 -1001.048462 2436.011475 58 60 59 
593.214417 -1000.098694 2433.700195 52 54 53 
589.411743 -1000.098694 2433.700195 47 49 48 
585.609131 -1000.098694 2433.700195 42 44 43 
581.806458 -1000.098694 2433.700195 40 42 41 
578.003784 -1000.098694 2433.700195 40 41 40 
574.201111 -1000.098694 2433.700195 40 40 40 
570.398499 -1000.098694 2433.700195 40 40 40 
566.595825 -1000.098694 2433.700195 40 40 40 
562.259705 -999.150696 2431.393311 39 39 39 
558.460693 -999.150696 2431.393311 39 39 39 
499.580750 -1493.065186 3633.314453 34 34 32 
493.205078 -1490.953369 3628.175293 32 32 30 
488.226624 -1493.065186 3633.314453 32 32 30 
485.991455 -1503.714722 3659.229736 36 36 34 
482.338104 -1510.177612 3674.957031 38 38 36 
480.728333 -1523.271729 3706.820801 40 40 38 
476.313049 -1527.687012 3717.565186 46 46 44 
471.187225 -1529.904175 3722.960938 46 47 46 
466.046509 -1532.127930 3728.372070 28 37 46 
442.744202 -1532.127930 3728.372070 30 34 50 
436.918610 -1532.127930 3728.372070 50 52 63 
226.015045 -3962.797119 9643.308594 65 35 27 
195.512192 -3672.836182 8937.700195 63 35 33 
177.829346 -3597.624512 8754.675781 57 33 35 
159.787369 -3502.006592 8521.993164 46 29 32 
-703.884277 -2177.900879 5299.834961 57 58 60 
-700.585388 -2142.487793 5213.658691 67 68 70 
-704.436340 -2129.502930 5182.060547 75 77 79 
-712.533325 -2129.502930 5182.060547 74 82 82 
-720.630310 -2129.502930 5182.060547 74 84 83 
-728.727295 -2129.502930 5182.060547 75 84 83 
-736.824219 -2129.502930 5182.060547 77 84 84 
-744.921204 -2129.502930 5182.060547 79 84 84 
-751.500000 -2125.209717 5171.612793 79 82 83 
-758.052307 -2120.933594 5161.207031 81 82 84 
-764.578308 -2116.674805 5150.843262 86 86 88 
-771.078186 -2112.432861 5140.520996 74 74 75 
-777.552002 -2108.208008 5130.240234 44 44 44 
-784.000000 -2104.000000 5120.000000 37 37 37 
-793.583984 -2108.208008 5130.240234 57 57 57 
-801.599976 -2108.208008 5130.240234 68 68 68 
-809.616028 -2108.208008 5130.240234 62 62 62 
-819.270569 -2112.432861 5140.520996 42 42 42 
-909.665527 -1798.812256 4377.337891 61 61 59 
-911.837036 -1789.650269 4355.042480 64 64 62 
-913.986511 -1780.581055 4332.973145 65 65 63 
-919.204041 -1777.578369 4325.666016 66 66 64 
-925.962891 -1777.578369 4325.666016 66 66 64 
-1051.340942 -998.204529 2429.090820 73 73 71 
-1053.141724 -996.317566 2424.499023 73 73 71 
-1054.935791 -994.437744 2419.924561 73 73 71 
-1058.717041 -994.437744 2419.924561 72 72 70 
-1060.497192 -992.565002 2415.367188 73 73 71 
-1064.271240 -992.565002 2415.367188 73 73 71 
-1067.040405 -991.631226 2413.094971 72 72 70 
-1070.810913 -991.631226 2413.094971 67 67 65 
-1073.571411 -990.699280 2410.827148 63 63 61 
-1077.338379 -990.699280 2410.827148 58 58 56 
-1082.122314 -991.631226 2413.094971 55 55 53 
-1085.892700 -991.631226 2413.094971 59 60 59 
-1089.663208 -991.631226 2413.094971 65 67 66 
-1091.380249 -989.769043 2408.563477 65 67 66 
-1095.143677 -989.769043 2408.563477 65 67 66 
862.778870 -1027.491211 2509.902100 67 68 70 
858.857117 -1027.491211 2509.902100 66 67 69 
854.099731 -1026.486816 2507.448730 66 67 69 
850.181824 -1026.486816 2507.448730 65 67 68 
846.263916 -1026.486816 2507.448730 63 67 66 
842.346069 -1026.486816 2507.448730 60 66 64 
837.609375 -1025.484375 2505.000000 58 64 62 
833.695312 -1025.484375 2505.000000 58 64 62 
828.971680 -1024.483887 2502.556152 59 65 63 
824.257324 -1023.485352 2500.116943 59 65 63 
818.754883 -1021.494141 2495.252930 59 65 63 
810.127686 -1015.566711 2480.773682 59 65 63 
804.695007 -1013.606201 2475.984619 62 66 64 
799.283264 -1011.653198 2471.213867 64 66 65 
794.656372 -1010.679504 2468.835449 64 66 65 
790.038452 -1009.707703 2466.461426 64 66 65 
785.429382 -1008.737732 2464.092285 65 67 66 
780.829163 -1007.769653 2461.727539 64 66 65 
776.982727 -1007.769653 2461.727539 64 66 65 
773.136292 -1007.769653 2461.727539 66 68 67 
768.552246 -1006.803467 2459.367188 68 70 69 
763.976990 -1005.839111 2457.011475 68 70 69 
760.866760 -1006.803467 2459.367188 68 70 69 
757.750488 -1007.769653 2461.727539 68 70 69 
755.353821 -1009.707703 2466.461426 67 69 68 
758.796143 -1019.510681 2490.407715 67 69 68 
760.814087 -1027.491211 2509.902100 66 68 67 
759.120728 -1030.516235 2517.291504 65 67 66 
758.911255 -1035.597656 2529.704102 68 66 64 
755.703857 -1036.619995 2532.201416 66 65 64 
751.747314 -1036.619995 2532.201416 61 64 67 
748.529663 -1037.644287 2534.703613 48 54 60 
744.569153 -1037.644287 2534.703613 37 44 50 
740.608704 -1037.644287 2534.703613 35 40 44 
736.648193 -1037.644287 2534.703613 38 39 40 
732.687744 -1037.644287 2534.703613 44 41 39 
729.448059 -1038.670654 2537.210693 45 44 43 
725.483704 -1038.670654 2537.210693 46 46 46 
721.519287 -1038.670654 2537.210693 49 49 49 
717.554871 -1038.670654 2537.210693 49 49 49 
714.297058 -1039.698975 2539.722656 51 51 51 
711.738098 -1041.761963 2544.761963 53 53 53 
707.761902 -1041.761963 2544.761963 55 55 55 
705.184875 -1043.833008 2549.821045 56 56 56 
701.200806 -1043.833008 2549.821045 57 57 57 
697.216675 -1043.833008 2549.821045 57 57 57 
693.922363 -1044.871704 2552.358154 58 58 58 
674.613892 -1039.698975 2539.722656 62 62 62 
655.079285 -1015.566711 2480.773682 63 63 63 
647.446167 -1009.707703 2466.461426 62 62 62 
641.126465 -1005.839111 2457.011475 62 62 62 
636.068848 -1003.915894 2452.313477 63 63 63 
631.633240 -1002.957031 2449.971436 64 64 64 
626.011414 -1000.091431 2442.971436 65 65 65 
622.194275 -1000.091431 2442.971436 66 66 66 
617.788757 -999.139893 2440.646973 67 67 67 
613.391663 -998.190125 2438.326904 68 68 68 
608.425049 -996.296021 2433.700195 67 68 68 
604.622375 -996.296021 2433.700195 68 70 69 
600.819763 -996.296021 2433.700195 66 68 67 
597.017090 -996.296021 2433.700195 59 61 60 
593.214417 -996.296021 2433.700195 54 56 55 
588.853088 -995.351685 2431.393311 49 51 50 
585.054016 -995.351685 2431.393311 43 45 44 
581.255005 -995.351685 2431.393311 40 41 40 
577.455933 -995.351685 2431.393311 40 40 40 
573.656860 -995.351685 2431.393311 40 40 40 
569.857849 -995.351685 2431.393311 40 40 40 
566.058777 -995.351685 2431.393311 40 40 40 
561.727295 -994.409119 2429.090820 39 39 39 
557.931824 -994.409119 2429.090820 39 39 39 
554.136353 -994.409119 2429.090820 39 39 39 
498.169495 -1483.186401 3623.050781 35 35 33 
492.508484 -1483.186401 3623.050781 35 35 33 
488.226624 -1487.388062 3633.314453 35 35 33 
483.920441 -1491.613647 3643.636475 36 36 34 
480.273895 -1497.997192 3659.229736 39 39 37 
480.728333 -1517.479736 3706.820801 41 41 39 
476.313049 -1521.878296 3717.565186 47 47 45 
470.504333 -1521.878296 3717.565186 47 48 47 
464.695648 -1521.878296 3717.565186 28 38 46 
459.552979 -1524.087036 3722.960938 13 26 40 
226.015045 -3947.729248 9643.308594 95 72 54 
197.577469 -3697.521240 9032.112305 92 69 52 
178.438354 -3596.219238 8784.657227 80 54 40 
160.320007 -3500.320068 8550.400391 68 43 32 
-702.432983 -2165.146484 5288.907227 56 57 59 
-699.164307 -2130.012207 5203.083008 67 68 70 
-704.436340 -2121.406006 5182.060547 76 78 80 
-711.096802 -2117.129150 5171.612793 75 83 82 
-719.177429 -2117.129150 5171.612793 73 84 82 
-727.258057 -2117.129150 5171.612793 73 82 81 
-736.824219 -2121.406006 5182.060547 74 81 81 
-743.419373 -2117.129150 5171.612793 77 82 83 
-751.500000 -2117.129150 5171.612793 78 81 82 
-756.530151 -2108.626465 5150.843262 81 82 83 
-763.046082 -2104.400879 5140.520996 85 85 87 
-769.536011 -2100.191895 5130.240234 72 72 73 
-776.000000 -2096.000000 5120.000000 42 42 42 
-784.000000 -2096.000000 5120.000000 39 39 39 
-792.000000 -2096.000000 5120.000000 57 57 57 
-800.000000 -2096.000000 5120.000000 65 65 65 
-809.616028 -2100.191895 5130.240234 59 59 59 
-817.632019 -2100.191895 5130.240234 41 41 41 
-909.665527 -1791.972656 4377.337891 61 61 59 
-911.837036 -1782.845459 4355.042480 64 64 62 
-913.986511 -1773.810791 4332.973145 65 65 63 
-919.204041 -1770.819580 4325.666016 66 66 64 
-925.962891 -1770.819580 4325.666016 66 66 64 
-1051.340942 -994.409119 2429.090820 73 73 71 
-1052.147339 -991.592041 2422.209717 73 73 71 
-1054.935791 -990.656616 2419.924561 73 73 71 
-1056.723145 -988.790955 2415.367188 72 72 70 
-1059.499512 -987.860779 2413.094971 73 73 71 
-1063.270020 -987.860779 2413.094971 72 72 70 
-1066.037598 -986.932312 2410.827148 70 70 68 
-1068.800049 -986.005615 2408.563477 66 66 64 
-1070.552979 -984.157471 2404.048828 62 62 60 
-1074.309326 -984.157471 2404.048828 58 58 56 
-1079.076904 -985.080688 2406.303955 54 54 53 
-1082.836792 -985.080688 2406.303955 59 60 59 
-1085.578247 -984.157471 2404.048828 66 68 67 
-1089.334595 -984.157471 2404.048828 66 68 67 
-1092.067383 -983.235962 2401.797852 66 68 67 
-1097.876221 -985.080688 2406.303955 67 69 68 
858.857117 -1023.569458 2509.902100 66 67 69 
854.099731 -1022.568909 2507.448730 66 67 69 
850.181824 -1022.568909 2507.448730 66 68 69 
845.437500 -1021.570312 2505.000000 63 68 67 
841.523438 -1021.570312 2505.000000 60 66 64 
837.609375 -1021.570312 2505.000000 58 64 62 
832.881958 -1020.573669 2502.556152 58 64 62 
828.163757 -1019.578979 2500.116943 59 65 63 
824.257324 -1019.578979 2500.116943 59 65 63 
818.754883 -1017.595337 2495.252930 59 65 63 
808.563721 -1009.737427 2475.984619 59 65 63 
803.144531 -1007.791931 2471.213867 63 66 64 
797.746155 -1005.853821 2466.461426 64 66 65 
793.892334 -1005.853821 2466.461426 64 66 65 
789.279541 -1004.887634 2464.092285 64 66 65 
785.429382 -1004.887634 2464.092285 65 67 66 
780.829163 -1003.923218 2461.727539 64 66 65 
776.237793 -1002.960693 2459.367188 63 65 64 
772.395020 -1002.960693 2459.367188 65 67 66 
767.081360 -1001.041138 2454.660400 67 69 68 
763.245911 -1001.041138 2454.660400 68 70 69 
759.410522 -1001.041138 2454.660400 68 70 69 
757.023987 -1002.960693 2459.367188 68 70 69 
754.628235 -1004.887634 2464.092285 67 69 68 
754.401550 -1009.737427 2475.984619 67 69 68 
758.587341 -1020.573669 2502.556152 66 68 67 
757.633667 -1024.572021 2512.360352 65 67 66 
758.163574 -1030.628540 2527.211914 68 66 64 
754.958557 -1031.645020 2529.704102 66 65 64 
751.005920 -1031.645020 2529.704102 61 65 68 
747.790710 -1032.663330 2532.201416 50 56 61 
744.569153 -1033.683838 2534.703613 38 45 51 
740.608704 -1033.683838 2534.703613 34 39 44 
736.648193 -1033.683838 2534.703613 37 38 39 
732.687744 -1033.683838 2534.703613 44 41 39 
728.727295 -1033.683838 2534.703613 45 44 43 
724.766785 -1033.683838 2534.703613 46 46 46 
721.519287 -1034.706177 2537.210693 49 49 49 
717.554871 -1034.706177 2537.210693 49 49 49 
714.297058 -1035.730713 2539.722656 51 51 51 
711.032715 -1036.757202 2542.239746 54 54 54 
707.761902 -1037.785767 2544.761963 55 55 55 
705.184875 -1039.848877 2549.821045 56 56 56 
701.898499 -1040.883545 2552.358154 57 57 57 
697.216675 -1039.848877 2549.821045 57 57 57 
693.922363 -1040.883545 2552.358154 58 58 58 
679.928589 -1037.785767 2544.761963 61 61 61 
674.613892 -1035.730713 2539.722656 62 62 62 
662.123169 -1022.568909 2507.448730 63 63 63 
647.446167 -1005.853821 2466.461426 62 62 62 
641.126465 -1002.000000 2457.011475 62 62 62 
636.068848 -1000.084106 2452.313477 63 63 63 
629.828552 -996.274292 2442.971436 64 64 64 
625.415771 -995.326355 2440.646973 65 65 65 
621.602295 -995.326355 2440.646973 66 66 66 
616.615356 -993.435913 2436.011475 67 67 67 
612.227722 -992.493347 2433.700195 68 68 68 
608.425049 -992.493347 2433.700195 67 69 68 
604.049316 -991.552612 2431.393311 69 71 70 
600.250244 -991.552612 2431.393311 67 69 68 
596.451172 -991.552612 2431.393311 60 62 61 
592.652161 -991.552612 2431.393311 55 57 56 
588.853088 -991.552612 2431.393311 50 52 51 
585.054016 -991.552612 2431.393311 43 45 44 
581.255005 -991.552612 2431.393311 39 41 40 
577.455933 -991.552612 2431.393311 39 40 40 
573.656860 -991.552612 2431.393311 40 40 40 
569.857849 -991.552612 2431.393311 40 40 40 
566.058777 -991.552612 2431.393311 40 40 40 
561.727295 -990.613647 2429.090820 39 39 39 
557.931824 -990.613647 2429.090820 39 39 39 
554.136353 -990.613647 2429.090820 39 39 39 
498.169495 -1477.525391 3623.050781 36 36 34 
492.508484 -1477.525391 3623.050781 38 38 36 
486.847473 -1477.525391 3623.050781 38 38 36 
483.920441 -1485.920410 3643.636475 37 37 35 
479.589752 -1490.153809 3654.017090 39 39 37 
475.234283 -1494.411377 3664.457031 41 41 39 
474.936432 -1511.687866 3706.820801 47 47 45 
470.504333 -1516.069580 3717.565186 47 48 47 
464.023163 -1513.875488 3712.185303 28 38 46 
458.886963 -1516.069580 3717.565186 13 26 40 
453.735840 -1518.270020 3722.960938 16 25 43 
250.500000 -4086.281250 10020.000000 68 87 76 
234.843750 -4086.281250 10020.000000 81 98 87 
201.841721 -3762.906494 9227.050781 76 87 73 
180.290665 -3619.681641 8875.847656 70 75 59 
160.320007 -3486.959961 8550.400391 78 74 57 
144.550827 -3429.796631 8410.229492 81 74 61 
-702.432983 -2156.882568 5288.907227 55 56 58 
-699.164307 -2121.882324 5203.083008 67 68 70 
-703.016113 -2109.048340 5171.612793 77 78 80 
-711.096802 -2109.048340 5171.612793 74 82 81 
-719.177429 -2109.048340 5171.612793 72 82 81 
-727.258057 -2109.048340 5171.612793 73 81 80 
-735.338684 -2109.048340 5171.612793 74 80 80 
-743.419373 -2109.048340 5171.612793 77 81 82 
-749.987915 -2104.804932 5161.207031 78 81 82 
-755.014038 -2096.368652 5140.520996 80 81 83 
-761.520020 -2092.176025 5130.240234 85 84 86 
-768.000000 -2088.000000 5120.000000 70 70 71 
-774.454163 -2083.840576 5109.800781 40 40 40 
-782.438232 -2083.840576 5109.800781 40 40 40 
-790.422302 -2083.840576 5109.800781 57 57 57 
-798.406372 -2083.840576 5109.800781 63 63 63 
-806.390442 -2083.840576 5109.800781 57 57 57 
-816.000000 -2088.000000 5120.000000 40 40 40 
-909.665527 -1785.133057 4377.337891 61 61 59 
-910.291504 -1773.030518 4347.661133 64 64 62 
-913.986511 -1767.040527 4332.973145 65 65 63 
-919.204041 -1764.060669 4325.666016 66 66 64 
-925.962891 -1764.060669 4325.666016 66 66 64 
-1052.147339 -987.807373 2422.209717 73 73 71 
-1053.941528 -985.945312 2417.643799 73 73 71 
-1055.729126 -984.090332 2413.094971 73 73 71 
-1058.503784 -983.165405 2410.827148 73 73 71 
-1060.277710 -981.320801 2406.303955 72 72 69 
-1064.037476 -981.320801 2406.303955 69 69 66 
-1066.796631 -980.401123 2404.048828 65 65 63 
-1069.550537 -979.483154 2401.797852 62 62 59 
-1073.303345 -979.483154 2401.797852 57 57 55 
-1077.056152 -979.483154 2401.797852 54 54 53 
-1080.808960 -979.483154 2401.797852 59 61 59 
-1084.561768 -979.483154 2401.797852 66 68 67 
-1087.296509 -978.566895 2399.551025 66 68 67 
-1091.045898 -978.566895 2399.551025 67 69 68 
-1094.795166 -978.566895 2399.551025 67 69 68 
845.437500 -1017.656250 2505.000000 63 68 68 
841.523438 -1017.656250 2505.000000 61 67 66 
837.609375 -1017.656250 2505.000000 59 65 64 
832.881958 -1016.663391 2502.556152 58 64 64 
828.971680 -1016.663391 2502.556152 58 64 64 
818.754883 -1013.696472 2495.252930 59 65 65 
807.005798 -1003.930664 2471.213867 60 66 65 
801.599976 -1002.000000 2466.461426 63 66 65 
796.979858 -1001.037476 2464.092285 64 66 65 
793.129700 -1001.037476 2464.092285 64 66 65 
789.279541 -1001.037476 2464.092285 63 65 64 
783.923279 -999.117920 2459.367188 64 66 65 
779.333313 -998.160950 2457.011475 64 66 65 
775.494263 -998.160950 2457.011475 64 66 65 
771.655151 -998.160950 2457.011475 66 68 67 
767.081360 -997.205750 2454.660400 68 70 69 
761.787964 -995.300842 2449.971436 68 70 69 
757.959900 -995.300842 2449.971436 67 69 68 
755.575134 -997.205750 2454.660400 67 69 68 
753.181213 -999.117920 2459.367188 67 69 68 
752.947998 -1003.930664 2471.213867 67 69 68 
756.373535 -1013.696472 2495.252930 66 68 67 
757.633667 -1020.646423 2512.360352 65 67 66 
756.672546 -1024.660767 2522.241943 68 66 64 
754.214783 -1026.679810 2527.211914 66 65 64 
750.265991 -1026.679810 2527.211914 61 64 67 
747.053284 -1027.692261 2529.704102 50 57 62 
743.834167 -1028.706787 2532.201416 40 47 53 
739.877563 -1028.706787 2532.201416 34 39 44 
735.921021 -1028.706787 2532.201416 36 38 39 
732.687744 -1029.723267 2534.703613 43 41 38 
728.727295 -1029.723267 2534.703613 45 44 43 
724.766785 -1029.723267 2534.703613 46 46 46 
720.806335 -1029.723267 2534.703613 49 49 49 
716.845825 -1029.723267 2534.703613 49 49 49 
713.590515 -1030.741821 2537.210693 51 51 51 
710.328735 -1031.762329 2539.722656 53 53 53 
707.060486 -1032.784912 2542.239746 54 54 54 
705.184875 -1035.864868 2549.821045 55 55 55 
701.898499 -1036.895508 2552.358154 56 56 56 
697.910461 -1036.895508 2552.358154 56 56 56 
686.629456 -1037.928345 2554.900391 59 59 59 
679.928589 -1033.809570 2544.761963 60 60 60 
675.952393 -1033.809570 2544.761963 62 62 62 
665.375244 -1023.654236 2519.764160 63 63 63 
643.592285 -1002.000000 2466.461426 62 62 62 
635.461304 -995.300842 2449.971436 63 63 63 
629.229309 -991.512817 2440.646973 64 64 64 
624.227905 -989.629639 2436.011475 65 65 65 
620.421631 -989.629639 2436.011475 66 66 66 
616.030334 -988.690674 2433.700195 66 66 66 
612.227722 -988.690674 2433.700195 67 67 67 
607.848328 -987.753540 2431.393311 67 68 69 
604.049316 -987.753540 2431.393311 67 68 69 
600.250244 -987.753540 2431.393311 67 68 69 
596.451172 -987.753540 2431.393311 61 63 64 
592.652161 -987.753540 2431.393311 55 57 58 
588.295471 -986.818176 2429.090820 49 51 52 
584.500000 -986.818176 2429.090820 43 44 45 
580.704529 -986.818176 2429.090820 39 40 41 
576.909119 -986.818176 2429.090820 39 39 40 
573.113647 -986.818176 2429.090820 40 40 40 
569.857849 -987.753540 2431.393311 41 41 41 
566.058777 -987.753540 2431.393311 40 40 40 
561.727295 -986.818176 2429.090820 39 39 39 
557.931824 -986.818176 2429.090820 40 40 40 
554.136353 -986.818176 2429.090820 40 40 40 
497.466858 -1469.788452 3617.940674 37 37 37 
491.813812 -1469.788452 3617.940674 39 39 38 
486.847473 -1471.864380 3623.050781 39 39 39 
483.234039 -1478.127686 3638.468018 39 39 38 
478.907532 -1482.332886 3648.819336 40 40 39 
474.556335 -1486.562012 3659.229736 42 42 41 
472.886322 -1499.395630 3690.820068 46 46 46 
469.144501 -1505.895996 3706.820801 47 48 48 
463.352600 -1505.895996 3706.820801 30 40 44 
457.560699 -1505.895996 3706.820801 13 26 41 
452.422577 -1508.075195 3712.185303 14 23 47 
446.622284 -1508.075195 3712.185303 17 24 46 
266.156250 -4070.625000 10020.000000 29 47 49 
250.500000 -4070.625000 10020.000000 31 65 83 
234.843750 -4070.625000 10020.000000 45 76 100 
207.055344 -3845.313721 9465.387695 53 71 84 
182.181824 -3643.636475 8968.951172 75 88 84 
160.856186 -3485.217285 8578.997070 96 107 90 
145.026321 -3427.894775 8437.894531 92 106 89 
-697.748962 -2109.473633 5192.550781 67 67 68 
-703.016113 -2100.967773 5171.612793 76 76 77 
-711.096802 -2100.967773 5171.612793 79 79 80 
-719.177429 -2100.967773 5171.612793 79 80 80 
-727.258057 -2100.967773 5171.612793 79 80 80 
-735.338684 -2100.967773 5171.612793 78 78 79 
-741.923523 -2096.740479 5161.207031 80 79 80 
-748.481934 -2092.530029 5150.843262 83 82 83 
-753.504028 -2084.159912 5130.240234 84 82 83 
-760.000000 -2080.000000 5120.000000 86 83 85 
-766.470093 -2075.856689 5109.800781 69 67 70 
-772.914490 -2071.729736 5099.642090 37 36 37 
-777.790100 -2063.524658 5079.445312 41 40 37 
-784.173889 -2059.446533 5069.407227 58 58 53 
-792.094849 -2059.446533 5069.407227 64 64 58 
-800.015808 -2059.446533 5069.407227 57 56 53 
-814.374512 -2075.856689 5109.800781 39 38 38 
-909.665527 -1778.293579 4377.337891 63 61 61 
-908.751282 -1763.248779 4340.304688 67 65 65 
-913.986511 -1760.270264 4332.973145 68 65 65 
-919.204041 -1757.301880 4325.666016 66 66 65 
-1053.941528 -982.167786 2417.643799 73 73 71 
-1054.736816 -979.398499 2410.827148 72 73 69 
-1056.517822 -977.560974 2406.303955 72 73 68 
-1058.292114 -975.730347 2401.797852 71 72 66 
-1062.044922 -975.730347 2401.797852 68 69 62 
-1064.800781 -974.817566 2399.551025 65 66 61 
-1068.550049 -974.817566 2399.551025 61 62 58 
-1072.299316 -974.817566 2399.551025 55 55 56 
-1076.048706 -974.817566 2399.551025 55 55 58 
-1079.797974 -974.817566 2399.551025 61 62 63 
-1082.534546 -973.906555 2397.308350 65 67 66 
-1086.280396 -973.906555 2397.308350 67 69 68 
-1090.026123 -973.906555 2397.308350 68 70 69 
-1093.771973 -973.906555 2397.308350 67 69 68 
821.854248 -1008.816345 2492.827881 58 64 64 
810.867065 -1000.069336 2471.213867 59 65 65 
805.453857 -998.146179 2466.461426 60 66 66 
800.829956 -997.187317 2464.092285 63 67 66 
796.214966 -996.230347 2461.727539 65 67 66 
791.608826 -995.275146 2459.367188 64 66 65 
787.766052 -995.275146 2459.367188 63 65 64 
782.422974 -993.370361 2454.660400 64 66 65 
777.100281 -991.472778 2449.971436 63 65 64 
773.272217 -991.472778 2449.971436 64 66 65 
769.444153 -991.472778 2449.971436 67 69 68 
763.428589 -988.640015 2442.971436 68 70 69 
758.167297 -986.760437 2438.326904 68 70 69 
754.357422 -986.760437 2438.326904 67 69 68 
751.977173 -988.640015 2442.971436 67 69 68 
751.021057 -992.420654 2452.313477 67 69 68 
750.057556 -996.230347 2461.727539 67 69 68 
755.638489 -1008.816345 2492.827881 66 68 67 
755.414062 -1013.742188 2505.000000 65 67 66 
754.447083 -1017.717651 2514.823486 68 66 64 
752.731567 -1020.719788 2522.241943 66 65 64 
749.527588 -1021.724426 2524.724365 61 65 67 
746.317261 -1022.731018 2527.211914 51 58 63 
743.100586 -1023.739624 2529.704102 41 48 54 
739.877563 -1024.750244 2532.201416 34 40 44 
735.921021 -1024.750244 2532.201416 37 38 39 
731.964478 -1024.750244 2532.201416 43 41 38 
728.727295 -1025.762817 2534.703613 44 43 42 
724.766785 -1025.762817 2534.703613 46 46 46 
720.094788 -1024.750244 2532.201416 49 49 49 
716.845825 -1025.762817 2534.703613 48 48 48 
713.590515 -1026.777466 2537.210693 50 50 50 
710.328735 -1027.794067 2539.722656 51 51 51 
707.060486 -1028.812744 2542.239746 53 53 53 
704.484619 -1030.855957 2547.289062 54 54 54 
701.200806 -1031.880737 2549.821045 55 55 55 
697.910461 -1032.907471 2552.358154 55 55 55 
679.928589 -1029.833374 2544.761963 60 60 60 
675.952393 -1029.833374 2544.761963 61 61 61 
665.375244 -1019.717102 2519.764160 63 63 63 
643.592285 -998.146179 2466.461426 62 62 62 
633.645691 -988.640015 2442.971436 63 63 63 
628.034180 -985.823364 2436.011475 64 64 64 
624.227905 -985.823364 2436.011475 65 65 65 
619.833008 -984.888062 2433.700195 66 66 66 
616.030334 -984.888062 2433.700195 66 66 66 
611.647400 -983.954529 2431.393311 66 66 66 
607.848328 -983.954529 2431.393311 67 67 69 
604.049316 -983.954529 2431.393311 66 67 69 
600.250244 -983.954529 2431.393311 67 68 70 
596.451172 -983.954529 2431.393311 62 63 65 
592.090881 -983.022705 2429.090820 55 56 58 
588.295471 -983.022705 2429.090820 49 50 52 
584.500000 -983.022705 2429.090820 43 44 46 
580.704529 -983.022705 2429.090820 39 40 42 
576.909119 -983.022705 2429.090820 39 39 40 
573.113647 -983.022705 2429.090820 40 40 40 
569.857849 -983.954529 2431.393311 41 41 41 
566.058777 -983.954529 2431.393311 40 40 40 
561.727295 -983.022705 2429.090820 39 39 39 
557.931824 -983.022705 2429.090820 40 40 40 
554.136353 -983.022705 2429.090820 41 41 41 
503.798889 -1449.821289 3582.569824 37 37 37 
501.704651 -1460.016846 3607.763672 37 37 37 
496.067505 -1460.016846 3607.763672 38 38 38 
491.813812 -1464.135376 3617.940674 39 39 39 
486.847473 -1466.203369 3623.050781 40 40 40 
482.549591 -1470.356934 3633.314453 40 40 40 
478.227264 -1474.534058 3643.636475 40 40 40 
473.880341 -1478.734985 3654.017090 42 42 42 
469.508575 -1482.959961 3664.457031 46 46 46 
467.119415 -1493.628784 3690.820068 48 49 48 
462.683990 -1497.939453 3701.471924 31 42 44 
456.900421 -1497.939453 3701.471924 14 26 43 
451.116882 -1497.939453 3701.471924 14 22 49 
445.976868 -1500.104004 3706.820801 16 23 47 
266.156250 -4054.968750 10020.000000 20 31 39 
250.500000 -4054.968750 10020.000000 14 35 52 
234.843750 -4054.968750 10020.000000 21 42 65 
219.187500 -4054.968750 10020.000000 33 53 74 
183.464783 -3655.183105 9032.112305 58 84 96 
168.167831 -3629.622314 8968.951172 70 107 110 
147.451508 -3471.812744 8578.997070 61 100 102 
130.980392 -3392.392090 8382.745117 39 71 76 
117.498375 -3381.342041 8355.439453 34 52 61 
-696.339417 -2097.115234 5182.060547 66 66 66 
-703.016113 -2092.887207 5171.612793 76 75 75 
-709.666016 -2088.676025 5161.207031 80 79 79 
-717.730408 -2088.676025 5161.207031 82 81 81 
-725.794800 -2088.676025 5161.207031 82 81 81 
-733.859131 -2088.676025 5161.207031 80 79 79 
-740.433716 -2084.481934 5150.843262 82 81 81 
-746.981995 -2080.304688 5140.520996 86 85 85 
-752.000000 -2072.000000 5120.000000 86 84 85 
-758.486084 -2067.872559 5109.800781 87 85 86 
-764.946350 -2063.761475 5099.642090 67 65 69 
-769.853455 -2055.588135 5079.445312 36 34 36 
-776.252991 -2051.525635 5069.407227 42 41 37 
-782.627197 -2047.479248 5059.408203 59 59 52 
-790.532532 -2047.479248 5059.408203 65 65 57 
-798.437866 -2047.479248 5059.408203 56 55 49 
-806.343201 -2047.479248 5059.408203 38 37 36 
-909.665527 -1771.453979 4377.337891 62 60 61 
-908.751282 -1756.467041 4340.304688 66 64 65 
-915.533020 -1756.467041 4340.304688 66 64 65 
-1052.949097 -977.468933 2415.367188 73 73 70 
-1051.771362 -972.888489 2404.048828 71 72 68 
-1054.539307 -971.977539 2401.797852 71 72 67 
-1057.302124 -971.068298 2399.551025 70 71 64 
-1061.051392 -971.068298 2399.551025 67 69 59 
-1064.800781 -971.068298 2399.551025 65 66 59 
-1067.551392 -970.160767 2397.308350 61 62 58 
-1071.297241 -970.160767 2397.308350 55 54 56 
-1075.042969 -970.160767 2397.308350 57 56 61 
-1078.788818 -970.160767 2397.308350 63 64 65 
-1082.534546 -970.160767 2397.308350 66 68 67 
-1085.266113 -969.254883 2395.070068 68 70 69 
-1089.008423 -969.254883 2395.070068 68 70 69 
-1092.750732 -969.254883 2395.070068 67 69 68 
848.069580 -999.095642 2478.376709 67 69 68 
844.197083 -999.095642 2478.376709 67 69 68 
820.169861 -998.131287 2475.984619 58 64 64 
814.728333 -996.208069 2471.213867 58 64 64 
809.307678 -994.292297 2466.461426 59 65 65 
804.680115 -993.337158 2464.092285 60 66 66 
800.061401 -992.383850 2461.727539 63 67 66 
795.451599 -991.432434 2459.367188 65 67 66 
790.850586 -990.482788 2457.011475 64 66 65 
786.258362 -989.534912 2454.660400 63 65 64 
780.928345 -987.644714 2449.971436 64 66 65 
776.358765 -986.702271 2447.633545 63 65 64 
770.329224 -983.885803 2440.646973 64 66 65 
765.787048 -982.950562 2438.326904 67 69 68 
761.253540 -982.017090 2436.011475 69 71 70 
756.011353 -980.155457 2431.393311 69 71 70 
752.926025 -981.085388 2433.700195 68 70 69 
749.834778 -982.017090 2436.011475 67 69 68 
748.159973 -984.822876 2442.971436 67 69 68 
750.057556 -992.383850 2461.727539 67 69 68 
755.638489 -1004.921265 2492.827881 66 68 67 
753.941528 -1007.859680 2500.116943 65 67 66 
752.970642 -1011.804321 2509.902100 68 66 64 
751.254150 -1014.783142 2517.291504 66 65 64 
748.054993 -1015.779968 2519.764160 62 66 68 
744.849548 -1016.778748 2522.241943 53 60 65 
743.100586 -1019.786987 2529.704102 43 49 55 
739.147949 -1019.786987 2529.704102 35 40 45 
735.195251 -1019.786987 2529.704102 38 39 40 
731.964478 -1020.793701 2532.201416 44 41 39 
728.007874 -1020.793701 2532.201416 45 43 43 
724.051331 -1020.793701 2532.201416 46 46 46 
720.094788 -1020.793701 2532.201416 49 49 49 
716.138184 -1020.793701 2532.201416 48 48 48 
712.885376 -1021.802368 2534.703613 49 49 49 
709.626099 -1022.813049 2537.210693 51 51 51 
706.360413 -1023.825745 2539.722656 52 52 52 
703.785706 -1025.857178 2544.761963 54 54 54 
700.504456 -1026.875854 2547.289062 55 55 55 
697.216675 -1027.896606 2549.821045 55 55 55 
679.928589 -1025.857178 2544.761963 60 60 60 
675.282471 -1024.840454 2542.239746 61 61 61 
664.070618 -1013.788208 2514.823486 63 63 63 
643.592285 -994.292297 2466.461426 62 62 62 
633.042847 -983.885803 2440.646973 63 63 63 
628.034180 -982.017090 2436.011475 64 64 64 
623.635681 -981.085388 2433.700195 65 65 65 
619.245483 -980.155457 2431.393311 66 66 66 
615.446472 -980.155457 2431.393311 66 66 66 
611.647400 -980.155457 2431.393311 66 66 66 
607.848328 -980.155457 2431.393311 67 67 69 
604.049316 -980.155457 2431.393311 66 67 69 
600.250244 -980.155457 2431.393311 67 68 70 
596.451172 -980.155457 2431.393311 62 63 65 
592.090881 -979.227295 2429.090820 56 57 59 
588.295471 -979.227295 2429.090820 50 51 53 
584.500000 -979.227295 2429.090820 44 45 47 
580.704529 -979.227295 2429.090820 40 41 43 
576.909119 -979.227295 2429.090820 39 40 40 
573.113647 -979.227295 2429.090820 40 40 40 
569.857849 -980.155457 2431.393311 41 41 41 
566.058777 -980.155457 2431.393311 40 40 40 
561.727295 -979.227295 2429.090820 39 39 39 
557.931824 -979.227295 2429.090820 40 40 40 
554.136353 -979.227295 2429.090820 41 41 41 
502.395538 -1440.200562 3572.590576 37 37 37 
501.000000 -1452.337036 3602.696533 38 38 38 
495.370789 -1452.337036 3602.696533 39 39 39 
491.121124 -1456.428223 3612.844971 40 40 40 
486.160797 -1458.482422 3617.940674 40 40 40 
481.867035 -1462.608154 3628.175293 41 41 41 
478.227264 -1468.840942 3643.636475 41 41 41 
473.206268 -1470.930298 3648.819336 42 42 42 
468.838806 -1475.126953 3659.229736 46 46 46 
464.446350 -1479.347656 3669.699463 48 49 49 
461.352509 -1487.861816 3690.820068 33 43 46 
455.585602 -1487.861816 3690.820068 15 28 44 
449.818695 -1487.861816 3690.820068 14 22 50 
444.691650 -1490.005737 3696.138428 16 22 46 
266.156250 -4039.312500 10020.000000 20 24 28 
250.500000 -4039.312500 10020.000000 17 17 21 
234.843750 -4039.312500 10020.000000 19 19 27 
219.187500 -4039.312500 10020.000000 26 34 52 
186.752686 -3706.322510 9193.978516 29 51 76 
172.387100 -3706.322510 9193.978516 33 68 95 
147.946304 -3470.013428 8607.785156 30 65 89 
131.842102 -3401.526367 8437.894531 31 53 73 
118.657898 -3401.526367 8437.894531 39 43 61 
-693.849304 -2106.036621 5224.276855 54 54 54 
-696.339417 -2089.018066 5182.060547 66 66 66 
-703.016113 -2084.806396 5171.612793 75 75 75 
-709.666016 -2080.611572 5161.207031 77 80 79 
-716.289185 -2076.433838 5150.843262 79 82 81 
-724.337341 -2076.433838 5150.843262 79 83 82 
-732.385559 -2076.433838 5150.843262 78 82 81 
-738.949890 -2072.272461 5140.520996 79 83 82 
-745.487976 -2068.127930 5130.240234 83 86 85 
-750.502014 -2059.888428 5109.800781 83 86 85 
-756.978149 -2055.793213 5099.642090 83 86 85 
-761.916809 -2047.651489 5079.445312 64 63 66 
-768.332031 -2043.604736 5069.407227 35 33 35 
-774.721924 -2039.573975 5059.408203 44 43 39 
-781.086609 -2035.559082 5049.448730 61 60 53 
-788.976379 -2035.559082 5049.448730 66 66 58 
-795.300598 -2031.559937 5039.528320 53 52 47 
-801.599976 -2027.576416 5029.646973 36 35 34 
-809.458801 -2027.576416 5029.646973 40 39 42 
-909.665527 -1764.614380 4377.337891 60 63 62 
-908.751282 -1749.685303 4340.304688 63 66 65 
-915.533020 -1749.685303 4340.304688 62 65 64 
-1048.015015 -969.132141 2404.048828 72 72 69 
-1050.786499 -968.224731 2401.797852 70 71 67 
-1053.552856 -967.318970 2399.551025 70 71 66 
-1056.313965 -966.414978 2397.308350 69 70 63 
-1060.059814 -966.414978 2397.308350 67 68 58 
-1063.805664 -966.414978 2397.308350 64 65 58 
-1067.551392 -966.414978 2397.308350 60 61 57 
-1071.297241 -966.414978 2397.308350 55 55 56 
-1075.042969 -966.414978 2397.308350 58 57 62 
-1077.781494 -965.512634 2395.070068 64 65 66 
-1081.523804 -965.512634 2395.070068 67 69 68 
-1085.266113 -965.512634 2395.070068 68 70 69 
-1087.992554 -964.611938 2392.835938 67 69 68 
-1092.750732 -965.512634 2395.070068 67 69 68 
852.519714 -991.391724 2468.835449 69 71 70 
848.662170 -991.391724 2468.835449 68 70 69 
844.804626 -991.391724 2468.835449 67 69 68 
840.947083 -991.391724 2468.835449 67 69 68 
837.895935 -992.346802 2471.213867 67 69 68 
834.034668 -992.346802 2471.213867 65 70 69 
830.973938 -993.303772 2473.596924 63 69 69 
827.907349 -994.262573 2475.984619 61 67 67 
823.243958 -993.303772 2473.596924 60 66 66 
818.589600 -992.346802 2471.213867 59 65 65 
813.161560 -990.438477 2466.461426 59 64 65 
808.530273 -989.487061 2464.092285 60 65 66 
803.907898 -988.537415 2461.727539 60 66 66 
799.294373 -987.589661 2459.367188 63 67 66 
794.689636 -986.643677 2457.011475 64 67 66 
790.093811 -985.699524 2454.660400 63 66 65 
785.506714 -984.757202 2452.313477 63 65 64 
780.928345 -983.816650 2449.971436 63 66 65 
774.142700 -980.072327 2440.646973 63 65 64 
768.866089 -978.210815 2436.011475 64 66 65 
765.059814 -978.210815 2436.011475 67 69 68 
759.810425 -976.356384 2431.393311 69 71 70 
755.295471 -975.431824 2429.090820 69 71 70 
751.500000 -975.431824 2429.090820 69 71 70 
749.123352 -977.282715 2433.700195 68 70 69 
746.028503 -978.210815 2436.011475 67 69 68 
747.189270 -984.757202 2452.313477 67 69 68 
752.712463 -997.150024 2483.175293 66 68 67 
751.743469 -1001.026245 2492.827881 65 67 66 
751.500000 -1005.914062 2505.000000 68 66 64 
750.517639 -1009.858826 2514.823486 66 65 65 
747.320923 -1010.849854 2517.291504 63 66 69 
744.117859 -1011.842834 2519.764160 55 61 66 
741.637817 -1013.834656 2524.724365 44 51 56 
738.419678 -1014.833496 2527.211914 36 41 45 
735.195251 -1015.834351 2529.704102 38 40 41 
731.242615 -1015.834351 2529.704102 44 42 40 
728.007874 -1016.837097 2532.201416 45 44 43 
724.051331 -1016.837097 2532.201416 46 46 46 
719.384644 -1015.834351 2529.704102 48 48 48 
715.431946 -1015.834351 2529.704102 48 48 48 
712.181641 -1016.837097 2532.201416 49 49 49 
708.924927 -1017.841919 2534.703613 50 50 50 
705.661743 -1018.848694 2537.210693 52 52 52 
703.785706 -1021.880981 2544.761963 53 53 53 
700.504456 -1022.895752 2547.289062 54 54 54 
696.524353 -1022.895752 2547.289062 55 55 55 
693.232605 -1023.912537 2549.821045 56 56 56 
679.254700 -1020.868164 2542.239746 60 60 60 
668.655518 -1010.849854 2517.291504 61 61 61 
658.902710 -1002.000000 2495.252930 62 62 62 
655.003906 -1002.000000 2495.252930 62 62 62 
643.592285 -990.438477 2466.461426 62 62 62 
632.441040 -979.140686 2438.326904 63 63 63 
628.034180 -978.210815 2436.011475 64 64 64 
623.044556 -976.356384 2431.393311 65 65 65 
619.245483 -976.356384 2431.393311 66 66 66 
615.446472 -976.356384 2431.393311 66 66 66 
611.647400 -976.356384 2431.393311 66 66 66 
607.272705 -975.431824 2429.090820 67 67 69 
603.477295 -975.431824 2429.090820 66 67 69 
599.681824 -975.431824 2429.090820 67 68 70 
595.886353 -975.431824 2429.090820 62 63 65 
592.090881 -975.431824 2429.090820 56 57 59 
588.295471 -975.431824 2429.090820 51 52 54 
584.500000 -975.431824 2429.090820 45 45 47 
580.704529 -975.431824 2429.090820 41 42 43 
576.909119 -975.431824 2429.090820 40 40 40 
573.113647 -975.431824 2429.090820 41 40 40 
569.318176 -975.431824 2429.090820 41 41 41 
565.522705 -975.431824 2429.090820 40 40 39 
561.727295 -975.431824 2429.090820 39 39 39 
557.931824 -975.431824 2429.090820 40 40 40 
554.136353 -975.431824 2429.090820 41 41 40 
503.096222 -1436.619263 3577.573242 38 38 38 
501.000000 -1446.707886 3602.696533 39 39 39 
496.067505 -1448.742676 3607.763672 40 40 40 
491.121124 -1450.783081 3612.844971 40 40 40 
486.160797 -1452.829346 3617.940674 41 41 41 
481.867035 -1456.939209 3628.175293 41 41 41 
478.227264 -1463.147705 3643.636475 41 41 41 
473.206268 -1465.229004 3648.819336 42 42 42 
468.170929 -1467.316284 3654.017090 46 46 46 
463.782867 -1471.508545 3664.457031 48 49 49 
460.028687 -1477.842163 3680.229492 34 44 47 
454.278351 -1477.842163 3680.229492 17 29 45 
447.885376 -1475.724976 3674.957031 14 23 49 
441.510742 -1473.613770 3669.699463 16 22 45 
266.156250 -4023.656250 10020.000000 21 21 24 
250.500000 -4023.656250 10020.000000 16 18 21 
234.843750 -4023.656250 10020.000000 19 20 23 
219.187500 -4023.656250 10020.000000 23 24 33 
187.424454 -3705.237305 9227.050781 19 25 43 
172.387100 -3691.957031 9193.978516 17 30 52 
147.946304 -3456.563721 8607.785156 18 33 54 
131.842102 -3388.342041 8437.894531 27 35 55 
118.657898 -3388.342041 8437.894531 41 38 58 
-692.439026 -2093.609863 5213.658691 54 54 54 
-694.935486 -2076.725830 5171.612793 66 66 66 
-701.601624 -2072.547363 5161.207031 75 75 75 
-708.240967 -2068.385498 5150.843262 74 79 78 
-714.853699 -2064.240479 5140.520996 74 82 79 
-722.885803 -2064.240479 5140.520996 76 84 81 
-730.917847 -2064.240479 5140.520996 75 83 80 
-737.471985 -2060.112061 5130.240234 75 82 80 
-744.000000 -2056.000000 5120.000000 77 85 83 
-749.009949 -2047.825073 5099.642090 77 85 82 
-752.490112 -2035.683838 5069.407227 78 84 82 
-760.411072 -2035.683838 5069.407227 59 60 62 
-766.816589 -2031.668701 5059.408203 34 32 34 
-773.196838 -2027.669312 5049.448730 46 45 41 
-779.552063 -2023.685669 5039.528320 62 62 55 
-787.426331 -2023.685669 5039.528320 67 67 59 
-793.741150 -2019.717651 5029.646973 51 50 45 
-801.599976 -2019.717651 5029.646973 34 34 32 
-807.874756 -2015.765137 5019.804199 40 39 42 
-817.317627 -2019.717651 5029.646973 47 47 48 
-908.115845 -1754.780273 4369.880859 53 60 58 
-908.751282 -1742.903564 4340.304688 56 63 60 
-915.533020 -1742.903564 4340.304688 54 61 59 
-1044.258667 -965.375793 2404.048828 71 71 69 
-1047.033691 -964.471924 2401.797852 71 71 69 
-1048.822388 -962.669189 2397.308350 69 71 67 
-1051.585449 -961.770325 2395.070068 69 71 66 
-1055.327759 -961.770325 2395.070068 69 70 63 
-1059.070068 -961.770325 2395.070068 66 68 58 
-1062.812378 -961.770325 2395.070068 63 64 57 
-1066.554565 -961.770325 2395.070068 60 60 56 
-1070.296875 -961.770325 2395.070068 55 55 56 
-1074.039185 -961.770325 2395.070068 59 58 63 
-1077.781494 -961.770325 2395.070068 66 67 68 
-1080.514893 -960.873108 2392.835938 68 70 69 
-1084.253784 -960.873108 2392.835938 69 71 69 
-1087.992554 -960.873108 2392.835938 67 69 68 
-1091.731323 -960.873108 2392.835938 67 69 67 
850.881836 -985.636902 2464.092285 68 70 69 
847.846130 -986.584595 2466.461426 68 70 69 
843.992310 -986.584595 2466.461426 68 70 69 
840.138489 -986.584595 2466.461426 68 70 69 
836.284607 -986.584595 2466.461426 67 69 68 
832.430786 -986.584595 2466.461426 63 69 66 
828.576904 -986.584595 2466.461426 60 68 65 
824.723083 -986.584595 2466.461426 59 67 65 
820.869202 -986.584595 2466.461426 58 65 65 
817.015381 -986.584595 2466.461426 60 64 67 
812.380432 -985.636902 2464.092285 62 65 68 
807.754333 -984.690979 2461.727539 63 66 69 
803.137085 -983.746887 2459.367188 62 65 68 
797.764587 -981.864136 2454.660400 61 65 66 
793.929199 -981.864136 2454.660400 61 65 65 
789.338440 -980.925415 2452.313477 61 65 65 
784.756470 -979.988525 2449.971436 60 65 65 
778.697144 -977.188599 2442.971436 59 65 64 
772.672363 -974.404541 2436.011475 58 64 63 
768.136597 -973.480103 2433.700195 59 66 65 
763.609497 -972.557373 2431.393311 63 70 69 
759.090881 -971.636353 2429.090820 67 71 70 
755.295471 -971.636353 2429.090820 69 71 70 
751.500000 -971.636353 2429.090820 70 72 71 
747.704529 -971.636353 2429.090820 69 71 70 
745.320679 -973.480103 2433.700195 68 70 69 
743.634644 -976.258789 2440.646973 67 69 68 
750.532837 -990.393799 2475.984619 66 68 67 
751.743469 -997.131226 2492.827881 65 67 66 
751.500000 -1002.000000 2505.000000 66 67 67 
749.782593 -1004.944153 2512.360352 66 66 67 
746.588257 -1005.929443 2514.823486 63 65 67 
743.387634 -1006.916565 2517.291504 58 61 64 
740.180725 -1007.905701 2519.764160 50 53 56 
737.692932 -1009.889771 2524.724365 41 43 46 
734.470947 -1010.884705 2527.211914 39 40 42 
730.522156 -1010.884705 2527.211914 41 41 41 
727.289917 -1011.881653 2529.704102 43 42 43 
723.337280 -1011.881653 2529.704102 45 45 45 
718.675842 -1010.884705 2527.211914 47 47 47 
714.727112 -1010.884705 2527.211914 49 49 49 
711.479309 -1011.881653 2529.704102 49 49 49 
708.225098 -1012.880554 2532.201416 51 51 51 
704.964417 -1013.881409 2534.703613 52 52 52 
703.088196 -1016.895935 2542.239746 53 53 53 
699.809509 -1017.904785 2544.761963 55 55 55 
696.524353 -1018.915588 2547.289062 55 55 55 
693.232605 -1019.928406 2549.821045 56 56 56 
678.582153 -1015.889099 2539.722656 59 59 59 
667.345764 -1004.944153 2512.360352 60 60 60 
658.262390 -997.131226 2492.827881 61 61 61 
654.367371 -997.131226 2492.827881 62 62 62 
643.592285 -986.584595 2466.461426 62 62 62 
632.441040 -975.330811 2438.326904 63 63 63 
628.034180 -974.404541 2436.011475 64 64 64 
623.044556 -972.557373 2431.393311 65 65 65 
619.245483 -972.557373 2431.393311 66 66 66 
615.446472 -972.557373 2431.393311 66 66 66 
611.647400 -972.557373 2431.393311 67 67 67 
607.272705 -971.636353 2429.090820 66 66 67 
603.477295 -971.636353 2429.090820 67 68 68 
599.681824 -971.636353 2429.090820 68 69 69 
595.886353 -971.636353 2429.090820 65 65 66 
592.090881 -971.636353 2429.090820 60 60 61 
588.295471 -971.636353 2429.090820 54 54 54 
584.500000 -971.636353 2429.090820 47 47 48 
580.704529 -971.636353 2429.090820 43 43 43 
576.909119 -971.636353 2429.090820 42 41 39 
573.113647 -971.636353 2429.090820 42 41 38 
569.318176 -971.636353 2429.090820 41 41 37 
565.522705 -971.636353 2429.090820 41 40 37 
561.727295 -971.636353 2429.090820 41 40 37 
557.403992 -970.717102 2426.792725 41 41 37 
553.612122 -970.717102 2426.792725 41 40 37 
496.766205 -1445.138062 3612.844971 39 39 39 
491.121124 -1445.138062 3612.844971 40 40 40 
486.160797 -1447.176270 3617.940674 41 41 41 
481.867035 -1451.270142 3628.175293 41 41 41 
478.227264 -1457.454590 3643.636475 42 42 42 
473.206268 -1459.527710 3648.819336 43 43 43 
468.170929 -1461.606812 3654.017090 46 46 46 
463.782867 -1465.782837 3664.457031 49 50 50 
460.028687 -1472.091797 3680.229492 37 44 48 
454.278351 -1472.091797 3680.229492 20 30 40 
447.244629 -1467.879883 3669.699463 15 24 39 
441.510742 -1467.879883 3669.699463 16 26 40 
435.776825 -1467.879883 3669.699463 24 32 41 
266.156250 -4008.000000 10020.000000 18 19 21 
250.500000 -4008.000000 10020.000000 15 19 18 
234.843750 -4008.000000 10020.000000 17 21 19 
219.187500 -4008.000000 10020.000000 20 21 24 
187.424454 -3690.820068 9227.050781 19 19 29 
164.712326 -3513.863037 8784.657227 17 20 35 
145.986755 -3397.510010 8493.774414 17 23 38 
131.842102 -3375.157959 8437.894531 22 26 42 
118.657898 -3375.157959 8437.894531 28 30 47 
-692.439026 -2085.463379 5213.658691 55 56 50 
-694.935486 -2068.645264 5171.612793 66 67 66 
-700.192749 -2060.337402 5150.843262 73 75 77 
-706.821655 -2056.208496 5140.520996 71 80 79 
-714.853699 -2056.208496 5140.520996 72 82 80 
-722.885803 -2056.208496 5140.520996 73 82 81 
-729.455994 -2052.095947 5130.240234 73 80 79 
-736.000000 -2048.000000 5120.000000 73 80 79 
-742.517944 -2043.920288 5109.800781 78 83 83 
-744.569153 -2027.762817 5069.407227 79 82 83 
-751.005920 -2023.763306 5059.408203 79 81 82 
-758.911255 -2023.763306 5059.408203 58 58 57 
-765.307068 -2019.779541 5049.448730 33 32 30 
-771.677795 -2015.811401 5039.528320 47 46 42 
-778.023560 -2011.858887 5029.646973 63 63 58 
-785.882324 -2011.858887 5029.646973 65 66 60 
-793.741150 -2011.858887 5029.646973 47 50 44 
-800.031311 -2007.921753 5019.804199 29 35 29 
-806.296875 -2004.000000 5010.000000 34 41 36 
-815.718201 -2007.921753 5019.804199 44 48 45 
-906.571411 -1744.979614 4362.449219 56 53 53 
-911.837036 -1742.016968 4355.042480 58 55 55 
-1050.346313 -970.717102 2426.792725 65 72 67 
-1043.280884 -960.719116 2401.797852 65 72 67 
-1045.076660 -958.923340 2397.308350 65 72 67 
-1047.843140 -958.028015 2395.070068 64 71 68 
-1050.604492 -957.134338 2392.835938 65 70 68 
-1054.343262 -957.134338 2392.835938 68 68 66 
-1059.070068 -958.028015 2395.070068 68 66 63 
-1062.812378 -958.028015 2395.070068 64 63 58 
-1066.554565 -958.028015 2395.070068 59 60 56 
-1070.296875 -958.028015 2395.070068 53 54 53 
-1073.037354 -957.134338 2392.835938 56 58 59 
-1076.776123 -957.134338 2392.835938 65 67 65 
-1080.514893 -957.134338 2392.835938 68 69 66 
-1084.253784 -957.134338 2392.835938 68 69 66 
-1087.992554 -957.134338 2392.835938 67 69 65 
-1091.731323 -957.134338 2392.835938 66 68 65 
853.911682 -980.844543 2461.727539 69 71 70 
850.065247 -980.844543 2461.727539 68 70 69 
846.218811 -980.844543 2461.727539 69 71 70 
843.181580 -981.786743 2464.092285 69 71 70 
839.331421 -981.786743 2464.092285 68 70 69 
835.481262 -981.786743 2464.092285 67 69 68 
831.631104 -981.786743 2464.092285 63 69 65 
827.781006 -981.786743 2464.092285 61 68 64 
823.930847 -981.786743 2464.092285 60 66 65 
820.080688 -981.786743 2464.092285 58 65 65 
816.230530 -981.786743 2464.092285 60 63 67 
811.600769 -980.844543 2461.727539 62 63 68 
806.206909 -978.965515 2457.011475 62 64 69 
801.599976 -978.028687 2454.660400 61 63 68 
797.764587 -978.028687 2454.660400 61 64 66 
793.170166 -977.093689 2452.313477 61 64 65 
787.832092 -975.229004 2447.633545 61 64 65 
782.514282 -973.371460 2442.971436 60 64 65 
777.956238 -972.445312 2440.646973 57 62 63 
772.672363 -970.598267 2436.011475 52 59 59 
768.136597 -969.677429 2433.700195 53 59 59 
763.609497 -968.758301 2431.393311 60 66 66 
759.090881 -967.840881 2429.090820 66 70 69 
755.295471 -967.840881 2429.090820 69 71 70 
751.500000 -967.840881 2429.090820 70 72 71 
747.704529 -967.840881 2429.090820 69 71 70 
745.320679 -969.677429 2433.700195 68 70 69 
742.927734 -971.520935 2438.326904 67 69 68 
746.927979 -981.786743 2464.092285 66 68 67 
753.941528 -996.140381 2500.116943 65 67 66 
752.970642 -1000.039124 2509.902100 65 67 68 
749.048950 -1000.039124 2509.902100 66 67 69 
745.856995 -1001.018616 2512.360352 64 65 67 
742.658813 -1002.000000 2514.823486 60 61 63 
739.454346 -1002.983337 2517.291504 54 55 57 
736.243591 -1003.968567 2519.764160 43 44 46 
733.026550 -1004.955750 2522.241943 39 40 42 
729.803162 -1005.944885 2524.724365 39 40 42 
726.573425 -1006.935974 2527.211914 41 42 42 
722.624634 -1006.935974 2527.211914 44 44 44 
717.968506 -1005.944885 2524.724365 46 46 46 
713.321533 -1004.955750 2522.241943 48 48 48 
710.778320 -1006.935974 2527.211914 49 49 49 
707.526611 -1007.929016 2529.704102 50 50 50 
704.268494 -1008.924011 2532.201416 52 52 52 
701.697327 -1010.919861 2537.210693 53 53 53 
699.809509 -1013.928589 2544.761963 55 55 55 
696.524353 -1014.935425 2547.289062 55 55 55 
674.613892 -1011.920776 2539.722656 59 59 59 
658.262390 -993.236145 2492.827881 60 60 60 
654.367371 -993.236145 2492.827881 61 61 61 
643.592285 -982.730774 2466.461426 62 62 62 
632.441040 -971.520935 2438.326904 63 63 63 
628.034180 -970.598267 2436.011475 64 64 64 
623.635681 -969.677429 2433.700195 65 65 65 
619.245483 -968.758301 2431.393311 65 65 65 
615.446472 -968.758301 2431.393311 66 66 66 
611.647400 -968.758301 2431.393311 67 67 67 
607.848328 -968.758301 2431.393311 66 66 66 
603.477295 -967.840881 2429.090820 68 68 68 
599.681824 -967.840881 2429.090820 69 69 69 
595.886353 -967.840881 2429.090820 66 66 66 
592.090881 -967.840881 2429.090820 61 61 61 
588.295471 -967.840881 2429.090820 55 55 55 
584.500000 -967.840881 2429.090820 48 48 48 
580.704529 -967.840881 2429.090820 44 43 43 
576.909119 -967.840881 2429.090820 43 42 39 
573.113647 -967.840881 2429.090820 43 42 37 
569.318176 -967.840881 2429.090820 42 41 36 
565.522705 -967.840881 2429.090820 41 40 35 
561.727295 -967.840881 2429.090820 42 41 36 
557.403992 -966.925232 2426.792725 42 41 36 
553.612122 -966.925232 2426.792725 41 40 35 
497.466858 -1441.523315 3617.940674 40 40 40 
491.813812 -1441.523315 3617.940674 40 40 40 
486.847473 -1443.559326 3623.050781 41 41 41 
481.867035 -1445.601074 3628.175293 41 41 41 
478.227264 -1451.761353 3643.636475 42 42 42 
473.206268 -1453.826416 3648.819336 43 43 43 
468.838806 -1457.974365 3659.229736 47 47 47 
464.446350 -1462.145874 3669.699463 50 50 51 
460.689667 -1468.448242 3685.517334 40 45 51 
454.931030 -1468.448242 3685.517334 22 30 41 
447.885376 -1464.240723 3674.957031 15 25 37 
441.510742 -1462.145874 3669.699463 15 27 40 
436.401154 -1464.240723 3674.957031 23 32 43 
266.156250 -3992.343750 10020.000000 16 18 20 
250.500000 -3992.343750 10020.000000 16 17 16 
234.843750 -3992.343750 10020.000000 18 18 17 
219.187500 -3992.343750 10020.000000 19 19 23 
203.531250 -3992.343750 10020.000000 18 18 25 
171.771423 -3650.142822 9161.142578 16 17 28 
150.470993 -3488.191162 8754.675781 16 18 30 
132.277222 -3373.069336 8465.742188 18 19 32 
119.049507 -3373.069336 8465.742188 20 22 34 
-691.034485 -2073.103516 5203.083008 52 54 50 
-694.935486 -2060.564453 5171.612793 62 66 65 
-700.192749 -2052.289062 5150.843262 68 74 76 
-706.821655 -2048.176270 5140.520996 69 79 78 
-713.424011 -2044.079956 5130.240234 70 81 79 
-721.440002 -2044.079956 5130.240234 73 82 81 
-729.455994 -2044.079956 5130.240234 73 79 79 
-734.533875 -2035.936279 5109.800781 73 78 79 
-741.041748 -2031.888672 5099.642090 79 82 83 
-743.100586 -2015.858032 5059.408203 80 81 83 
-749.527588 -2011.889771 5049.448730 80 80 82 
-757.417297 -2011.889771 5049.448730 58 57 58 
-763.803528 -2007.937134 5039.528320 34 32 32 
-770.164734 -2004.000000 5029.646973 46 44 44 
-778.023560 -2004.000000 5029.646973 60 59 59 
-785.882324 -2004.000000 5029.646973 58 58 57 
-792.187866 -2000.078247 5019.804199 42 44 42 
-800.031311 -2000.078247 5019.804199 30 34 32 
-806.296875 -1996.171875 5010.000000 32 37 34 
-814.125000 -1996.171875 5010.000000 41 39 38 
-905.032288 -1735.212280 4355.042480 62 57 54 
-911.837036 -1735.212280 4355.042480 65 59 56 
-1039.528076 -956.966309 2401.797852 60 69 67 
-1039.388062 -953.395508 2392.835938 60 69 67 
-1043.126831 -953.395508 2392.835938 60 69 67 
-1046.865723 -953.395508 2392.835938 59 70 66 
-1050.604492 -953.395508 2392.835938 60 69 65 
-1054.343262 -953.395508 2392.835938 62 66 65 
-1058.082031 -953.395508 2392.835938 64 64 64 
-1061.820923 -953.395508 2392.835938 59 62 60 
-1065.559692 -953.395508 2392.835938 54 60 58 
-1069.298462 -953.395508 2392.835938 50 58 57 
-1073.037354 -953.395508 2392.835938 53 63 64 
-1076.776123 -953.395508 2392.835938 61 68 66 
-1079.507935 -952.507019 2390.605713 64 69 66 
-1083.243286 -952.507019 2390.605713 64 69 66 
-1086.978516 -952.507019 2390.605713 64 69 66 
-1090.713867 -952.507019 2390.605713 64 69 66 
853.093018 -976.061340 2459.367188 69 71 70 
849.250244 -976.061340 2459.367188 68 70 69 
846.218811 -976.998108 2461.727539 69 71 70 
843.181580 -977.936584 2464.092285 69 71 70 
839.331421 -977.936584 2464.092285 68 70 69 
835.481262 -977.936584 2464.092285 67 69 68 
831.631104 -977.936584 2464.092285 65 69 65 
827.781006 -977.936584 2464.092285 64 68 65 
823.930847 -977.936584 2464.092285 62 66 65 
820.080688 -977.936584 2464.092285 61 64 66 
815.447205 -976.998108 2461.727539 59 63 67 
810.045959 -975.126465 2457.011475 56 60 65 
806.206909 -975.126465 2457.011475 55 60 64 
801.599976 -974.193298 2454.660400 57 62 66 
797.001892 -973.261963 2452.313477 61 63 66 
791.656494 -971.404602 2447.633545 62 63 65 
787.081055 -970.478577 2445.300293 62 63 65 
782.514282 -969.554260 2442.971436 62 63 65 
777.956238 -968.631775 2440.646973 62 63 65 
772.672363 -966.792053 2436.011475 56 57 59 
768.136597 -965.874756 2433.700195 53 54 56 
764.333984 -965.874756 2433.700195 60 61 62 
759.090881 -964.045471 2429.090820 66 68 68 
755.295471 -964.045471 2429.090820 69 71 70 
751.500000 -964.045471 2429.090820 70 72 71 
747.704529 -964.045471 2429.090820 69 71 70 
745.320679 -965.874756 2433.700195 68 70 69 
742.927734 -967.710999 2438.326904 67 69 68 
746.211121 -976.998108 2461.727539 66 68 67 
753.941528 -992.233948 2500.116943 65 67 66 
752.970642 -996.117432 2509.902100 65 66 67 
749.048950 -996.117432 2509.902100 66 67 69 
745.856995 -997.093018 2512.360352 65 66 68 
741.931458 -997.093018 2512.360352 62 63 65 
739.454346 -999.050049 2517.291504 56 57 59 
735.521118 -999.050049 2517.291504 45 46 48 
732.306458 -1000.031433 2519.764160 40 41 43 
728.369324 -1000.031433 2519.764160 39 40 42 
725.858276 -1002.000000 2524.724365 41 41 42 
721.203552 -1001.014771 2522.241943 43 43 43 
717.262512 -1001.014771 2522.241943 45 45 45 
712.620850 -1000.031433 2519.764160 47 47 47 
709.380554 -1001.014771 2522.241943 49 49 49 
706.829529 -1002.987183 2527.211914 50 50 50 
704.268494 -1004.967407 2532.201416 51 51 51 
701.697327 -1006.955505 2537.210693 53 53 53 
699.809509 -1009.952393 2544.761963 54 54 54 
662.771057 -996.117432 2509.902100 60 60 60 
642.974060 -977.936584 2464.092285 62 62 62 
632.441040 -967.710999 2438.326904 63 63 63 
628.034180 -966.792053 2436.011475 64 64 64 
623.635681 -965.874756 2433.700195 65 65 65 
619.833008 -965.874756 2433.700195 65 65 65 
616.030334 -965.874756 2433.700195 66 66 66 
612.227722 -965.874756 2433.700195 67 67 67 
607.848328 -964.959229 2431.393311 66 66 66 
604.049316 -964.959229 2431.393311 68 68 68 
600.250244 -964.959229 2431.393311 69 69 69 
595.886353 -964.045471 2429.090820 66 66 66 
592.090881 -964.045471 2429.090820 62 62 62 
588.295471 -964.045471 2429.090820 56 56 56 
584.500000 -964.045471 2429.090820 48 48 48 
580.704529 -964.045471 2429.090820 44 44 44 
576.909119 -964.045471 2429.090820 43 42 39 
573.113647 -964.045471 2429.090820 43 42 37 
569.318176 -964.045471 2429.090820 42 41 36 
565.522705 -964.045471 2429.090820 41 40 35 
561.727295 -964.045471 2429.090820 42 41 36 
557.403992 -963.133423 2426.792725 43 42 37 
553.612122 -963.133423 2426.792725 42 41 36 
498.169495 -1437.898315 3623.050781 40 40 40 
492.508484 -1437.898315 3623.050781 41 41 41 
487.536072 -1439.932129 3628.175293 41 41 41 
482.549591 -1441.971680 3633.314453 42 42 42 
478.227264 -1446.068237 3643.636475 43 43 43 
473.880341 -1450.187988 3654.017090 44 44 44 
469.508575 -1454.331421 3664.457031 47 47 47 
465.111755 -1458.498535 3674.957031 51 51 52 
461.352509 -1464.794189 3690.820068 42 46 55 
455.585602 -1464.794189 3690.820068 24 31 46 
449.172424 -1462.689697 3685.517334 15 24 41 
442.143280 -1458.498535 3674.957031 15 26 43 
436.401154 -1458.498535 3674.957031 23 31 44 
281.812500 -3976.687500 10020.000000 15 19 18 
266.156250 -3976.687500 10020.000000 13 18 19 
250.500000 -3976.687500 10020.000000 14 18 18 
234.843750 -3976.687500 10020.000000 16 18 18 
219.187500 -3976.687500 10020.000000 16 18 20 
203.531250 -3976.687500 10020.000000 14 16 20 
187.875000 -3976.687500 10020.000000 15 15 22 
-689.635620 -2060.793457 5192.550781 42 47 50 
-694.935486 -2052.483887 5171.612793 55 63 63 
-698.789551 -2040.144287 5140.520996 65 75 74 
-705.408020 -2036.063965 5130.240234 66 78 76 
-712.000000 -2032.000000 5120.000000 69 79 78 
-720.000000 -2032.000000 5120.000000 72 81 80 
-726.549805 -2027.952148 5109.800781 73 80 79 
-733.073547 -2023.920532 5099.642090 73 78 78 
-739.571411 -2019.904785 5089.523926 78 81 82 
-741.637817 -2004.000000 5049.448730 80 81 83 
-748.054993 -2000.062866 5039.528320 79 79 81 
-755.929260 -2000.062866 5039.528320 58 56 58 
-763.803528 -2000.062866 5039.528320 33 31 33 
-770.164734 -1996.141235 5029.646973 45 43 45 
-778.023560 -1996.141235 5029.646973 57 55 57 
-784.344421 -1992.234863 5019.804199 56 53 55 
-792.187866 -1992.234863 5019.804199 44 41 43 
-798.468750 -1988.343750 5010.000000 36 31 34 
-806.296875 -1988.343750 5010.000000 36 30 32 
-814.125000 -1988.343750 5010.000000 44 33 32 
-905.032288 -1728.407471 4355.042480 64 64 57 
-911.837036 -1728.407471 4355.042480 66 66 59 
-1035.649292 -949.656738 2392.835938 59 62 64 
-1038.419434 -948.771667 2390.605713 59 62 64 
-1041.184326 -947.888245 2388.379883 59 62 64 
-1044.916260 -947.888245 2388.379883 58 64 60 
-1048.648071 -947.888245 2388.379883 57 64 59 
-1053.360718 -948.771667 2390.605713 58 62 61 
-1057.095947 -948.771667 2390.605713 58 61 63 
-1060.831299 -948.771667 2390.605713 53 59 62 
-1064.566650 -948.771667 2390.605713 47 56 60 
-1068.302002 -948.771667 2390.605713 45 59 63 
-1072.037231 -948.771667 2390.605713 49 66 71 
-1075.772583 -948.771667 2390.605713 56 69 71 
-1078.502808 -947.888245 2388.379883 59 69 70 
-1082.234619 -947.888245 2388.379883 59 69 70 
-1085.966431 -947.888245 2388.379883 59 69 70 
-1090.713867 -948.771667 2390.605713 59 69 70 
-1094.449219 -948.771667 2390.605713 59 70 70 
849.250244 -972.218628 2459.367188 68 70 69 
846.218811 -973.151611 2461.727539 69 71 70 
842.372375 -973.151611 2461.727539 69 71 70 
839.331421 -974.086487 2464.092285 68 70 69 
835.481262 -974.086487 2464.092285 67 69 68 
831.631104 -974.086487 2464.092285 67 69 66 
827.781006 -974.086487 2464.092285 66 68 65 
823.930847 -974.086487 2464.092285 64 66 66 
820.080688 -974.086487 2464.092285 63 64 67 
815.447205 -973.151611 2461.727539 58 63 66 
810.045959 -971.287354 2457.011475 52 58 61 
806.206909 -971.287354 2457.011475 50 57 60 
801.599976 -970.357910 2454.660400 54 60 63 
797.001892 -969.430237 2452.313477 61 63 65 
791.656494 -967.580139 2447.633545 63 63 65 
787.081055 -966.657776 2445.300293 63 63 65 
782.514282 -965.737122 2442.971436 63 63 65 
777.956238 -964.818298 2440.646973 67 64 67 
772.672363 -962.985779 2436.011475 64 61 64 
768.866089 -962.985779 2436.011475 62 58 61 
764.333984 -962.072083 2433.700195 64 60 63 
759.810425 -961.160217 2431.393311 67 67 67 
755.295471 -960.250000 2429.090820 69 71 70 
751.500000 -960.250000 2429.090820 70 72 71 
747.704529 -960.250000 2429.090820 69 71 70 
745.320679 -962.072083 2433.700195 68 70 69 
742.927734 -963.901123 2438.326904 67 69 68 
746.211121 -973.151611 2461.727539 66 68 67 
753.941528 -988.327515 2500.116943 65 67 66 
752.234619 -991.225830 2507.448730 65 66 67 
748.316711 -991.225830 2507.448730 66 67 68 
745.127197 -992.195679 2509.902100 65 67 68 
741.931458 -993.167480 2512.360352 63 65 67 
738.729431 -994.141174 2514.823486 58 59 61 
735.521118 -995.116760 2517.291504 46 47 49 
731.587830 -995.116760 2517.291504 40 41 43 
727.654541 -995.116760 2517.291504 38 40 42 
724.432251 -996.094299 2519.764160 40 40 41 
720.495117 -996.094299 2519.764160 42 42 42 
715.854736 -995.116760 2517.291504 45 45 45 
711.921509 -995.116760 2517.291504 47 47 47 
707.988220 -995.116760 2517.291504 48 48 48 
705.439514 -997.073730 2522.241943 49 49 49 
703.573975 -1000.023682 2529.704102 51 51 51 
701.003967 -1002.000000 2534.703613 52 52 52 
700.504456 -1006.975159 2547.289062 54 54 54 
642.356995 -973.151611 2461.727539 62 62 62 
632.441040 -963.901123 2438.326904 63 63 63 
628.034180 -962.985779 2436.011475 64 64 64 
624.227905 -962.985779 2436.011475 65 65 65 
619.833008 -962.072083 2433.700195 65 65 65 
616.030334 -962.072083 2433.700195 66 66 66 
612.227722 -962.072083 2433.700195 67 67 67 
607.848328 -961.160217 2431.393311 66 66 66 
604.049316 -961.160217 2431.393311 68 68 68 
600.250244 -961.160217 2431.393311 69 69 69 
596.451172 -961.160217 2431.393311 66 66 66 
592.090881 -960.250000 2429.090820 62 62 62 
588.295471 -960.250000 2429.090820 56 56 56 
584.500000 -960.250000 2429.090820 49 49 49 
580.704529 -960.250000 2429.090820 45 45 45 
576.909119 -960.250000 2429.090820 43 43 39 
573.113647 -960.250000 2429.090820 43 42 37 
569.318176 -960.250000 2429.090820 42 41 36 
565.522705 -960.250000 2429.090820 41 41 36 
561.727295 -960.250000 2429.090820 43 42 37 
557.403992 -959.341553 2426.792725 43 42 37 
553.612122 -959.341553 2426.792725 43 42 37 
498.874115 -1434.263062 3628.175293 41 41 41 
492.508484 -1432.237305 3623.050781 41 41 41 
487.536072 -1434.263062 3628.175293 42 42 42 
482.549591 -1436.294678 3633.314453 43 43 43 
478.907532 -1442.423950 3648.819336 44 44 44 
474.556335 -1446.539185 3659.229736 45 45 45 
470.180267 -1450.678101 3669.699463 48 48 48 
465.111755 -1452.756470 3674.957031 52 52 53 
462.683990 -1463.238037 3701.471924 43 47 58 
456.242065 -1461.129639 3696.138428 25 32 50 
449.818695 -1459.027344 3690.820068 16 24 45 
442.777618 -1454.840698 3680.229492 15 25 47 
437.655182 -1456.931030 3685.517334 22 30 46 
281.812500 -3961.031250 10020.000000 15 18 18 
266.156250 -3961.031250 10020.000000 11 19 18 
250.500000 -3961.031250 10020.000000 12 18 19 
234.843750 -3961.031250 10020.000000 14 18 19 
219.187500 -3961.031250 10020.000000 13 17 18 
203.531250 -3961.031250 10020.000000 11 15 15 
187.875000 -3961.031250 10020.000000 14 15 17 
-688.242432 -2048.533447 5182.060547 31 39 48 
-694.935486 -2044.403198 5171.612793 50 61 62 
-698.789551 -2032.112183 5140.520996 65 79 75 
-704.000000 -2024.000000 5120.000000 65 78 75 
-710.581665 -2019.968140 5109.800781 67 78 77 
-718.565735 -2019.968140 5109.800781 72 81 80 
-726.549805 -2019.968140 5109.800781 73 80 80 
-731.619019 -2011.952393 5089.523926 72 78 78 
-736.648193 -2004.000000 5069.407227 77 80 82 
-740.180725 -1992.188599 5039.528320 79 80 81 
-748.054993 -1992.188599 5039.528320 78 78 80 
-755.929260 -1992.188599 5039.528320 54 53 52 
-763.803528 -1992.188599 5039.528320 31 30 27 
-770.164734 -1988.282349 5029.646973 45 44 42 
-778.023560 -1988.282349 5029.646973 59 57 55 
-784.344421 -1984.391357 5019.804199 61 57 55 
-792.187866 -1984.391357 5019.804199 56 48 47 
-798.468750 -1980.515625 5010.000000 39 29 29 
-806.296875 -1980.515625 5010.000000 40 28 28 
-814.125000 -1980.515625 5010.000000 50 38 31 
-910.291504 -1718.684692 4347.661133 64 67 63 
-1033.720703 -944.156433 2388.379883 63 56 56 
-1036.487427 -943.278137 2386.158203 63 56 56 
-1040.215820 -943.278137 2386.158203 63 56 56 
-1043.944214 -943.278137 2386.158203 61 58 54 
-1047.672607 -943.278137 2386.158203 60 58 54 
-1051.400879 -943.278137 2386.158203 59 57 58 
-1056.111694 -944.156433 2388.379883 57 55 61 
-1059.843628 -944.156433 2388.379883 52 52 61 
-1063.575439 -944.156433 2388.379883 44 48 58 
-1067.307251 -944.156433 2388.379883 42 53 63 
-1071.039062 -944.156433 2388.379883 44 62 71 
-1073.771118 -943.278137 2386.158203 49 64 69 
-1076.498169 -942.401489 2383.940430 52 65 68 
-1080.223022 -942.401489 2383.940430 51 65 68 
-1084.956299 -943.278137 2386.158203 51 65 68 
-1089.698364 -944.156433 2388.379883 51 65 68 
-1094.449219 -945.036377 2390.605713 51 66 69 
850.065247 -969.305176 2461.727539 68 69 71 
846.218811 -969.305176 2461.727539 69 70 72 
842.372375 -969.305176 2461.727539 69 71 72 
839.331421 -970.236328 2464.092285 68 70 71 
835.481262 -970.236328 2464.092285 68 69 70 
831.631104 -970.236328 2464.092285 66 67 66 
827.781006 -970.236328 2464.092285 65 67 66 
823.930847 -970.236328 2464.092285 65 67 66 
820.080688 -970.236328 2464.092285 63 65 65 
816.230530 -970.236328 2464.092285 60 63 64 
810.822632 -968.375854 2459.367188 56 60 60 
806.206909 -967.448303 2457.011475 53 57 57 
801.599976 -966.522461 2454.660400 53 57 57 
796.240662 -964.676208 2449.971436 60 62 62 
791.656494 -963.755737 2447.633545 64 65 65 
787.081055 -962.836975 2445.300293 65 66 66 
782.514282 -961.919983 2442.971436 64 65 65 
777.956238 -961.004761 2440.646973 66 66 66 
772.672363 -959.179504 2436.011475 66 66 66 
768.866089 -959.179504 2436.011475 65 65 66 
764.333984 -958.269470 2433.700195 66 65 66 
759.810425 -957.361145 2431.393311 67 68 68 
755.295471 -956.454529 2429.090820 70 70 70 
751.500000 -956.454529 2429.090820 71 72 71 
747.704529 -956.454529 2429.090820 70 71 70 
744.614197 -957.361145 2431.393311 70 70 70 
742.927734 -960.091248 2438.326904 69 70 70 
747.646179 -971.169250 2466.461426 69 69 69 
753.941528 -984.421082 2500.116943 68 68 68 
752.234619 -987.307922 2507.448730 66 67 66 
748.316711 -987.307922 2507.448730 65 66 66 
745.127197 -988.273987 2509.902100 64 66 66 
741.205505 -988.273987 2509.902100 62 65 67 
738.005859 -989.241943 2512.360352 57 61 64 
734.799988 -990.211792 2514.823486 45 51 53 
730.870605 -990.211792 2514.823486 36 43 45 
727.654541 -991.183533 2517.291504 34 41 43 
723.721313 -991.183533 2517.291504 38 41 42 
719.788025 -991.183533 2517.291504 42 42 42 
715.152954 -990.211792 2514.823486 45 45 45 
711.223511 -990.211792 2514.823486 47 47 47 
707.294128 -990.211792 2514.823486 48 48 48 
704.054932 -991.183533 2517.291504 50 50 50 
702.188965 -994.110229 2524.724365 51 51 51 
699.621277 -996.070984 2529.704102 52 52 52 
642.356995 -969.305176 2461.727539 62 62 60 
632.441040 -960.091248 2438.326904 63 63 61 
628.034180 -959.179504 2436.011475 63 63 62 
624.227905 -959.179504 2436.011475 64 64 63 
619.833008 -958.269470 2433.700195 65 65 63 
616.030334 -958.269470 2433.700195 66 66 64 
612.227722 -958.269470 2433.700195 66 66 65 
608.425049 -958.269470 2433.700195 67 67 64 
604.049316 -957.361145 2431.393311 68 68 66 
600.250244 -957.361145 2431.393311 68 68 67 
596.451172 -957.361145 2431.393311 67 67 67 
592.090881 -956.454529 2429.090820 63 63 63 
588.295471 -956.454529 2429.090820 56 56 57 
584.500000 -956.454529 2429.090820 51 51 53 
580.704529 -956.454529 2429.090820 46 46 49 
576.909119 -956.454529 2429.090820 42 42 41 
573.113647 -956.454529 2429.090820 42 42 39 
569.857849 -957.361145 2431.393311 43 43 40 
566.058777 -957.361145 2431.393311 43 43 40 
561.727295 -956.454529 2429.090820 43 43 40 
557.403992 -955.549683 2426.792725 43 42 39 
553.612122 -955.549683 2426.792725 42 42 39 
549.820251 -955.549683 2426.792725 42 42 39 
498.874115 -1428.594116 3628.175293 41 41 41 
493.205078 -1428.594116 3628.175293 42 42 42 
487.536072 -1428.594116 3628.175293 43 43 43 
482.549591 -1430.617554 3633.314453 44 44 44 
478.907532 -1436.722656 3648.819336 44 44 44 
474.556335 -1440.821655 3659.229736 45 45 45 
470.180267 -1444.944214 3669.699463 49 49 49 
467.792511 -1455.354492 3696.138428 51 52 52 
462.683990 -1457.454590 3701.471924 44 48 53 
456.242065 -1455.354492 3696.138428 28 34 48 
449.818695 -1453.260376 3690.820068 17 23 47 
443.413788 -1451.172363 3685.517334 16 24 50 
437.655182 -1451.172363 3685.517334 21 30 46 
266.156250 -3945.375000 10020.000000 17 16 15 
250.500000 -3945.375000 10020.000000 17 19 18 
234.843750 -3945.375000 10020.000000 16 17 18 
219.187500 -3945.375000 10020.000000 14 16 16 
203.531250 -3945.375000 10020.000000 12 14 14 
187.875000 -3945.375000 10020.000000 16 17 17 
172.218750 -3945.375000 10020.000000 17 17 17 
156.562500 -3945.375000 10020.000000 17 17 17 
-688.242432 -2040.436401 5182.060547 26 33 42 
-693.537231 -2032.225342 5161.207031 51 58 61 
-697.392029 -2020.031982 5130.240234 67 75 72 
-702.597595 -2011.984009 5109.800781 64 74 73 
-710.581665 -2011.984009 5109.800781 66 76 77 
-717.137207 -2007.984131 5099.642090 70 79 81 
-723.666687 -2004.000000 5089.523926 72 79 81 
-728.727295 -1996.079102 5069.407227 73 78 80 
-735.195251 -1992.141968 5059.408203 77 80 81 
-740.180725 -1984.314331 5039.528320 78 79 79 
-748.054993 -1984.314331 5039.528320 77 77 76 
-755.929260 -1984.314331 5039.528320 53 48 51 
-763.803528 -1984.314331 5039.528320 32 30 32 
-770.164734 -1980.423584 5029.646973 44 48 44 
-778.023560 -1980.423584 5029.646973 61 63 57 
-784.344421 -1976.547974 5019.804199 68 63 57 
-792.187866 -1976.547974 5019.804199 61 51 47 
-798.468750 -1972.687500 5010.000000 41 32 29 
-806.296875 -1972.687500 5010.000000 38 33 30 
-814.125000 -1972.687500 5010.000000 49 44 39 
-1033.720703 -940.424561 2388.379883 70 66 56 
-1035.524170 -938.676575 2383.940430 69 65 55 
-1039.249023 -938.676575 2383.940430 68 64 54 
-1042.973999 -938.676575 2383.940430 68 61 52 
-1046.698853 -938.676575 2383.940430 68 59 52 
-1050.423828 -938.676575 2383.940430 68 57 51 
-1054.148682 -938.676575 2383.940430 67 55 50 
-1057.873657 -938.676575 2383.940430 59 49 49 
-1061.598511 -938.676575 2383.940430 50 43 46 
-1065.323364 -938.676575 2383.940430 47 46 53 
-1069.048340 -938.676575 2383.940430 48 50 60 
-1072.773193 -938.676575 2383.940430 54 54 60 
-1074.500977 -936.935059 2379.517578 57 55 61 
-1078.218872 -936.935059 2379.517578 55 55 63 
-1082.941528 -937.804993 2381.727051 54 55 64 
-1088.684692 -939.549744 2386.158203 51 55 65 
-1094.449219 -941.301025 2390.605713 50 55 66 
846.218811 -965.458740 2461.727539 69 70 72 
843.181580 -966.386169 2464.092285 70 71 73 
840.138489 -967.315369 2466.461426 69 70 72 
836.284607 -967.315369 2466.461426 68 69 71 
832.430786 -967.315369 2466.461426 67 69 69 
827.781006 -966.386169 2464.092285 66 68 67 
824.723083 -967.315369 2466.461426 65 67 66 
820.080688 -966.386169 2464.092285 62 64 63 
816.230530 -966.386169 2464.092285 62 64 63 
810.822632 -964.533081 2459.367188 61 63 62 
805.435425 -962.687073 2454.660400 59 61 60 
801.599976 -962.687073 2454.660400 58 60 59 
797.001892 -961.766724 2452.313477 61 63 62 
791.656494 -959.931274 2447.633545 64 66 65 
786.331421 -958.102844 2442.971436 65 67 66 
781.769714 -957.191223 2440.646973 64 66 65 
777.216736 -956.281372 2438.326904 65 67 66 
772.672363 -955.373230 2436.011475 65 67 66 
768.866089 -955.373230 2436.011475 65 67 66 
764.333984 -954.466797 2433.700195 65 67 66 
759.090881 -952.659119 2429.090820 67 68 68 
755.295471 -952.659119 2429.090820 70 70 70 
751.500000 -952.659119 2429.090820 71 71 71 
747.704529 -952.659119 2429.090820 70 70 70 
744.614197 -953.562073 2431.393311 71 71 71 
750.778076 -966.386169 2464.092285 71 71 71 
753.941528 -980.514648 2500.116943 69 69 69 
752.234619 -983.390015 2507.448730 67 68 65 
748.316711 -983.390015 2507.448730 66 66 65 
745.127197 -984.352234 2509.902100 64 66 66 
741.205505 -984.352234 2509.902100 61 66 67 
738.005859 -985.316345 2512.360352 57 63 66 
734.080322 -985.316345 2512.360352 45 53 56 
730.870605 -986.282349 2514.823486 34 43 46 
726.941162 -986.282349 2514.823486 32 42 44 
723.721313 -987.250244 2517.291504 38 41 42 
719.082336 -986.282349 2514.823486 42 42 42 
714.452515 -985.316345 2512.360352 45 45 45 
710.526917 -985.316345 2512.360352 47 47 47 
706.601379 -985.316345 2512.360352 49 49 49 
704.054932 -987.250244 2517.291504 50 50 50 
701.498535 -989.191772 2522.241943 51 51 51 
698.932007 -991.140869 2527.211914 53 53 53 
631.840454 -955.373230 2436.011475 62 62 60 
628.034180 -955.373230 2436.011475 63 63 61 
623.635681 -954.466797 2433.700195 64 64 62 
619.833008 -954.466797 2433.700195 64 64 62 
616.030334 -954.466797 2433.700195 65 65 63 
612.227722 -954.466797 2433.700195 66 66 64 
607.848328 -953.562073 2431.393311 67 68 64 
604.049316 -953.562073 2431.393311 68 69 65 
600.250244 -953.562073 2431.393311 68 68 67 
596.451172 -953.562073 2431.393311 68 68 68 
592.090881 -952.659119 2429.090820 64 64 64 
588.295471 -952.659119 2429.090820 57 57 57 
584.500000 -952.659119 2429.090820 53 52 55 
580.704529 -952.659119 2429.090820 47 46 51 
576.909119 -952.659119 2429.090820 43 42 43 
573.113647 -952.659119 2429.090820 43 43 41 
569.857849 -953.562073 2431.393311 44 44 42 
566.058777 -953.562073 2431.393311 44 44 42 
561.727295 -952.659119 2429.090820 43 43 41 
557.403992 -951.757812 2426.792725 42 42 40 
553.612122 -951.757812 2426.792725 42 42 40 
549.820251 -951.757812 2426.792725 42 42 40 
498.874115 -1422.925049 3628.175293 41 41 41 
493.205078 -1422.925049 3628.175293 42 42 42 
487.536072 -1422.925049 3628.175293 43 43 43 
482.549591 -1424.940552 3633.314453 44 44 44 
478.907532 -1431.021362 3648.819336 44 44 44 
474.556335 -1435.104126 3659.229736 45 45 45 
470.180267 -1439.210327 3669.699463 49 49 49 
467.792511 -1449.579224 3696.138428 51 52 52 
462.683990 -1451.671021 3701.471924 45 49 50 
456.242065 -1449.579224 3696.138428 30 36 48 
449.818695 -1447.493530 3690.820068 18 23 48 
442.777618 -1443.340088 3680.229492 17 23 51 
437.655182 -1445.413818 3685.517334 21 30 46 
266.156250 -3929.718750 10020.000000 24 19 16 
250.500000 -3929.718750 10020.000000 23 22 21 
234.843750 -3929.718750 10020.000000 21 21 21 
219.187500 -3929.718750 10020.000000 19 19 19 
203.531250 -3929.718750 10020.000000 17 17 17 
187.875000 -3929.718750 10020.000000 18 18 18 
172.218750 -3929.718750 10020.000000 17 17 17 
156.562500 -3929.718750 10020.000000 17 17 17 
140.906250 -3929.718750 10020.000000 19 19 19 
-688.242432 -2032.339355 5182.060547 30 32 38 
-693.537231 -2024.161011 5161.207031 55 58 59 
-697.392029 -2012.015991 5130.240234 68 72 70 
-702.597595 -2004.000000 5109.800781 64 73 73 
-709.169006 -2000.015869 5099.642090 66 76 78 
-714.297058 -1992.095093 5079.445312 69 78 81 
-720.806335 -1988.158081 5069.407227 71 77 81 
-727.289917 -1984.236694 5059.408203 73 78 80 
-733.748047 -1980.330688 5049.448730 77 80 81 
-740.180725 -1976.440063 5039.528320 78 79 78 
-748.054993 -1976.440063 5039.528320 75 75 73 
-755.929260 -1976.440063 5039.528320 51 44 49 
-763.803528 -1976.440063 5039.528320 33 31 35 
-770.164734 -1972.564697 5029.646973 45 50 47 
-778.023560 -1972.564697 5029.646973 62 66 59 
-784.344421 -1968.704468 5019.804199 69 65 58 
-790.640625 -1964.859375 5010.000000 60 50 45 
-798.468750 -1964.859375 5010.000000 40 32 29 
-806.296875 -1964.859375 5010.000000 37 37 32 
-1035.524170 -934.951660 2383.940430 71 72 60 
-1036.359619 -932.352173 2377.312256 70 71 59 
-1040.074097 -932.352173 2377.312256 72 67 56 
-1044.756958 -933.217041 2379.517578 73 64 54 
-1048.474976 -933.217041 2379.517578 73 62 51 
-1052.192993 -933.217041 2379.517578 73 60 48 
-1055.910889 -933.217041 2379.517578 66 55 45 
-1059.628906 -933.217041 2379.517578 54 46 41 
-1063.346924 -933.217041 2379.517578 52 47 47 
-1066.076050 -932.352173 2377.312256 55 53 57 
-1069.790527 -932.352173 2377.312256 58 55 55 
-1070.528687 -929.767090 2370.720947 60 55 54 
-1074.232910 -929.767090 2370.720947 60 53 56 
-1080.934204 -932.352173 2377.312256 60 51 56 
-1087.672852 -934.951660 2383.940430 60 48 56 
851.700012 -963.461548 2466.461426 68 69 71 
847.031677 -962.536011 2464.092285 69 70 72 
843.992310 -963.461548 2466.461426 70 71 73 
840.138489 -963.461548 2466.461426 69 70 72 
836.284607 -963.461548 2466.461426 68 69 71 
832.430786 -963.461548 2466.461426 68 70 70 
828.576904 -963.461548 2466.461426 68 70 69 
824.723083 -963.461548 2466.461426 65 67 66 
820.869202 -963.461548 2466.461426 62 64 63 
816.230530 -962.536011 2464.092285 62 64 63 
810.822632 -960.690308 2459.367188 62 64 63 
805.435425 -958.851685 2454.660400 62 64 63 
801.599976 -958.851685 2454.660400 62 64 63 
797.001892 -957.934998 2452.313477 62 64 63 
790.901794 -955.195435 2445.300293 64 66 65 
785.583252 -953.377747 2440.646973 65 67 66 
781.026611 -952.471497 2438.326904 64 66 65 
776.478638 -951.566956 2436.011475 65 67 66 
771.939270 -950.664124 2433.700195 65 67 66 
768.136597 -950.664124 2433.700195 65 67 66 
763.609497 -949.763062 2431.393311 65 67 66 
759.090881 -948.863647 2429.090820 67 68 68 
754.580872 -947.965942 2426.792725 70 70 70 
750.789001 -947.965942 2426.792725 71 71 71 
746.997192 -947.965942 2426.792725 70 70 70 
743.909119 -948.863647 2429.090820 71 71 71 
752.234619 -979.472168 2507.448730 68 68 66 
748.316711 -979.472168 2507.448730 66 67 65 
745.127197 -980.430542 2509.902100 64 67 67 
741.205505 -980.430542 2509.902100 62 66 68 
738.005859 -981.390808 2512.360352 59 64 68 
734.080322 -981.390808 2512.360352 47 54 57 
730.154724 -981.390808 2512.360352 34 44 46 
726.941162 -982.352966 2514.823486 32 42 43 
723.011780 -982.352966 2514.823486 37 41 42 
719.082336 -982.352966 2514.823486 42 42 42 
714.452515 -981.390808 2512.360352 45 45 45 
710.526917 -981.390808 2512.360352 47 47 47 
706.601379 -981.390808 2512.360352 49 49 49 
703.364685 -982.352966 2514.823486 50 50 50 
700.809448 -984.282898 2519.764160 51 51 51 
697.557495 -985.250732 2522.241943 53 53 53 
699.115967 -993.062439 2542.239746 53 53 53 
631.840454 -951.566956 2436.011475 62 62 60 
627.438354 -950.664124 2433.700195 63 63 61 
623.635681 -950.664124 2433.700195 64 64 62 
619.833008 -950.664124 2433.700195 64 64 62 
616.030334 -950.664124 2433.700195 65 65 63 
611.647400 -949.763062 2431.393311 66 66 64 
607.848328 -949.763062 2431.393311 67 68 64 
604.049316 -949.763062 2431.393311 68 69 65 
600.250244 -949.763062 2431.393311 68 68 67 
596.451172 -949.763062 2431.393311 68 68 68 
592.090881 -948.863647 2429.090820 64 64 64 
588.295471 -948.863647 2429.090820 57 57 58 
584.500000 -948.863647 2429.090820 53 53 56 
580.704529 -948.863647 2429.090820 48 47 52 
576.909119 -948.863647 2429.090820 45 44 45 
573.113647 -948.863647 2429.090820 44 44 42 
569.857849 -949.763062 2431.393311 44 44 42 
566.058777 -949.763062 2431.393311 44 44 42 
561.727295 -948.863647 2429.090820 43 43 41 
557.403992 -947.965942 2426.792725 43 43 41 
553.612122 -947.965942 2426.792725 43 43 41 
549.820251 -947.965942 2426.792725 43 43 41 
499.580750 -1419.263428 3633.314453 42 42 42 
493.205078 -1417.255981 3628.175293 42 42 42 
488.226624 -1419.263428 3633.314453 43 43 43 
482.549591 -1419.263428 3633.314453 44 44 44 
478.227264 -1423.295410 3643.636475 44 44 44 
474.556335 -1429.386597 3659.229736 45 45 45 
469.508575 -1431.428589 3664.457031 49 49 49 
467.792511 -1443.804077 3696.138428 52 52 52 
462.017303 -1443.804077 3696.138428 47 51 52 
455.585602 -1441.726562 3690.820068 32 37 49 
449.172424 -1439.655151 3685.517334 18 24 48 
442.143280 -1435.530029 3674.957031 16 23 51 
437.027252 -1437.589722 3680.229492 21 29 45 
266.156250 -3914.062500 10020.000000 37 30 25 
250.500000 -3914.062500 10020.000000 34 33 30 
234.843750 -3914.062500 10020.000000 29 29 29 
219.187500 -3914.062500 10020.000000 22 22 22 
203.531250 -3914.062500 10020.000000 21 21 21 
187.875000 -3914.062500 10020.000000 20 20 20 
172.218750 -3914.062500 10020.000000 18 18 18 
156.562500 -3914.062500 10020.000000 19 19 19 
140.906250 -3914.062500 10020.000000 20 20 20 
125.250000 -3914.062500 10020.000000 19 19 20 
109.593750 -3914.062500 10020.000000 20 20 21 
-693.537231 -2016.096558 5161.207031 60 60 60 
-696.000000 -2000.000000 5120.000000 67 73 71 
-701.200806 -1992.047729 5099.642090 64 74 75 
-706.360413 -1984.158447 5079.445312 66 77 79 
-712.885376 -1980.237183 5069.407227 69 78 80 
-719.384644 -1976.331421 5059.408203 70 76 80 
-725.858276 -1972.440918 5049.448730 72 77 80 
-733.748047 -1972.440918 5049.448730 76 80 80 
-740.180725 -1968.565796 5039.528320 79 80 79 
-748.054993 -1968.565796 5039.528320 73 73 71 
-755.929260 -1968.565796 5039.528320 47 40 45 
-762.305908 -1964.705933 5029.646973 32 30 35 
-770.164734 -1964.705933 5029.646973 47 52 49 
-778.023560 -1964.705933 5029.646973 63 68 61 
-784.344421 -1960.861084 5019.804199 69 65 57 
-790.640625 -1957.031250 5010.000000 58 48 43 
-798.468750 -1957.031250 5010.000000 38 30 27 
-806.296875 -1957.031250 5010.000000 38 37 33 
-1029.781860 -926.062866 2370.720947 73 75 67 
-1032.531860 -925.207764 2368.531738 72 74 65 
-1036.232666 -925.207764 2368.531738 72 70 63 
-1040.894653 -926.062866 2370.720947 73 67 60 
-1044.598877 -926.062866 2370.720947 73 66 57 
-1048.303101 -926.062866 2370.720947 72 64 54 
-1052.007446 -926.062866 2370.720947 66 60 48 
-1055.711670 -926.062866 2370.720947 55 52 43 
-1059.415894 -926.062866 2370.720947 54 54 51 
-1063.120117 -926.062866 2370.720947 60 63 63 
-1065.839355 -925.207764 2368.531738 63 66 62 
-1067.568726 -923.502319 2364.166016 65 64 59 
-1071.262695 -923.502319 2364.166016 67 63 57 
-1075.948364 -924.354248 2366.346924 68 61 56 
-1084.648804 -928.637634 2377.312256 70 57 54 
856.377258 -960.531311 2468.835449 69 70 72 
851.700012 -959.607666 2466.461426 68 69 71 
847.846130 -959.607666 2466.461426 69 70 72 
843.992310 -959.607666 2466.461426 69 71 73 
840.138489 -959.607666 2466.461426 69 70 72 
836.284607 -959.607666 2466.461426 68 69 71 
832.430786 -959.607666 2466.461426 67 69 69 
828.576904 -959.607666 2466.461426 67 69 68 
824.723083 -959.607666 2466.461426 67 69 68 
820.869202 -959.607666 2466.461426 64 66 65 
816.230530 -958.685852 2464.092285 61 63 62 
810.822632 -956.847534 2459.367188 60 62 61 
806.206909 -955.931030 2457.011475 61 63 62 
802.367798 -955.931030 2457.011475 62 64 63 
797.764587 -955.016296 2454.660400 63 65 64 
790.148560 -950.468567 2442.971436 64 66 65 
785.583252 -949.564209 2440.646973 65 67 66 
780.284912 -947.760681 2436.011475 64 66 65 
775.741943 -946.861511 2433.700195 65 67 66 
771.207581 -945.963989 2431.393311 65 67 66 
767.408508 -945.963989 2431.393311 65 67 66 
763.609497 -945.963989 2431.393311 65 67 66 
758.372742 -944.174072 2426.792725 67 68 68 
753.867676 -943.281677 2424.499023 70 70 70 
749.371094 -942.390930 2422.209717 71 71 71 
745.586426 -942.390930 2422.209717 70 70 70 
743.205322 -944.174072 2426.792725 71 71 71 
751.500000 -974.601562 2505.000000 68 69 66 
747.585938 -974.601562 2505.000000 67 68 66 
744.398804 -975.554260 2507.448730 65 68 67 
741.205505 -976.508789 2509.902100 63 67 69 
737.283752 -976.508789 2509.902100 60 65 69 
734.080322 -977.465210 2512.360352 48 55 59 
730.154724 -977.465210 2512.360352 35 44 47 
726.229187 -977.465210 2512.360352 31 41 43 
722.303650 -977.465210 2512.360352 37 41 41 
718.378052 -977.465210 2512.360352 42 42 42 
714.452515 -977.465210 2512.360352 45 45 45 
709.831726 -976.508789 2509.902100 47 47 47 
705.909973 -976.508789 2509.902100 49 49 49 
702.675781 -977.465210 2512.360352 50 50 50 
699.435303 -978.423523 2514.823486 51 51 51 
696.872314 -980.345764 2519.764160 53 53 53 
697.043457 -986.158081 2534.703613 53 53 53 
695.143738 -989.090210 2542.239746 54 54 54 
631.840454 -947.760681 2436.011475 62 62 60 
627.438354 -946.861511 2433.700195 63 63 61 
623.635681 -946.861511 2433.700195 64 64 62 
619.833008 -946.861511 2433.700195 64 64 62 
615.446472 -945.963989 2431.393311 65 65 63 
611.647400 -945.963989 2431.393311 66 66 64 
607.272705 -945.068176 2429.090820 67 68 64 
603.477295 -945.068176 2429.090820 68 69 65 
600.250244 -945.963989 2431.393311 68 68 67 
596.451172 -945.963989 2431.393311 68 68 68 
592.090881 -945.068176 2429.090820 65 65 65 
588.295471 -945.068176 2429.090820 58 58 59 
584.500000 -945.068176 2429.090820 54 54 56 
580.704529 -945.068176 2429.090820 49 48 52 
576.909119 -945.068176 2429.090820 46 46 46 
573.113647 -945.068176 2429.090820 45 45 44 
569.857849 -945.963989 2431.393311 44 44 43 
566.058777 -945.963989 2431.393311 44 44 42 
561.727295 -945.068176 2429.090820 44 44 42 
557.403992 -944.174072 2426.792725 44 44 42 
553.612122 -944.174072 2426.792725 44 44 42 
549.820251 -944.174072 2426.792725 44 44 42 
505.257782 -1413.586426 3633.314453 43 43 43 
499.580750 -1413.586426 3633.314453 42 42 42 
493.903687 -1413.586426 3633.314453 42 42 42 
488.226624 -1413.586426 3633.314453 43 43 43 
483.234039 -1415.591431 3638.468018 44 44 44 
478.227264 -1417.602295 3643.636475 44 44 44 
474.556335 -1423.669067 3659.229736 46 46 46 
469.508575 -1425.702881 3664.457031 49 49 49 
467.792511 -1438.028809 3696.138428 52 52 52 
462.017303 -1438.028809 3696.138428 48 52 53 
455.585602 -1435.959717 3690.820068 33 38 50 
448.527985 -1431.839355 3680.229492 19 25 48 
442.143280 -1429.787964 3674.957031 16 23 50 
436.401154 -1429.787964 3674.957031 20 29 45 
266.156250 -3898.406250 10020.000000 52 44 38 
250.500000 -3898.406250 10020.000000 48 47 44 
234.843750 -3898.406250 10020.000000 36 37 37 
219.187500 -3898.406250 10020.000000 21 21 21 
203.531250 -3898.406250 10020.000000 22 22 22 
187.875000 -3898.406250 10020.000000 21 21 21 
172.218750 -3898.406250 10020.000000 20 20 20 
149.552246 -3723.850830 9571.343750 20 20 20 
134.597015 -3723.850830 9571.343750 22 22 22 
119.197029 -3710.007324 9535.761719 25 22 23 
-701.601624 -2008.032227 5161.207031 66 73 72 
-701.200806 -1984.079468 5099.642090 64 74 76 
-704.964417 -1972.316162 5069.407227 67 77 79 
-712.885376 -1972.316162 5069.407227 69 77 80 
-733.748047 -1964.551147 5049.448730 76 79 80 
-740.180725 -1960.691528 5039.528320 80 81 80 
-746.588257 -1956.847046 5029.646973 71 71 69 
-754.447083 -1956.847046 5029.646973 43 36 41 
-762.305908 -1956.847046 5029.646973 32 29 34 
-770.164734 -1956.847046 5029.646973 49 54 51 
-776.500977 -1953.017578 5019.804199 65 69 62 
-782.812500 -1949.203125 5010.000000 69 65 58 
-790.640625 -1949.203125 5010.000000 55 46 41 
-798.468750 -1949.203125 5010.000000 36 29 25 
-1023.240540 -919.808289 2364.166016 73 76 71 
-1026.934570 -919.808289 2364.166016 72 75 70 
-1030.628540 -919.808289 2364.166016 71 74 69 
-1034.322632 -919.808289 2364.166016 70 69 69 
-1038.016602 -919.808289 2364.166016 69 66 68 
-1042.671631 -920.656799 2366.346924 69 64 64 
-1046.369019 -920.656799 2366.346924 68 63 60 
-1050.066406 -920.656799 2366.346924 61 58 51 
-1053.763794 -920.656799 2366.346924 53 54 48 
-1056.486694 -919.808289 2364.166016 55 59 58 
-1060.180664 -919.808289 2364.166016 60 66 69 
-1063.874634 -919.808289 2364.166016 66 67 67 
-1065.604370 -918.115906 2359.815918 69 67 63 
-1069.291626 -918.115906 2359.815918 67 67 61 
-1073.966797 -918.961304 2361.989014 67 67 58 
-1079.645752 -920.656799 2366.346924 68 68 57 
860.234863 -956.673706 2468.835449 67 72 72 
856.377258 -956.673706 2468.835449 67 71 72 
852.519714 -956.673706 2468.835449 67 71 72 
847.846130 -955.753845 2466.461426 67 71 72 
843.992310 -955.753845 2466.461426 67 72 72 
840.138489 -955.753845 2466.461426 67 71 72 
836.284607 -955.753845 2466.461426 67 71 72 
832.430786 -955.753845 2466.461426 68 71 70 
828.576904 -955.753845 2466.461426 68 70 69 
824.723083 -955.753845 2466.461426 68 70 69 
820.869202 -955.753845 2466.461426 66 68 67 
817.015381 -955.753845 2466.461426 63 65 64 
811.600769 -953.919373 2461.727539 59 61 60 
806.206909 -952.091980 2457.011475 60 62 61 
802.367798 -952.091980 2457.011475 63 65 64 
797.764587 -951.180847 2454.660400 63 65 64 
789.396790 -945.750732 2440.646973 64 66 65 
785.583252 -945.750732 2440.646973 64 66 65 
780.284912 -943.954407 2436.011475 64 66 65 
775.006653 -942.164917 2431.393311 64 66 65 
771.207581 -942.164917 2431.393311 65 67 66 
766.681824 -941.272705 2429.090820 65 67 66 
762.886353 -941.272705 2429.090820 66 68 67 
757.655945 -939.493408 2424.499023 66 68 67 
753.155823 -938.606262 2422.209717 68 70 69 
749.371094 -938.606262 2422.209717 70 71 71 
745.586426 -938.606262 2422.209717 70 71 70 
751.500000 -970.687500 2505.000000 68 69 66 
747.585938 -970.687500 2505.000000 67 68 66 
744.398804 -971.636353 2507.448730 65 68 67 
740.480957 -971.636353 2507.448730 63 67 69 
737.283752 -972.587097 2509.902100 60 65 69 
733.362061 -972.587097 2509.902100 51 58 61 
730.154724 -973.539673 2512.360352 37 47 49 
726.229187 -973.539673 2512.360352 33 43 45 
722.303650 -973.539673 2512.360352 38 41 42 
718.378052 -973.539673 2512.360352 42 42 42 
713.753418 -972.587097 2509.902100 45 45 45 
709.831726 -972.587097 2509.902100 47 47 47 
705.219971 -971.636353 2507.448730 48 48 48 
701.988281 -972.587097 2509.902100 49 49 49 
698.750244 -973.539673 2512.360352 51 51 51 
695.505859 -974.494141 2514.823486 52 52 52 
694.299194 -978.330688 2524.724365 53 53 53 
693.768555 -983.169128 2537.210693 54 54 54 
633.042847 -945.750732 2440.646973 63 63 62 
628.034180 -943.954407 2436.011475 64 64 63 
623.635681 -943.058838 2433.700195 64 64 63 
619.833008 -943.058838 2433.700195 64 64 64 
616.030334 -943.058838 2433.700195 65 65 65 
611.647400 -942.164917 2431.393311 66 66 65 
607.272705 -941.272705 2429.090820 67 68 66 
603.477295 -941.272705 2429.090820 68 68 67 
600.250244 -942.164917 2431.393311 68 68 68 
596.451172 -942.164917 2431.393311 68 68 68 
592.090881 -941.272705 2429.090820 65 65 65 
588.295471 -941.272705 2429.090820 60 60 61 
584.500000 -941.272705 2429.090820 55 55 56 
580.704529 -941.272705 2429.090820 50 50 51 
576.909119 -941.272705 2429.090820 47 47 47 
573.113647 -941.272705 2429.090820 45 45 44 
569.318176 -941.272705 2429.090820 43 43 43 
565.522705 -941.272705 2429.090820 44 44 43 
561.727295 -941.272705 2429.090820 44 44 43 
557.931824 -941.272705 2429.090820 44 44 43 
553.612122 -940.382202 2426.792725 44 44 43 
549.820251 -940.382202 2426.792725 44 44 43 
546.028381 -940.382202 2426.792725 44 44 44 
505.257782 -1407.909302 3633.314453 42 42 42 
499.580750 -1407.909302 3633.314453 43 43 43 
493.903687 -1407.909302 3633.314453 43 43 43 
488.919159 -1409.906372 3638.468018 43 43 43 
483.234039 -1409.906372 3638.468018 43 43 43 
478.907532 -1413.917480 3648.819336 45 45 45 
474.556335 -1417.951538 3659.229736 47 47 47 
469.508575 -1419.977173 3664.457031 50 50 50 
455.585602 -1430.192749 3690.820068 33 39 46 
447.885376 -1424.045898 3674.957031 17 27 43 
442.143280 -1424.045898 3674.957031 13 26 47 
436.401154 -1424.045898 3674.957031 16 30 48 
250.500000 -3882.750000 10020.000000 48 54 52 
234.843750 -3882.750000 10020.000000 34 42 41 
219.187500 -3882.750000 10020.000000 18 24 25 
203.531250 -3882.750000 10020.000000 21 26 28 
187.875000 -3882.750000 10020.000000 23 25 27 
165.123596 -3722.786621 9607.191406 22 22 25 
148.996277 -3695.107910 9535.761719 21 20 24 
133.600006 -3681.422119 9500.444336 23 20 24 
-754.447083 -1948.988281 5029.646973 40 36 41 
-762.305908 -1948.988281 5029.646973 32 28 33 
-768.657532 -1945.174194 5019.804199 53 52 53 
-774.984375 -1941.375000 5010.000000 66 66 64 
-782.812500 -1941.375000 5010.000000 66 65 63 
-790.640625 -1941.375000 5010.000000 47 46 44 
-1019.546570 -916.114258 2364.166016 73 75 74 
-1021.357849 -914.428711 2359.815918 73 75 73 
-1025.045044 -914.428711 2359.815918 73 74 73 
-1028.732300 -914.428711 2359.815918 72 74 72 
-1032.419556 -914.428711 2359.815918 72 71 68 
-1036.106689 -914.428711 2359.815918 70 68 64 
-1040.751343 -915.270691 2361.989014 66 65 60 
-1044.442017 -915.270691 2361.989014 63 62 56 
-1048.132568 -915.270691 2361.989014 58 58 52 
-1050.855591 -914.428711 2359.815918 54 55 50 
-1054.542725 -914.428711 2359.815918 57 61 59 
-1058.229980 -914.428711 2359.815918 62 67 68 
-1061.917236 -914.428711 2359.815918 67 67 68 
-1064.625000 -913.588257 2357.646973 69 67 67 
-1068.308838 -913.588257 2357.646973 68 68 66 
-1071.992676 -913.588257 2357.646973 68 69 66 
-1077.657471 -915.270691 2361.989014 67 69 64 
856.377258 -952.816162 2468.835449 66 72 72 
852.519714 -952.816162 2468.835449 66 72 72 
847.846130 -951.900024 2466.461426 66 72 72 
843.992310 -951.900024 2466.461426 66 72 72 
840.138489 -951.900024 2466.461426 66 72 72 
836.284607 -951.900024 2466.461426 66 72 72 
832.430786 -951.900024 2466.461426 69 72 71 
828.576904 -951.900024 2466.461426 69 71 70 
824.723083 -951.900024 2466.461426 68 70 69 
820.869202 -951.900024 2466.461426 66 68 67 
817.015381 -951.900024 2466.461426 64 66 65 
811.600769 -950.072937 2461.727539 59 61 60 
806.979858 -949.162048 2459.367188 60 62 61 
803.137085 -949.162048 2459.367188 63 65 64 
798.528748 -948.252869 2457.011475 64 66 65 
790.148560 -942.834290 2442.971436 64 66 65 
785.583252 -941.937195 2440.646973 64 66 65 
780.284912 -940.148132 2436.011475 64 66 65 
775.006653 -938.365906 2431.393311 64 66 65 
770.477295 -937.477295 2429.090820 64 66 65 
766.681824 -937.477295 2429.090820 65 67 66 
762.886353 -937.477295 2429.090820 66 68 67 
756.940491 -934.821533 2422.209717 66 68 67 
751.736084 -933.059387 2417.643799 67 69 68 
747.958557 -933.059387 2417.643799 70 72 71 
745.586426 -934.821533 2422.209717 69 71 70 
751.500000 -966.773438 2505.000000 68 69 66 
747.585938 -966.773438 2505.000000 67 68 66 
743.671875 -966.773438 2505.000000 65 68 67 
740.480957 -967.718506 2507.448730 63 67 69 
736.563049 -967.718506 2507.448730 60 65 69 
733.362061 -968.665344 2509.902100 53 60 63 
729.440308 -968.665344 2509.902100 39 49 51 
725.518616 -968.665344 2509.902100 33 43 45 
722.303650 -969.614136 2512.360352 37 41 41 
717.675171 -968.665344 2509.902100 42 42 42 
713.753418 -968.665344 2509.902100 46 46 46 
709.137817 -967.718506 2507.448730 47 47 47 
705.219971 -967.718506 2507.448730 48 48 48 
701.302063 -967.718506 2507.448730 49 49 49 
698.066528 -968.665344 2509.902100 50 50 50 
694.824707 -969.614136 2512.360352 52 52 52 
692.935181 -972.471497 2519.764160 53 53 53 
693.768555 -979.204773 2537.210693 54 54 54 
629.229309 -941.937195 2440.646973 63 63 63 
624.821289 -941.041809 2438.326904 64 64 64 
620.421631 -940.148132 2436.011475 64 64 64 
616.615356 -940.148132 2436.011475 65 65 65 
612.809143 -940.148132 2436.011475 66 66 66 
607.848328 -938.365906 2431.393311 67 67 67 
604.049316 -938.365906 2431.393311 68 68 68 
600.250244 -938.365906 2431.393311 68 68 68 
596.451172 -938.365906 2431.393311 68 68 68 
592.090881 -937.477295 2429.090820 66 66 66 
588.295471 -937.477295 2429.090820 62 62 62 
584.500000 -937.477295 2429.090820 56 56 56 
580.704529 -937.477295 2429.090820 51 51 51 
576.909119 -937.477295 2429.090820 47 47 47 
573.113647 -937.477295 2429.090820 45 45 45 
569.318176 -937.477295 2429.090820 43 43 43 
565.522705 -937.477295 2429.090820 44 44 44 
561.727295 -937.477295 2429.090820 44 44 44 
557.931824 -937.477295 2429.090820 44 44 44 
554.136353 -937.477295 2429.090820 44 44 44 
549.820251 -936.590332 2426.792725 44 44 44 
546.028381 -936.590332 2426.792725 44 44 44 
505.257782 -1402.232300 3633.314453 42 42 42 
499.580750 -1402.232300 3633.314453 43 43 43 
494.604248 -1404.221313 3638.468018 43 43 43 
488.919159 -1404.221313 3638.468018 43 43 43 
483.234039 -1404.221313 3638.468018 43 43 43 
478.907532 -1408.216187 3648.819336 45 45 45 
475.234283 -1414.251465 3664.457031 48 48 48 
470.180267 -1416.274658 3669.699463 51 51 51 
455.585602 -1424.425903 3690.820068 34 40 45 
447.885376 -1418.303711 3674.957031 17 28 40 
442.143280 -1418.303711 3674.957031 12 27 45 
436.401154 -1418.303711 3674.957031 14 30 49 
250.500000 -3867.093750 10020.000000 41 50 54 
234.843750 -3867.093750 10020.000000 28 37 42 
219.187500 -3867.093750 10020.000000 18 24 30 
203.531250 -3867.093750 10020.000000 24 28 34 
187.875000 -3867.093750 10020.000000 30 27 32 
163.895905 -3680.208252 9535.761719 33 24 27 
147.896683 -3653.048096 9465.387695 35 21 22 
132.617645 -3639.617676 9430.587891 39 20 19 
-768.657532 -1937.330688 5019.804199 54 52 54 
-774.984375 -1933.546875 5010.000000 64 63 63 
-782.812500 -1933.546875 5010.000000 62 63 62 
-1017.670654 -910.741516 2359.815918 73 75 74 
-1020.419128 -909.904419 2357.646973 74 74 74 
-1024.102905 -909.904419 2357.646973 74 74 74 
-1027.786743 -909.904419 2357.646973 74 74 73 
-1031.470581 -909.904419 2357.646973 75 72 67 
-1035.154419 -909.904419 2357.646973 72 69 62 
-1038.838257 -909.904419 2357.646973 66 66 58 
-1042.522095 -909.904419 2357.646973 61 62 54 
-1046.205933 -909.904419 2357.646973 57 58 52 
-1049.889648 -909.904419 2357.646973 55 56 52 
-1053.573486 -909.904419 2357.646973 60 62 60 
-1057.257324 -909.904419 2357.646973 64 68 67 
-1060.941162 -909.904419 2357.646973 66 68 68 
-1064.625000 -909.904419 2357.646973 68 68 68 
-1068.308838 -909.904419 2357.646973 69 69 69 
-1071.992676 -909.904419 2357.646973 69 69 69 
-1075.676514 -909.904419 2357.646973 68 68 68 
856.377258 -948.958618 2468.835449 66 72 72 
852.519714 -948.958618 2468.835449 66 72 72 
847.846130 -948.046143 2466.461426 66 72 72 
843.992310 -948.046143 2466.461426 66 72 72 
840.138489 -948.046143 2466.461426 66 72 72 
836.284607 -948.046143 2466.461426 66 72 72 
832.430786 -948.046143 2466.461426 69 72 71 
828.576904 -948.046143 2466.461426 69 71 70 
824.723083 -948.046143 2466.461426 68 70 69 
820.869202 -948.046143 2466.461426 66 68 67 
817.015381 -948.046143 2466.461426 64 66 65 
811.600769 -946.226501 2461.727539 59 61 60 
806.979858 -945.319275 2459.367188 60 62 61 
803.137085 -945.319275 2459.367188 63 65 64 
798.528748 -944.413818 2457.011475 64 66 65 
794.689636 -944.413818 2457.011475 64 66 65 
786.331421 -939.017151 2442.971436 64 66 65 
781.026611 -937.231934 2438.326904 64 66 65 
775.006653 -934.566833 2431.393311 64 66 65 
770.477295 -933.681824 2429.090820 64 66 65 
766.681824 -933.681824 2429.090820 65 67 66 
762.886353 -933.681824 2429.090820 66 68 67 
756.940491 -931.036804 2422.209717 66 68 67 
751.736084 -929.281799 2417.643799 67 69 68 
747.958557 -929.281799 2417.643799 70 72 71 
750.766846 -961.919983 2502.556152 68 69 66 
746.856567 -961.919983 2502.556152 67 68 66 
743.671875 -962.859375 2505.000000 65 68 67 
739.757812 -962.859375 2505.000000 63 67 68 
736.563049 -963.800598 2507.448730 60 66 69 
733.362061 -964.743652 2509.902100 55 62 65 
729.440308 -964.743652 2509.902100 41 51 53 
725.518616 -964.743652 2509.902100 32 42 44 
721.596863 -964.743652 2509.902100 37 40 41 
717.675171 -964.743652 2509.902100 42 42 42 
713.055725 -963.800598 2507.448730 46 46 46 
708.445312 -962.859375 2505.000000 47 47 47 
704.531250 -962.859375 2505.000000 48 48 48 
701.302063 -963.800598 2507.448730 49 49 49 
697.384155 -963.800598 2507.448730 50 50 50 
694.144836 -964.743652 2509.902100 52 52 52 
691.576477 -966.635315 2514.823486 54 54 54 
688.998047 -968.534363 2519.764160 55 55 55 
652.554932 -949.872864 2471.213867 61 61 61 
648.693665 -949.872864 2471.213867 61 61 61 
632.237122 -942.608032 2452.313477 63 63 63 
626.011414 -939.017151 2442.971436 64 64 64 
621.602295 -938.123718 2440.646973 64 64 64 
617.201538 -937.231934 2438.326904 65 65 65 
612.809143 -936.341858 2436.011475 66 66 66 
609.002869 -936.341858 2436.011475 67 67 67 
604.622375 -935.453491 2433.700195 68 68 68 
600.819763 -935.453491 2433.700195 68 68 68 
597.017090 -935.453491 2433.700195 68 68 68 
592.652161 -934.566833 2431.393311 66 66 66 
588.853088 -934.566833 2431.393311 62 62 62 
585.054016 -934.566833 2431.393311 57 57 57 
581.255005 -934.566833 2431.393311 52 52 52 
576.909119 -933.681824 2429.090820 48 48 48 
573.113647 -933.681824 2429.090820 45 45 45 
569.857849 -934.566833 2431.393311 44 44 44 
566.058777 -934.566833 2431.393311 45 45 45 
561.727295 -933.681824 2429.090820 44 44 44 
557.931824 -933.681824 2429.090820 44 44 44 
554.136353 -933.681824 2429.090820 44 44 44 
549.820251 -932.798462 2426.792725 44 44 44 
546.028381 -932.798462 2426.792725 43 43 43 
542.236511 -932.798462 2426.792725 44 44 44 
505.974457 -1398.536133 3638.468018 42 42 42 
500.289368 -1398.536133 3638.468018 43 43 43 
494.604248 -1398.536133 3638.468018 43 43 43 
488.919159 -1398.536133 3638.468018 43 43 43 
483.234039 -1398.536133 3638.468018 43 43 43 
478.907532 -1402.514893 3648.819336 45 45 45 
475.234283 -1408.525757 3664.457031 48 48 48 
470.853882 -1412.561646 3674.957031 51 51 51 
455.585602 -1418.658936 3690.820068 35 41 46 
447.885376 -1412.561646 3674.957031 17 29 41 
442.143280 -1412.561646 3674.957031 11 27 45 
250.500000 -3851.437500 10020.000000 33 41 52 
234.843750 -3851.437500 10020.000000 23 26 37 
219.187500 -3851.437500 10020.000000 24 25 34 
203.531250 -3851.437500 10020.000000 37 36 43 
187.875000 -3851.437500 10020.000000 46 38 39 
162.088242 -3624.882324 9430.587891 50 36 33 
147.352936 -3624.882324 9430.587891 52 34 27 
-774.984375 -1925.718750 5010.000000 59 60 60 
-782.812500 -1925.718750 5010.000000 58 57 58 
-1013.983459 -907.054260 2359.815918 74 76 75 
-1016.735291 -906.220581 2357.646973 73 75 74 
-1020.419128 -906.220581 2357.646973 72 75 74 
-1024.102905 -906.220581 2357.646973 72 75 74 
-1027.786743 -906.220581 2357.646973 73 75 74 
-1031.470581 -906.220581 2357.646973 74 72 70 
-1035.154419 -906.220581 2357.646973 72 69 66 
-1038.838257 -906.220581 2357.646973 66 65 62 
-1042.522095 -906.220581 2357.646973 61 61 58 
-1046.205933 -906.220581 2357.646973 56 56 53 
-1049.889648 -906.220581 2357.646973 55 56 55 
-1053.573486 -906.220581 2357.646973 62 64 65 
-1057.257324 -906.220581 2357.646973 65 69 71 
-1060.941162 -906.220581 2357.646973 67 68 69 
-1062.671509 -904.557800 2353.321045 69 69 69 
-1066.348633 -904.557800 2353.321045 69 69 69 
-1070.025635 -904.557800 2353.321045 70 70 70 
-1075.676514 -906.220581 2357.646973 70 70 70 
852.519714 -945.101074 2468.835449 66 72 72 
848.662170 -945.101074 2468.835449 66 72 72 
843.992310 -944.192322 2466.461426 66 72 72 
840.138489 -944.192322 2466.461426 66 72 72 
836.284607 -944.192322 2466.461426 66 72 72 
832.430786 -944.192322 2466.461426 69 72 71 
828.576904 -944.192322 2466.461426 69 71 70 
824.723083 -944.192322 2466.461426 68 70 69 
820.869202 -944.192322 2466.461426 66 68 67 
817.015381 -944.192322 2466.461426 64 66 65 
812.380432 -943.285278 2464.092285 59 61 60 
807.754333 -942.380066 2461.727539 60 62 61 
803.907898 -942.380066 2461.727539 63 65 64 
800.061401 -942.380066 2461.727539 64 66 65 
781.769714 -934.310181 2440.646973 64 66 65 
775.741943 -931.650879 2433.700195 64 66 65 
771.207581 -930.767761 2431.393311 64 66 65 
766.681824 -929.886353 2429.090820 65 67 66 
762.886353 -929.886353 2429.090820 66 68 67 
759.090881 -929.886353 2429.090820 66 68 67 
751.736084 -925.504272 2417.643799 67 69 68 
750.766846 -958.009766 2502.556152 68 69 66 
746.856567 -958.009766 2502.556152 67 68 66 
743.671875 -958.945312 2505.000000 65 68 67 
739.757812 -958.945312 2505.000000 63 67 68 
736.563049 -959.882690 2507.448730 61 66 69 
733.362061 -960.821899 2509.902100 57 64 67 
729.440308 -960.821899 2509.902100 44 53 55 
725.518616 -960.821899 2509.902100 32 42 43 
721.596863 -960.821899 2509.902100 36 39 40 
717.675171 -960.821899 2509.902100 42 42 42 
713.055725 -959.882690 2507.448730 46 46 46 
708.445312 -958.945312 2505.000000 47 47 47 
704.531250 -958.945312 2505.000000 48 48 48 
700.617188 -958.945312 2505.000000 49 49 49 
697.384155 -959.882690 2507.448730 50 50 50 
693.466248 -959.882690 2507.448730 52 52 52 
690.899109 -961.763000 2512.360352 54 54 54 
686.973572 -961.763000 2512.360352 55 55 55 
683.047974 -961.763000 2512.360352 55 55 55 
651.926880 -945.101074 2468.835449 60 60 60 
648.069275 -945.101074 2468.835449 60 60 60 
643.592285 -944.192322 2466.461426 61 61 61 
639.123901 -943.285278 2464.092285 61 61 61 
633.448303 -940.574707 2457.011475 62 62 62 
627.206116 -936.984741 2447.633545 64 64 64 
622.194275 -935.200012 2442.971436 64 64 64 
617.788757 -934.310181 2440.646973 65 65 65 
613.975281 -934.310181 2440.646973 66 66 66 
609.002869 -932.535645 2436.011475 67 67 67 
604.622375 -931.650879 2433.700195 68 68 68 
600.819763 -931.650879 2433.700195 68 68 68 
597.017090 -931.650879 2433.700195 68 68 68 
593.214417 -931.650879 2433.700195 67 67 67 
588.853088 -930.767761 2431.393311 63 63 63 
585.054016 -930.767761 2431.393311 57 57 57 
581.255005 -930.767761 2431.393311 52 52 52 
577.455933 -930.767761 2431.393311 49 49 49 
573.656860 -930.767761 2431.393311 46 46 46 
569.857849 -930.767761 2431.393311 45 45 45 
566.058777 -930.767761 2431.393311 45 45 45 
561.727295 -929.886353 2429.090820 45 45 45 
557.931824 -929.886353 2429.090820 44 44 44 
554.136353 -929.886353 2429.090820 44 44 44 
550.340881 -929.886353 2429.090820 44 44 44 
546.028381 -929.006653 2426.792725 43 43 43 
542.236511 -929.006653 2426.792725 44 44 44 
505.974457 -1392.851074 3638.468018 42 42 42 
500.289368 -1392.851074 3638.468018 43 43 43 
494.604248 -1392.851074 3638.468018 43 43 43 
488.919159 -1392.851074 3638.468018 43 43 43 
483.234039 -1392.851074 3638.468018 43 43 43 
478.907532 -1396.813599 3648.819336 45 45 45 
475.234283 -1402.800049 3664.457031 48 48 48 
470.853882 -1406.819458 3674.957031 51 51 51 
455.585602 -1412.892090 3690.820068 37 43 47 
447.885376 -1406.819458 3674.957031 18 29 41 
442.143280 -1406.819458 3674.957031 11 27 45 
250.500000 -3835.781250 10020.000000 32 38 50 
234.843750 -3835.781250 10020.000000 26 25 34 
219.187500 -3835.781250 10020.000000 32 29 34 
203.531250 -3835.781250 10020.000000 48 44 44 
176.823532 -3610.146973 9430.587891 53 47 41 
161.494507 -3596.923096 9396.043945 53 47 38 
146.813187 -3596.923096 9396.043945 51 48 37 
-1013.983459 -903.367065 2359.815918 75 75 75 
-1016.735291 -902.536743 2357.646973 72 75 74 
-1020.419128 -902.536743 2357.646973 71 75 74 
-1023.162537 -901.708008 2355.482178 71 75 74 
-1026.843018 -901.708008 2355.482178 71 75 74 
-1030.523438 -901.708008 2355.482178 74 71 72 
-1034.203857 -901.708008 2355.482178 71 68 69 
-1037.884277 -901.708008 2355.482178 66 64 65 
-1041.564697 -901.708008 2355.482178 61 61 61 
-1045.245239 -901.708008 2355.482178 54 55 54 
-1048.925659 -901.708008 2355.482178 56 57 57 
-1052.606079 -901.708008 2355.482178 65 67 69 
-1056.286499 -901.708008 2355.482178 66 70 73 
-1058.994507 -900.880737 2353.321045 68 69 70 
-1061.697510 -900.054993 2351.164062 69 69 69 
-1065.371216 -900.054993 2351.164062 70 70 70 
-1069.044922 -900.054993 2351.164062 71 71 71 
-1073.702759 -900.880737 2353.321045 71 71 71 
850.298950 -943.058838 2473.596924 68 71 72 
844.804626 -941.243530 2468.835449 68 71 72 
840.947083 -941.243530 2468.835449 68 71 72 
837.089539 -941.243530 2468.835449 68 71 72 
833.231934 -941.243530 2468.835449 68 70 71 
829.374390 -941.243530 2468.835449 68 69 70 
824.723083 -940.338440 2466.461426 67 68 70 
820.869202 -940.338440 2466.461426 66 67 69 
817.015381 -940.338440 2466.461426 64 65 66 
813.161560 -940.338440 2466.461426 60 61 63 
808.530273 -939.435181 2464.092285 60 61 63 
803.907898 -938.533569 2461.727539 63 64 65 
800.061401 -938.533569 2461.727539 64 65 65 
796.979858 -939.435181 2464.092285 64 66 65 
777.216736 -929.612183 2438.326904 64 66 65 
771.939270 -927.848206 2433.700195 64 66 65 
767.408508 -926.968750 2431.393311 64 66 65 
763.609497 -926.968750 2431.393311 65 67 66 
759.810425 -926.968750 2431.393311 65 66 66 
751.736084 -921.726685 2417.643799 67 68 67 
750.766846 -954.099487 2502.556152 70 70 68 
746.856567 -954.099487 2502.556152 68 69 67 
743.671875 -955.031250 2505.000000 65 67 67 
739.757812 -955.031250 2505.000000 62 66 68 
736.563049 -955.964783 2507.448730 61 66 70 
732.645142 -955.964783 2507.448730 58 65 69 
729.440308 -956.900208 2509.902100 47 56 59 
725.518616 -956.900208 2509.902100 34 44 46 
721.596863 -956.900208 2509.902100 36 40 40 
716.973633 -955.964783 2507.448730 42 42 42 
713.055725 -955.964783 2507.448730 45 45 45 
708.445312 -955.031250 2505.000000 47 47 47 
704.531250 -955.031250 2505.000000 48 48 48 
700.617188 -955.031250 2505.000000 49 49 49 
696.703125 -955.031250 2505.000000 50 50 50 
693.466248 -955.964783 2507.448730 51 51 51 
689.548401 -955.964783 2507.448730 53 53 53 
686.301392 -956.900208 2509.902100 55 55 55 
681.712585 -955.964783 2507.448730 56 56 56 
677.794739 -955.964783 2507.448730 55 55 55 
651.926880 -941.243530 2468.835449 60 60 60 
647.446167 -940.338440 2466.461426 60 60 60 
643.592285 -940.338440 2466.461426 61 61 61 
639.123901 -939.435181 2464.092285 62 62 62 
633.448303 -936.735657 2457.011475 63 63 63 
627.805176 -934.051575 2449.971436 65 65 65 
622.787415 -932.270752 2445.300293 65 65 65 
618.377136 -931.382874 2442.971436 66 66 66 
613.975281 -930.496643 2440.646973 66 66 66 
609.002869 -928.729370 2436.011475 67 67 67 
604.622375 -927.848206 2433.700195 67 67 67 
600.819763 -927.848206 2433.700195 67 67 67 
597.017090 -927.848206 2433.700195 66 66 66 
593.214417 -927.848206 2433.700195 67 67 67 
588.853088 -926.968750 2431.393311 65 65 65 
585.054016 -926.968750 2431.393311 59 59 59 
581.255005 -926.968750 2431.393311 52 52 52 
577.455933 -926.968750 2431.393311 49 50 49 
573.656860 -926.968750 2431.393311 46 48 47 
569.857849 -926.968750 2431.393311 45 46 45 
566.058777 -926.968750 2431.393311 45 46 46 
561.727295 -926.090881 2429.090820 45 47 46 
557.931824 -926.090881 2429.090820 44 46 45 
554.136353 -926.090881 2429.090820 43 44 44 
550.340881 -926.090881 2429.090820 42 43 43 
546.545471 -926.090881 2429.090820 44 44 44 
542.750000 -926.090881 2429.090820 45 45 45 
499.580750 -1385.201172 3633.314453 42 42 42 
493.903687 -1385.201172 3633.314453 43 43 43 
488.919159 -1387.166016 3638.468018 43 43 43 
483.234039 -1387.166016 3638.468018 44 44 44 
478.907532 -1391.112427 3648.819336 46 46 46 
475.234283 -1397.074341 3664.457031 48 48 48 
470.180267 -1399.072998 3669.699463 51 51 51 
465.111755 -1401.077393 3674.957031 53 53 53 
461.352509 -1407.125122 3690.820068 52 54 53 
454.931030 -1405.103394 3685.517334 38 44 47 
447.885376 -1401.077393 3674.957031 19 31 41 
442.143280 -1401.077393 3674.957031 12 28 44 
250.500000 -3820.125000 10020.000000 42 39 43 
234.843750 -3820.125000 10020.000000 43 32 34 
219.187500 -3820.125000 10020.000000 47 36 36 
203.531250 -3820.125000 10020.000000 55 44 43 
175.532852 -3569.167969 9361.751953 55 48 44 
161.494507 -3582.241699 9396.043945 52 49 45 
146.813187 -3582.241699 9396.043945 48 51 47 
-2675.497314 -2560.083740 6714.973633 71 71 69 
-1014.027710 -903.002747 2368.531738 76 76 76 
-1013.983459 -899.679871 2359.815918 76 76 76 
-1016.735291 -898.852966 2357.646973 74 75 75 
-1019.482117 -898.027527 2355.482178 73 75 74 
-1023.162537 -898.027527 2355.482178 73 75 74 
-1025.900879 -897.203674 2353.321045 73 74 74 
-1029.578003 -897.203674 2353.321045 72 71 69 
-1033.255005 -897.203674 2353.321045 68 67 65 
-1037.884277 -898.027527 2355.482178 65 65 64 
-1041.564697 -898.027527 2355.482178 59 60 60 
-1044.286255 -897.203674 2353.321045 52 56 55 
-1047.963257 -897.203674 2353.321045 57 61 60 
-1051.640381 -897.203674 2353.321045 65 69 71 
-1055.317383 -897.203674 2353.321045 68 72 75 
-1058.023804 -896.381287 2351.164062 70 72 73 
-1060.725220 -895.560425 2349.010986 72 72 72 
-1064.395630 -895.560425 2349.010986 72 72 72 
-1068.065918 -895.560425 2349.010986 72 72 72 
-1072.718628 -896.381287 2351.164062 72 72 72 
852.765930 -941.918762 2480.773682 70 71 73 
846.433960 -939.193848 2473.596924 69 70 72 
842.568970 -939.193848 2473.596924 69 70 72 
838.703979 -939.193848 2473.596924 69 70 72 
834.034668 -938.289001 2471.213867 69 70 72 
830.173401 -938.289001 2471.213867 68 69 71 
825.516846 -937.385925 2468.835449 67 68 70 
821.659302 -937.385925 2468.835449 67 68 70 
817.015381 -936.484619 2466.461426 65 66 68 
813.161560 -936.484619 2466.461426 61 62 64 
809.307678 -936.484619 2466.461426 60 61 63 
805.453857 -936.484619 2466.461426 63 64 66 
801.599976 -936.484619 2466.461426 63 65 65 
796.979858 -935.585022 2464.092285 63 65 64 
793.892334 -936.484619 2466.461426 64 66 65 
769.596985 -925.802307 2438.326904 64 66 65 
764.333984 -924.045532 2433.700195 64 66 65 
759.810425 -923.169678 2431.393311 65 65 65 
752.445312 -918.815125 2419.924561 67 67 67 
750.035095 -949.263184 2500.116943 71 71 68 
746.128662 -949.263184 2500.116943 69 69 67 
743.671875 -951.117188 2505.000000 65 67 67 
739.757812 -951.117188 2505.000000 61 66 67 
735.843750 -951.117188 2505.000000 62 67 70 
732.645142 -952.046936 2507.448730 59 66 70 
728.727295 -952.046936 2507.448730 49 59 61 
724.809387 -952.046936 2507.448730 36 46 48 
720.891479 -952.046936 2507.448730 37 40 41 
716.973633 -952.046936 2507.448730 41 41 41 
712.359375 -951.117188 2505.000000 44 44 44 
708.445312 -951.117188 2505.000000 47 47 47 
704.531250 -951.117188 2505.000000 49 49 49 
700.617188 -951.117188 2505.000000 49 49 49 
696.703125 -951.117188 2505.000000 50 50 50 
692.789062 -951.117188 2505.000000 51 51 51 
689.548401 -952.046936 2507.448730 53 53 53 
685.630493 -952.046936 2507.448730 55 55 55 
681.046875 -951.117188 2505.000000 56 56 56 
677.132812 -951.117188 2505.000000 56 56 56 
657.049194 -939.193848 2473.596924 58 58 58 
651.926880 -937.385925 2468.835449 59 59 59 
647.446167 -936.484619 2466.461426 60 60 60 
643.592285 -936.484619 2466.461426 61 61 61 
639.123901 -935.585022 2464.092285 62 62 62 
634.055603 -933.791016 2459.367188 63 63 63 
628.405334 -931.112793 2452.313477 65 65 65 
622.787415 -928.449951 2445.300293 66 66 66 
618.377136 -927.565735 2442.971436 66 66 66 
613.975281 -926.683167 2440.646973 66 66 66 
609.002869 -924.923096 2436.011475 66 66 66 
604.622375 -924.045532 2433.700195 66 66 66 
600.819763 -924.045532 2433.700195 66 66 66 
597.017090 -924.045532 2433.700195 66 66 66 
592.652161 -923.169678 2431.393311 67 67 67 
588.853088 -923.169678 2431.393311 66 66 66 
585.054016 -923.169678 2431.393311 60 60 60 
581.255005 -923.169678 2431.393311 53 53 53 
577.455933 -923.169678 2431.393311 49 50 50 
573.656860 -923.169678 2431.393311 47 49 48 
569.857849 -923.169678 2431.393311 45 47 46 
565.522705 -922.295471 2429.090820 45 47 46 
561.727295 -922.295471 2429.090820 45 47 46 
557.931824 -922.295471 2429.090820 45 47 46 
554.136353 -922.295471 2429.090820 43 45 44 
550.340881 -922.295471 2429.090820 42 44 43 
546.545471 -922.295471 2429.090820 45 45 45 
542.750000 -922.295471 2429.090820 46 46 46 
499.580750 -1379.524048 3633.314453 41 41 41 
493.903687 -1379.524048 3633.314453 42 42 42 
488.226624 -1379.524048 3633.314453 43 43 43 
483.234039 -1381.480835 3638.468018 44 44 44 
478.227264 -1383.443237 3643.636475 46 46 46 
474.556335 -1389.363770 3659.229736 48 48 48 
469.508575 -1391.348633 3664.457031 51 51 51 
465.111755 -1395.335205 3674.957031 53 53 53 
448.527985 -1397.337158 3680.229492 20 32 41 
250.500000 -3804.468750 10020.000000 49 41 41 
234.843750 -3804.468750 10020.000000 55 44 42 
219.187500 -3804.468750 10020.000000 59 49 47 
190.160583 -3554.540039 9361.751953 61 50 48 
175.532852 -3554.540039 9361.751953 57 50 48 
161.494507 -3567.560547 9396.043945 54 51 50 
146.813187 -3567.560547 9396.043945 52 53 53 
-2658.047119 -2542.934814 6697.441406 72 72 70 
-2661.562500 -2536.312500 6680.000000 71 71 69 
-2672.000000 -2536.312500 6680.000000 71 71 71 
-1015.013000 -903.473083 2379.517578 76 76 76 
-1013.092224 -898.472351 2366.346924 76 76 76 
-1013.051453 -895.169128 2357.646973 76 76 76 
-1015.801636 -894.347107 2355.482178 75 75 75 
-1019.482117 -894.347107 2355.482178 74 74 74 
-1022.223877 -893.526611 2353.321045 74 74 74 
-1025.900879 -893.526611 2353.321045 74 74 73 
-1029.578003 -893.526611 2353.321045 72 71 68 
-1033.255005 -893.526611 2353.321045 67 66 63 
-1036.932129 -893.526611 2353.321045 64 64 63 
-1040.609131 -893.526611 2353.321045 57 59 58 
-1044.286255 -893.526611 2353.321045 51 57 55 
-1047.963257 -893.526611 2353.321045 57 63 62 
-1051.640381 -893.526611 2353.321045 65 71 72 
-1054.350098 -892.707581 2351.164062 68 73 76 
-1057.054932 -891.890137 2349.010986 72 73 74 
-1059.754761 -891.074097 2346.861816 73 73 73 
-1063.421753 -891.074097 2346.861816 73 73 73 
-1067.088745 -891.074097 2346.861816 73 73 73 
-1071.736206 -891.890137 2349.010986 73 73 73 
848.069580 -937.136230 2478.376709 69 70 72 
843.382263 -936.231689 2475.984619 69 70 72 
839.513489 -936.231689 2475.984619 69 70 72 
834.838989 -935.328857 2473.596924 69 70 72 
830.973938 -935.328857 2473.596924 69 70 72 
827.108948 -935.328857 2473.596924 68 69 71 
822.450867 -934.427734 2471.213867 67 68 70 
817.801758 -933.528381 2468.835449 66 67 69 
813.161560 -932.630798 2466.461426 62 63 65 
809.307678 -932.630798 2466.461426 60 61 63 
805.453857 -932.630798 2466.461426 62 63 65 
801.599976 -932.630798 2466.461426 63 65 65 
797.746155 -932.630798 2466.461426 63 65 64 
793.129700 -931.734863 2464.092285 64 66 65 
790.038452 -932.630798 2466.461426 65 67 66 
765.787048 -921.992371 2438.326904 64 66 65 
757.655945 -916.763733 2424.499023 65 65 65 
753.155823 -915.898010 2422.209717 67 67 67 
750.035095 -945.356750 2500.116943 71 71 68 
746.128662 -945.356750 2500.116943 69 69 67 
742.946350 -946.279053 2502.556152 65 67 67 
739.757812 -947.203125 2505.000000 61 66 67 
735.843750 -947.203125 2505.000000 62 67 71 
732.645142 -948.129028 2507.448730 60 67 70 
728.727295 -948.129028 2507.448730 51 61 63 
724.809387 -948.129028 2507.448730 39 49 51 
720.891479 -948.129028 2507.448730 37 41 41 
716.973633 -948.129028 2507.448730 41 41 41 
712.359375 -947.203125 2505.000000 44 44 44 
708.445312 -947.203125 2505.000000 46 46 46 
704.531250 -947.203125 2505.000000 48 48 48 
700.617188 -947.203125 2505.000000 49 49 49 
696.703125 -947.203125 2505.000000 50 50 50 
692.789062 -947.203125 2505.000000 51 51 51 
688.875000 -947.203125 2505.000000 52 52 52 
684.960938 -947.203125 2505.000000 54 54 54 
680.382446 -946.279053 2502.556152 56 56 56 
676.472168 -946.279053 2502.556152 57 57 57 
656.416199 -934.427734 2471.213867 58 58 58 
651.926880 -933.528381 2468.835449 59 59 59 
647.446167 -932.630798 2466.461426 60 60 60 
643.592285 -932.630798 2466.461426 61 61 61 
639.738464 -932.630798 2466.461426 62 62 62 
634.664124 -930.840698 2461.727539 63 63 63 
629.006714 -928.168396 2454.660400 64 64 64 
622.787415 -924.629150 2445.300293 65 65 65 
618.377136 -923.748596 2442.971436 65 65 65 
613.975281 -922.869629 2440.646973 65 65 65 
609.002869 -921.116821 2436.011475 65 65 65 
604.049316 -919.370605 2431.393311 65 65 65 
600.250244 -919.370605 2431.393311 66 66 66 
596.451172 -919.370605 2431.393311 67 67 67 
592.652161 -919.370605 2431.393311 67 67 67 
588.853088 -919.370605 2431.393311 66 66 66 
585.054016 -919.370605 2431.393311 61 61 61 
581.255005 -919.370605 2431.393311 54 55 54 
577.455933 -919.370605 2431.393311 50 51 50 
573.656860 -919.370605 2431.393311 47 49 48 
569.318176 -918.500000 2429.090820 45 47 46 
565.522705 -918.500000 2429.090820 45 47 46 
561.727295 -918.500000 2429.090820 45 47 46 
557.931824 -918.500000 2429.090820 45 47 46 
554.136353 -918.500000 2429.090820 44 46 45 
550.340881 -918.500000 2429.090820 44 46 45 
546.545471 -918.500000 2429.090820 46 47 46 
542.750000 -918.500000 2429.090820 47 47 47 
493.903687 -1373.847046 3633.314453 42 42 42 
488.919159 -1375.795776 3638.468018 43 43 43 
483.234039 -1375.795776 3638.468018 44 44 44 
478.227264 -1377.750000 3643.636475 45 45 45 
474.556335 -1383.646240 3659.229736 47 47 47 
469.508575 -1385.622803 3664.457031 51 51 51 
250.500000 -3788.812500 10020.000000 48 43 40 
234.843750 -3788.812500 10020.000000 55 51 47 
209.373138 -3619.164307 9571.343750 60 56 52 
190.857147 -3552.879150 9396.043945 59 56 51 
176.175827 -3552.879150 9396.043945 57 55 51 
161.494507 -3552.879150 9396.043945 56 55 54 
146.813187 -3552.879150 9396.043945 56 56 57 
-2651.125000 -2525.875000 6680.000000 72 72 70 
-2661.562500 -2525.875000 6680.000000 71 71 69 
-2672.000000 -2525.875000 6680.000000 71 71 71 
-2682.437500 -2525.875000 6680.000000 72 72 72 
-1014.072266 -898.921204 2377.312256 77 77 77 
-1012.158508 -893.950256 2364.166016 77 77 77 
-1013.051453 -891.485291 2357.646973 77 77 77 
-1015.801636 -890.666687 2355.482178 75 75 75 
-1018.546814 -889.849548 2353.321045 74 74 74 
-1022.223877 -889.849548 2353.321045 74 74 74 
-1024.960571 -889.033936 2351.164062 74 74 74 
-1028.634277 -889.033936 2351.164062 72 71 68 
-1033.255005 -889.849548 2353.321045 67 66 62 
-1036.932129 -889.849548 2353.321045 63 63 61 
-1040.609131 -889.849548 2353.321045 55 58 57 
-1043.329102 -889.033936 2351.164062 51 57 55 
-1047.002808 -889.033936 2351.164062 58 64 63 
-1050.676392 -889.033936 2351.164062 66 72 72 
-1053.384644 -888.219788 2349.010986 69 74 77 
-1056.087891 -887.407166 2346.861816 72 73 75 
-1058.786133 -886.596008 2344.716553 73 73 73 
-1062.449707 -886.596008 2344.716553 73 73 73 
-1066.113403 -886.596008 2344.716553 73 73 73 
-1071.736206 -888.219788 2349.010986 73 73 73 
848.889771 -934.166321 2480.773682 69 70 72 
844.197083 -933.263794 2478.376709 69 70 72 
839.513489 -932.362915 2475.984619 69 70 72 
835.644775 -932.362915 2475.984619 70 71 72 
831.776062 -932.362915 2475.984619 69 70 72 
827.108948 -931.463867 2473.596924 69 70 72 
823.243958 -931.463867 2473.596924 68 69 71 
818.589600 -930.566467 2471.213867 67 68 70 
813.944153 -929.670837 2468.835449 63 64 66 
809.307678 -928.776917 2466.461426 60 61 63 
805.453857 -928.776917 2466.461426 61 62 64 
801.599976 -928.776917 2466.461426 63 64 64 
797.746155 -928.776917 2466.461426 63 65 64 
793.892334 -928.776917 2466.461426 64 66 65 
790.038452 -928.776917 2466.461426 65 67 66 
757.655945 -912.975403 2424.499023 65 66 65 
753.867676 -912.975403 2424.499023 67 67 67 
750.035095 -941.450317 2500.116943 70 71 68 
746.128662 -941.450317 2500.116943 68 69 67 
742.946350 -942.368774 2502.556152 65 67 67 
739.757812 -943.289062 2505.000000 62 66 67 
735.843750 -943.289062 2505.000000 62 67 71 
731.929688 -943.289062 2505.000000 61 68 71 
728.727295 -944.211121 2507.448730 53 62 65 
724.809387 -944.211121 2507.448730 41 51 53 
720.891479 -944.211121 2507.448730 37 41 42 
716.973633 -944.211121 2507.448730 40 40 40 
712.359375 -943.289062 2505.000000 43 43 43 
708.445312 -943.289062 2505.000000 46 46 45 
704.531250 -943.289062 2505.000000 48 48 48 
700.617188 -943.289062 2505.000000 49 49 49 
696.703125 -943.289062 2505.000000 50 50 50 
692.789062 -943.289062 2505.000000 51 51 51 
688.875000 -943.289062 2505.000000 51 51 51 
684.960938 -943.289062 2505.000000 54 54 54 
679.719299 -941.450317 2500.116943 57 57 57 
675.812866 -941.450317 2500.116943 57 57 57 
656.416199 -930.566467 2471.213867 58 58 58 
651.926880 -929.670837 2468.835449 59 59 59 
648.069275 -929.670837 2468.835449 60 60 60 
643.592285 -928.776917 2466.461426 61 61 61 
639.738464 -928.776917 2466.461426 62 62 62 
634.664124 -926.994263 2461.727539 63 63 63 
629.006714 -924.333008 2454.660400 64 64 64 
622.194275 -919.931458 2442.971436 64 64 64 
617.788757 -919.056152 2440.646973 64 64 64 
613.391663 -918.182495 2438.326904 64 64 64 
609.002869 -917.310547 2436.011475 64 64 64 
604.049316 -915.571594 2431.393311 65 65 65 
600.250244 -915.571594 2431.393311 66 67 67 
596.451172 -915.571594 2431.393311 68 68 68 
592.652161 -915.571594 2431.393311 67 68 68 
588.853088 -915.571594 2431.393311 66 66 66 
585.054016 -915.571594 2431.393311 61 62 62 
581.255005 -915.571594 2431.393311 56 56 56 
577.455933 -915.571594 2431.393311 50 52 51 
573.656860 -915.571594 2431.393311 47 49 48 
569.857849 -915.571594 2431.393311 45 46 46 
565.522705 -914.704529 2429.090820 45 47 46 
561.727295 -914.704529 2429.090820 45 47 46 
557.931824 -914.704529 2429.090820 45 47 46 
554.136353 -914.704529 2429.090820 45 47 46 
550.340881 -914.704529 2429.090820 45 47 46 
546.545471 -914.704529 2429.090820 47 48 47 
542.750000 -914.704529 2429.090820 48 48 48 
495.306824 -1372.056763 3643.636475 42 42 42 
488.919159 -1370.110596 3638.468018 43 43 43 
483.920441 -1372.056763 3643.636475 44 44 44 
478.907532 -1374.008545 3648.819336 44 44 44 
475.234283 -1379.897095 3664.457031 47 47 47 
250.500000 -3773.156250 10020.000000 46 46 40 
234.843750 -3773.156250 10020.000000 53 54 48 
208.594803 -3590.810303 9535.761719 57 59 52 
191.558823 -3551.205811 9430.587891 58 60 54 
176.823532 -3551.205811 9430.587891 58 59 55 
161.494507 -3538.197754 9396.043945 59 59 57 
-2661.480225 -2535.244141 6732.598633 71 71 70 
-2651.125000 -2515.437500 6680.000000 72 72 70 
-2661.562500 -2515.437500 6680.000000 71 71 69 
-2672.000000 -2515.437500 6680.000000 71 71 71 
-2682.437500 -2515.437500 6680.000000 72 72 72 
-2692.875000 -2515.437500 6680.000000 73 73 73 
-2862.857178 -2603.579590 6914.070312 72 80 77 
-2881.427002 -2610.616211 6932.756836 74 82 79 
-1014.072266 -895.206665 2377.312256 78 78 78 
-1011.226501 -889.436462 2361.989014 78 78 78 
-1012.121216 -886.986206 2355.482178 78 78 78 
-1014.869751 -886.172485 2353.321045 75 75 75 
-1018.546814 -886.172485 2353.321045 74 74 74 
-1021.286865 -885.360229 2351.164062 74 74 74 
-1024.960571 -885.360229 2351.164062 74 74 73 
-1028.634277 -885.360229 2351.164062 73 71 68 
-1032.307983 -885.360229 2351.164062 67 66 63 
-1035.981689 -885.360229 2351.164062 62 62 61 
-1039.655396 -885.360229 2351.164062 54 56 55 
-1043.329102 -885.360229 2351.164062 52 57 55 
-1047.002808 -885.360229 2351.164062 59 65 64 
-1049.714233 -884.549438 2349.010986 66 72 73 
-1052.420898 -883.740173 2346.861816 70 74 77 
-1055.122437 -882.932373 2344.716553 72 74 75 
-1057.819214 -882.126038 2342.575439 73 73 73 
-1060.510986 -881.321167 2340.437988 73 73 73 
-1065.139771 -882.126038 2342.575439 73 73 73 
849.711548 -931.190735 2483.175293 69 71 71 
845.013550 -930.290161 2480.773682 69 71 71 
839.513489 -928.494202 2475.984619 69 71 71 
835.644775 -928.494202 2475.984619 69 70 72 
831.776062 -928.494202 2475.984619 69 70 72 
827.907349 -928.494202 2475.984619 68 69 71 
823.243958 -927.598816 2473.596924 67 68 70 
818.589600 -926.705200 2471.213867 66 67 69 
813.944153 -925.813293 2468.835449 63 64 66 
809.307678 -924.923096 2466.461426 60 61 63 
805.453857 -924.923096 2466.461426 61 62 64 
801.599976 -924.923096 2466.461426 62 63 63 
797.746155 -924.923096 2466.461426 62 64 63 
793.892334 -924.923096 2466.461426 63 65 64 
790.038452 -924.923096 2466.461426 64 66 65 
758.372742 -910.047302 2426.792725 66 66 66 
754.580872 -910.047302 2426.792725 66 66 66 
750.035095 -937.543884 2500.116943 68 71 68 
746.128662 -937.543884 2500.116943 67 70 67 
742.946350 -938.458557 2502.556152 66 68 68 
739.757812 -939.375000 2505.000000 65 67 69 
735.843750 -939.375000 2505.000000 65 67 71 
731.929688 -939.375000 2505.000000 63 67 71 
728.727295 -940.293274 2507.448730 56 63 68 
724.809387 -940.293274 2507.448730 42 52 57 
720.891479 -940.293274 2507.448730 36 41 47 
716.973633 -940.293274 2507.448730 37 39 43 
712.359375 -939.375000 2505.000000 41 42 41 
708.445312 -939.375000 2505.000000 45 45 41 
704.531250 -939.375000 2505.000000 48 49 43 
700.617188 -939.375000 2505.000000 50 50 46 
696.703125 -939.375000 2505.000000 51 50 49 
692.789062 -939.375000 2505.000000 53 50 53 
688.875000 -939.375000 2505.000000 52 51 52 
684.960938 -939.375000 2505.000000 53 53 53 
679.719299 -937.543884 2500.116943 55 55 55 
675.812866 -937.543884 2500.116943 56 56 56 
656.416199 -926.705200 2471.213867 58 58 58 
651.926880 -925.813293 2468.835449 59 59 59 
648.069275 -925.813293 2468.835449 61 61 61 
644.211731 -925.813293 2468.835449 62 62 62 
640.354187 -925.813293 2468.835449 63 63 63 
635.273804 -924.034607 2464.092285 63 63 63 
629.609192 -921.379333 2457.011475 63 63 63 
622.194275 -916.114258 2442.971436 63 63 63 
617.788757 -915.242615 2440.646973 63 63 63 
613.391663 -914.372620 2438.326904 64 64 64 
609.002869 -913.504272 2436.011475 65 64 63 
604.049316 -911.772522 2431.393311 66 65 64 
600.250244 -911.772522 2431.393311 66 66 67 
596.451172 -911.772522 2431.393311 66 67 69 
592.652161 -911.772522 2431.393311 64 67 70 
588.853088 -911.772522 2431.393311 63 67 70 
585.054016 -911.772522 2431.393311 60 63 66 
581.255005 -911.772522 2431.393311 54 57 60 
577.455933 -911.772522 2431.393311 50 51 52 
573.656860 -911.772522 2431.393311 47 48 48 
569.857849 -911.772522 2431.393311 45 46 46 
566.058777 -911.772522 2431.393311 45 46 46 
561.727295 -910.909119 2429.090820 46 47 46 
557.931824 -910.909119 2429.090820 46 47 47 
554.661621 -911.772522 2431.393311 46 47 47 
550.862549 -911.772522 2431.393311 47 47 47 
546.545471 -910.909119 2429.090820 48 48 48 
543.264465 -911.772522 2431.393311 48 48 48 
495.306824 -1366.363647 3643.636475 42 42 42 
489.613647 -1366.363647 3643.636475 43 43 43 
483.920441 -1366.363647 3643.636475 44 44 44 
479.589752 -1370.256470 3654.017090 45 45 45 
250.500000 -3757.500000 10020.000000 46 48 43 
234.843750 -3757.500000 10020.000000 55 56 51 
208.594803 -3575.910889 9535.761719 59 60 57 
191.558823 -3536.470703 9430.587891 62 63 60 
176.823532 -3536.470703 9430.587891 63 61 58 
161.494507 -3523.516602 9396.043945 63 60 58 
-2700.577637 -2571.978516 6858.609863 72 72 71 
-2661.480225 -2524.724365 6732.598633 72 72 71 
-2651.125000 -2505.000000 6680.000000 72 72 71 
-2661.562500 -2505.000000 6680.000000 72 72 71 
-2672.000000 -2505.000000 6680.000000 71 72 72 
-2682.437500 -2505.000000 6680.000000 72 73 72 
-2692.875000 -2505.000000 6680.000000 73 74 73 
-2738.976318 -2538.047607 6768.126465 73 75 74 
-2859.762207 -2599.783691 6932.756836 71 78 76 
-2862.857178 -2592.776367 6914.070312 71 80 77 
-2873.660400 -2592.776367 6914.070312 72 81 78 
-2907.978271 -2613.913086 6970.434570 73 82 79 
-1012.196106 -889.842712 2372.914062 76 79 76 
-1009.367676 -884.117676 2357.646973 77 78 76 
-1011.192688 -882.495422 2353.321045 77 78 76 
-1014.869751 -882.495422 2353.321045 77 77 75 
-1017.613220 -881.686523 2351.164062 77 77 75 
-1021.286865 -881.686523 2351.164062 77 76 74 
-1024.960571 -881.686523 2351.164062 76 73 72 
-1028.634277 -881.686523 2351.164062 72 72 68 
-1032.307983 -881.686523 2351.164062 68 66 63 
-1035.981689 -881.686523 2351.164062 64 58 59 
-1038.703247 -880.879150 2349.010986 58 54 55 
-1042.373657 -880.879150 2349.010986 55 59 57 
-1046.043945 -880.879150 2349.010986 60 69 67 
-1048.753906 -880.073181 2346.861816 67 73 74 
-1051.458862 -879.268738 2344.716553 73 73 77 
-1053.197021 -877.664246 2340.437988 74 74 76 
-1054.928955 -876.065552 2336.174805 74 74 74 
-1058.579224 -876.065552 2336.174805 74 74 74 
-1063.197754 -876.864197 2338.304443 74 74 74 
853.014587 -930.915466 2492.827881 69 71 70 
845.013550 -926.413940 2480.773682 69 71 70 
840.324646 -925.518860 2478.376709 69 71 70 
835.644775 -924.625488 2475.984619 69 70 71 
831.776062 -924.625488 2475.984619 69 70 72 
827.108948 -923.733826 2473.596924 68 69 71 
823.243958 -923.733826 2473.596924 67 68 70 
818.589600 -922.843933 2471.213867 65 66 68 
813.944153 -921.955750 2468.835449 63 64 66 
809.307678 -921.069214 2466.461426 61 62 64 
805.453857 -921.069214 2466.461426 61 62 64 
801.599976 -921.069214 2466.461426 61 63 63 
797.746155 -921.069214 2466.461426 61 63 62 
793.892334 -921.069214 2466.461426 62 64 63 
790.038452 -921.069214 2466.461426 63 65 64 
759.090881 -907.113647 2429.090820 66 66 66 
755.295471 -907.113647 2429.090820 66 66 66 
745.402161 -932.728333 2497.682617 67 71 68 
742.222229 -933.637451 2500.116943 68 69 69 
739.036072 -934.548279 2502.556152 68 67 70 
735.843750 -935.460938 2505.000000 67 67 71 
731.929688 -935.460938 2505.000000 64 67 71 
728.015625 -935.460938 2505.000000 57 64 69 
724.101562 -935.460938 2505.000000 43 53 59 
720.187500 -935.460938 2505.000000 36 42 50 
716.273438 -935.460938 2505.000000 36 39 45 
712.359375 -935.460938 2505.000000 40 41 41 
708.445312 -935.460938 2505.000000 44 45 39 
704.531250 -935.460938 2505.000000 48 49 41 
700.617188 -935.460938 2505.000000 50 50 44 
696.703125 -935.460938 2505.000000 52 50 49 
692.789062 -935.460938 2505.000000 54 49 54 
688.875000 -935.460938 2505.000000 53 51 53 
684.960938 -935.460938 2505.000000 53 53 53 
680.382446 -934.548279 2502.556152 54 54 54 
676.472168 -934.548279 2502.556152 56 56 56 
657.049194 -923.733826 2473.596924 58 58 58 
651.926880 -921.955750 2468.835449 59 59 59 
648.069275 -921.955750 2468.835449 61 61 61 
644.832397 -922.843933 2471.213867 62 62 62 
640.971069 -922.843933 2471.213867 63 63 63 
635.273804 -920.184448 2464.092285 63 63 63 
629.609192 -917.540222 2457.011475 63 63 63 
622.194275 -912.297119 2442.971436 62 62 62 
617.788757 -911.429138 2440.646973 63 63 63 
613.391663 -910.562744 2438.326904 64 64 64 
608.425049 -908.834900 2433.700195 66 64 63 
604.049316 -907.973450 2431.393311 66 65 64 
600.250244 -907.973450 2431.393311 66 66 67 
596.451172 -907.973450 2431.393311 65 67 69 
592.652161 -907.973450 2431.393311 63 68 71 
589.411743 -908.834900 2433.700195 63 68 72 
585.609131 -908.834900 2433.700195 59 64 68 
581.806458 -908.834900 2433.700195 53 58 61 
577.455933 -907.973450 2431.393311 50 52 53 
573.656860 -907.973450 2431.393311 48 48 48 
569.857849 -907.973450 2431.393311 46 46 46 
566.058777 -907.973450 2431.393311 46 46 46 
562.259705 -907.973450 2431.393311 47 47 47 
558.460693 -907.973450 2431.393311 47 47 47 
555.187866 -908.834900 2433.700195 47 47 47 
551.385193 -908.834900 2433.700195 47 47 47 
547.063538 -907.973450 2431.393311 48 48 48 
544.296326 -909.697998 2436.011475 47 47 47 
496.011383 -1362.605957 3648.819336 42 42 42 
489.613647 -1360.670410 3643.636475 43 43 43 
484.608826 -1362.605957 3648.819336 44 44 44 
250.500000 -3741.843750 10020.000000 46 48 44 
234.843750 -3741.843750 10020.000000 56 56 52 
209.373138 -3574.298584 9571.343750 60 60 59 
191.558823 -3521.735352 9430.587891 62 62 63 
176.823532 -3521.735352 9430.587891 64 62 62 
161.494507 -3508.835205 9396.043945 64 62 62 
-2700.577637 -2561.261963 6858.609863 72 72 72 
-2654.513184 -2507.623047 6714.973633 72 72 72 
-2651.125000 -2494.562500 6680.000000 72 72 72 
-2661.562500 -2494.562500 6680.000000 72 72 72 
-2672.000000 -2494.562500 6680.000000 71 73 72 
-2682.437500 -2494.562500 6680.000000 71 73 72 
-2692.875000 -2494.562500 6680.000000 72 74 73 
-2724.598389 -2514.204834 6732.598633 73 75 74 
-2749.551514 -2527.472412 6768.126465 73 75 74 
-2859.762207 -2588.951416 6932.756836 72 77 75 
-2862.857178 -2581.973145 6914.070312 72 78 76 
-2873.660400 -2581.973145 6914.070312 73 79 77 
-2884.463623 -2581.973145 6914.070312 73 79 77 
-2918.869629 -2603.021729 6970.434570 74 80 78 
-1010.326843 -884.498596 2368.531738 76 80 76 
-1009.367676 -880.433838 2357.646973 77 79 76 
-1011.192688 -878.818359 2353.321045 78 78 76 
-1013.939514 -878.012817 2351.164062 78 78 76 
-1017.613220 -878.012817 2351.164062 78 78 76 
-1020.351624 -877.208801 2349.010986 78 76 74 
-1024.021973 -877.208801 2349.010986 76 72 71 
-1027.692261 -877.208801 2349.010986 70 71 67 
-1031.362671 -877.208801 2349.010986 67 65 62 
-1035.032959 -877.208801 2349.010986 65 56 57 
-1038.703247 -877.208801 2349.010986 61 53 56 
-1041.419922 -876.406250 2346.861816 57 60 59 
-1045.086914 -876.406250 2346.861816 62 71 69 
-1047.795288 -875.605103 2344.716553 67 74 74 
-1049.540161 -874.007324 2340.437988 74 72 77 
-1051.278687 -872.415283 2336.174805 75 73 75 
-1053.969116 -871.621460 2334.049072 74 74 74 
-1057.615967 -871.621460 2334.049072 74 74 74 
-1061.262939 -871.621460 2334.049072 74 74 74 
845.013550 -922.537720 2480.773682 69 71 70 
840.324646 -921.646362 2478.376709 69 71 70 
835.644775 -920.756775 2475.984619 69 70 71 
830.973938 -919.868835 2473.596924 69 70 72 
827.108948 -919.868835 2473.596924 68 69 71 
822.450867 -918.982666 2471.213867 67 68 70 
818.589600 -918.982666 2471.213867 65 66 68 
813.944153 -918.098145 2468.835449 63 64 66 
809.307678 -917.215393 2466.461426 61 62 64 
805.453857 -917.215393 2466.461426 61 62 64 
801.599976 -917.215393 2466.461426 61 63 63 
797.746155 -917.215393 2466.461426 61 63 62 
793.892334 -917.215393 2466.461426 62 64 63 
790.038452 -917.215393 2466.461426 63 65 64 
759.090881 -903.318176 2429.090820 65 65 65 
755.295471 -903.318176 2429.090820 65 65 65 
744.677063 -927.922180 2495.252930 67 71 68 
741.499512 -928.825684 2497.682617 68 70 70 
739.036072 -930.638062 2502.556152 68 68 71 
735.843750 -931.546875 2505.000000 67 67 71 
731.929688 -931.546875 2505.000000 64 67 71 
728.015625 -931.546875 2505.000000 58 65 70 
724.101562 -931.546875 2505.000000 45 55 61 
720.187500 -931.546875 2505.000000 37 43 52 
716.273438 -931.546875 2505.000000 37 40 46 
712.359375 -931.546875 2505.000000 39 41 40 
708.445312 -931.546875 2505.000000 43 44 38 
704.531250 -931.546875 2505.000000 47 48 41 
700.617188 -931.546875 2505.000000 50 50 44 
696.703125 -931.546875 2505.000000 52 50 49 
692.789062 -931.546875 2505.000000 54 49 54 
688.875000 -931.546875 2505.000000 53 51 53 
684.960938 -931.546875 2505.000000 53 53 53 
680.382446 -930.638062 2502.556152 54 54 54 
676.472168 -930.638062 2502.556152 56 56 56 
653.184204 -919.868835 2473.596924 59 59 59 
649.319214 -919.868835 2473.596924 60 60 60 
645.454224 -919.868835 2473.596924 61 61 61 
641.589172 -919.868835 2473.596924 62 62 62 
635.273804 -916.334290 2464.092285 63 63 63 
629.609192 -913.701172 2457.011475 62 62 62 
621.602295 -907.615601 2440.646973 62 62 62 
617.788757 -907.615601 2440.646973 63 63 63 
613.391663 -906.752869 2438.326904 64 64 64 
608.425049 -905.032288 2433.700195 66 64 63 
604.049316 -904.174438 2431.393311 66 65 64 
600.250244 -904.174438 2431.393311 66 66 67 
596.451172 -904.174438 2431.393311 65 67 69 
592.652161 -904.174438 2431.393311 63 68 72 
589.411743 -905.032288 2433.700195 63 68 72 
585.609131 -905.032288 2433.700195 60 65 69 
581.806458 -905.032288 2433.700195 54 58 62 
578.003784 -905.032288 2433.700195 51 53 54 
574.201111 -905.032288 2433.700195 49 49 49 
570.398499 -905.032288 2433.700195 47 47 47 
566.595825 -905.032288 2433.700195 47 47 47 
562.793152 -905.032288 2433.700195 47 47 47 
558.990540 -905.032288 2433.700195 47 47 47 
555.187866 -905.032288 2433.700195 47 47 47 
551.908813 -905.891724 2436.011475 47 47 47 
548.102539 -905.891724 2436.011475 48 48 48 
496.011383 -1356.904663 3648.819336 42 42 42 
490.310089 -1356.904663 3648.819336 43 43 43 
484.608826 -1356.904663 3648.819336 44 44 44 
250.500000 -3726.187500 10020.000000 46 48 46 
234.843750 -3726.187500 10020.000000 56 56 55 
209.373138 -3559.343262 9571.343750 59 59 60 
191.558823 -3507.000000 9430.587891 60 60 63 
176.823532 -3507.000000 9430.587891 60 63 65 
162.088242 -3507.000000 9430.587891 60 64 67 
-2693.375977 -2543.743896 6840.319824 72 72 72 
-2654.513184 -2497.130859 6714.973633 72 72 72 
-2658.047119 -2490.611084 6697.441406 72 72 72 
-2661.562500 -2484.125000 6680.000000 72 72 72 
-2672.000000 -2484.125000 6680.000000 71 73 72 
-2682.437500 -2484.125000 6680.000000 71 73 72 
-2699.906006 -2490.611084 6697.441406 72 74 73 
-2724.598389 -2503.685059 6732.598633 73 75 74 
-2749.551514 -2516.897217 6768.126465 73 75 74 
-2856.650391 -2585.105713 6951.544922 73 75 74 
-2859.762207 -2578.118896 6932.756836 74 75 75 
-2870.594482 -2578.118896 6932.756836 75 75 75 
-2873.660400 -2571.169922 6914.070312 75 76 76 
-2892.259521 -2578.118896 6932.756836 76 77 77 
-2918.869629 -2592.130371 6970.434570 77 78 78 
-2929.760986 -2592.130371 6970.434570 78 78 78 
-1008.464539 -879.174194 2364.166016 76 80 77 
-1008.440796 -875.944885 2355.482178 78 79 77 
-1010.265808 -874.339111 2351.164062 79 79 77 
-1013.010986 -873.538452 2349.010986 79 79 77 
-1016.681335 -873.538452 2349.010986 79 79 77 
-1020.351624 -873.538452 2349.010986 78 76 74 
-1023.085083 -872.739258 2346.861816 75 71 70 
-1026.752075 -872.739258 2346.861816 68 69 65 
-1030.419067 -872.739258 2346.861816 66 63 60 
-1034.086060 -872.739258 2346.861816 65 55 57 
-1037.752930 -872.739258 2346.861816 61 53 56 
-1040.468018 -871.941528 2344.716553 59 62 61 
-1044.131592 -871.941528 2344.716553 63 73 70 
-1045.883179 -870.350342 2340.437988 68 74 75 
-1047.628418 -868.765015 2336.174805 74 72 77 
-1050.322144 -867.974548 2334.049072 74 72 75 
-1052.054443 -866.397827 2329.809326 73 73 73 
-1055.694824 -866.397827 2329.809326 73 73 73 
-1060.298218 -867.185486 2331.927246 73 73 73 
845.013550 -918.661499 2480.773682 69 71 70 
839.513489 -916.888062 2475.984619 69 71 70 
834.838989 -916.003845 2473.596924 69 70 71 
830.173401 -915.121399 2471.213867 69 70 72 
826.312134 -915.121399 2471.213867 68 69 71 
822.450867 -915.121399 2471.213867 67 68 70 
817.801758 -914.240601 2468.835449 65 66 68 
813.161560 -913.361511 2466.461426 63 64 66 
809.307678 -913.361511 2466.461426 61 62 64 
805.453857 -913.361511 2466.461426 61 62 64 
801.599976 -913.361511 2466.461426 61 63 63 
797.746155 -913.361511 2466.461426 61 63 62 
793.129700 -912.484131 2464.092285 62 64 63 
790.038452 -913.361511 2466.461426 63 65 64 
759.090881 -899.522705 2429.090820 64 65 64 
755.295471 -899.522705 2429.090820 64 64 64 
743.953369 -923.125366 2492.827881 68 72 69 
741.499512 -924.923096 2497.682617 69 70 70 
738.315796 -925.824585 2500.116943 69 69 71 
735.125854 -926.727783 2502.556152 67 67 71 
731.929688 -927.632812 2505.000000 64 67 71 
728.015625 -927.632812 2505.000000 59 66 71 
724.101562 -927.632812 2505.000000 47 57 62 
720.187500 -927.632812 2505.000000 39 45 53 
716.273438 -927.632812 2505.000000 38 40 47 
712.359375 -927.632812 2505.000000 39 41 41 
707.754150 -926.727783 2502.556152 42 43 38 
703.843933 -926.727783 2502.556152 47 48 41 
700.617188 -927.632812 2505.000000 50 50 44 
696.703125 -927.632812 2505.000000 52 50 49 
692.789062 -927.632812 2505.000000 54 49 54 
688.875000 -927.632812 2505.000000 53 51 53 
684.960938 -927.632812 2505.000000 53 53 53 
680.382446 -926.727783 2502.556152 54 54 54 
676.472168 -926.727783 2502.556152 56 56 56 
642.208496 -916.888062 2475.984619 61 62 61 
635.884644 -913.361511 2466.461426 62 62 61 
629.609192 -909.862061 2457.011475 62 62 62 
621.602295 -903.802124 2440.646973 62 62 62 
617.201538 -902.942993 2438.326904 63 63 63 
612.809143 -902.085449 2436.011475 64 64 64 
608.425049 -901.229614 2433.700195 66 64 63 
604.049316 -900.375366 2431.393311 66 65 64 
599.681824 -899.522705 2429.090820 66 66 67 
596.451172 -900.375366 2431.393311 65 67 69 
592.652161 -900.375366 2431.393311 64 68 72 
588.853088 -900.375366 2431.393311 64 69 72 
585.054016 -900.375366 2431.393311 61 66 70 
581.806458 -901.229614 2433.700195 55 59 63 
578.003784 -901.229614 2433.700195 52 53 55 
574.201111 -901.229614 2433.700195 50 50 50 
570.398499 -901.229614 2433.700195 47 48 47 
566.595825 -901.229614 2433.700195 47 47 47 
562.793152 -901.229614 2433.700195 47 47 47 
558.990540 -901.229614 2433.700195 47 47 47 
555.715088 -902.085449 2436.011475 47 47 47 
552.433472 -902.942993 2438.326904 47 47 47 
549.145569 -903.802124 2440.646973 47 47 47 
496.717957 -1353.128174 3654.017090 42 42 42 
490.310089 -1351.203369 3648.819336 43 43 43 
485.299133 -1353.128174 3654.017090 44 44 44 
266.156250 -3710.531250 10020.000000 37 42 41 
250.500000 -3710.531250 10020.000000 46 48 47 
234.843750 -3710.531250 10020.000000 55 55 56 
210.157303 -3557.662842 9607.191406 57 57 61 
191.558823 -3492.264648 9430.587891 57 58 63 
176.823532 -3492.264648 9430.587891 54 61 65 
162.088242 -3492.264648 9430.587891 52 62 67 
-2686.327148 -2546.638184 6876.997559 72 72 72 
-2697.072510 -2546.638184 6876.997559 72 72 72 
-2679.087646 -2519.617920 6804.031738 72 72 72 
-2654.513184 -2486.638672 6714.973633 72 72 72 
-2658.047119 -2480.146240 6697.441406 72 72 72 
-2668.511719 -2480.146240 6697.441406 72 72 72 
-2678.976562 -2480.146240 6697.441406 71 73 72 
-2703.559082 -2493.165283 6732.598633 71 73 72 
-2714.078857 -2493.165283 6732.598633 72 74 73 
-2746.222168 -2512.952393 6786.031738 73 75 74 
-2830.447510 -2560.366699 6914.070312 73 75 74 
-2848.929688 -2567.286377 6932.756836 73 75 74 
-2859.762207 -2567.286377 6932.756836 75 74 74 
-2870.594482 -2567.286377 6932.756836 77 74 75 
-2881.427002 -2567.286377 6932.756836 78 75 75 
-2892.259521 -2567.286377 6932.756836 78 75 76 
-2918.869629 -2581.239014 6970.434570 79 76 77 
-2929.760986 -2581.239014 6970.434570 80 77 77 
-1006.609009 -873.869385 2359.815918 75 79 76 
-1007.515625 -871.464233 2353.321045 77 78 76 
-1009.340637 -869.868103 2349.010986 78 78 76 
-1013.010986 -869.868103 2349.010986 79 79 77 
-1015.751160 -869.072266 2346.861816 80 79 77 
-1019.418091 -869.072266 2346.861816 77 76 74 
-1023.085083 -869.072266 2346.861816 74 70 69 
-1026.752075 -869.072266 2346.861816 67 68 63 
-1030.419067 -869.072266 2346.861816 65 62 59 
-1033.140747 -868.277893 2344.716553 64 55 57 
-1036.804443 -868.277893 2344.716553 61 54 56 
-1039.517822 -867.484924 2342.575439 60 64 63 
-1042.226318 -866.693420 2340.437988 64 74 72 
-1043.978149 -865.114746 2336.174805 69 75 75 
-1046.675171 -864.327576 2334.049072 74 72 76 
-1048.414185 -862.757507 2329.809326 74 72 74 
-1052.054443 -862.757507 2329.809326 72 72 72 
-1055.694824 -862.757507 2329.809326 72 72 72 
-1060.298218 -863.541809 2331.927246 72 72 72 
844.197083 -913.901428 2478.376709 70 72 71 
838.703979 -912.138855 2473.596924 69 71 70 
834.034668 -911.260132 2471.213867 68 71 71 
830.173401 -911.260132 2471.213867 67 72 71 
826.312134 -911.260132 2471.213867 67 72 71 
821.659302 -910.383057 2468.835449 66 70 69 
817.015381 -909.507690 2466.461426 64 68 68 
813.161560 -909.507690 2466.461426 63 67 67 
809.307678 -909.507690 2466.461426 61 66 65 
805.453857 -909.507690 2466.461426 59 64 63 
801.599976 -909.507690 2466.461426 61 63 62 
797.746155 -909.507690 2466.461426 62 64 63 
793.129700 -908.634033 2464.092285 62 64 63 
790.038452 -909.507690 2466.461426 62 64 63 
767.977112 -901.704468 2445.300293 65 67 66 
759.810425 -896.576294 2431.393311 64 65 65 
756.011353 -896.576294 2431.393311 64 65 65 
747.122314 -918.337891 2490.407715 69 72 70 
742.510193 -917.447144 2487.992188 69 71 70 
740.778198 -920.124512 2495.252930 68 70 69 
737.596863 -921.020447 2497.682617 68 69 69 
735.125854 -922.817566 2502.556152 67 69 69 
731.929688 -923.718750 2505.000000 66 68 68 
728.015625 -923.718750 2505.000000 63 66 67 
724.101562 -923.718750 2505.000000 53 58 60 
720.187500 -923.718750 2505.000000 41 47 54 
716.273438 -923.718750 2505.000000 35 41 48 
712.359375 -923.718750 2505.000000 38 40 44 
707.754150 -922.817566 2502.556152 44 44 44 
703.843933 -922.817566 2502.556152 48 47 43 
700.617188 -923.718750 2505.000000 49 48 46 
696.703125 -923.718750 2505.000000 50 49 49 
692.789062 -923.718750 2505.000000 51 50 53 
688.875000 -923.718750 2505.000000 52 52 53 
684.960938 -923.718750 2505.000000 53 53 53 
681.046875 -923.718750 2505.000000 54 54 54 
676.472168 -922.817566 2502.556152 56 56 56 
671.906433 -921.918152 2500.116943 57 57 57 
643.450684 -914.785278 2480.773682 61 63 55 
636.496643 -910.383057 2468.835449 62 63 56 
629.609192 -906.023010 2457.011475 63 64 60 
621.011414 -899.133057 2438.326904 63 63 61 
616.615356 -898.279175 2436.011475 63 64 61 
612.227722 -897.426941 2433.700195 65 65 62 
607.848328 -896.576294 2431.393311 66 66 62 
603.477295 -895.727295 2429.090820 66 66 63 
599.681824 -895.727295 2429.090820 66 66 65 
596.451172 -896.576294 2431.393311 66 66 67 
592.652161 -896.576294 2431.393311 65 67 68 
588.853088 -896.576294 2431.393311 65 67 69 
585.054016 -896.576294 2431.393311 65 67 70 
581.255005 -896.576294 2431.393311 60 61 65 
577.455933 -896.576294 2431.393311 55 56 57 
574.201111 -897.426941 2433.700195 51 52 51 
570.398499 -897.426941 2433.700195 47 49 48 
566.595825 -897.426941 2433.700195 46 47 47 
562.793152 -897.426941 2433.700195 46 48 47 
558.990540 -897.426941 2433.700195 46 48 47 
556.243347 -899.133057 2438.326904 46 48 47 
552.959106 -899.988586 2440.646973 46 48 47 
496.717957 -1347.418823 3654.017090 42 42 42 
491.008545 -1347.418823 3654.017090 43 43 43 
485.299133 -1347.418823 3654.017090 44 44 44 
266.156250 -3694.875000 10020.000000 32 42 47 
250.500000 -3694.875000 10020.000000 39 47 49 
234.843750 -3694.875000 10020.000000 43 51 53 
210.157303 -3542.651611 9607.191406 42 52 56 
192.265686 -3490.361572 9465.387695 40 54 60 
176.823532 -3477.529297 9430.587891 35 55 61 
162.088242 -3477.529297 9430.587891 34 54 61 
-2693.901611 -2584.393555 7008.524414 73 73 71 
-2668.427734 -2529.112305 6858.609863 73 73 71 
-2672.000000 -2522.367920 6840.319824 73 73 71 
-2668.456299 -2508.986816 6804.031738 73 73 71 
-2650.960693 -2482.645752 6732.598633 73 73 71 
-2654.513184 -2476.146484 6714.973633 73 73 71 
-2658.047119 -2469.681396 6697.441406 73 73 71 
-2668.511719 -2469.681396 6697.441406 73 73 71 
-2693.039307 -2482.645752 6732.598633 72 73 72 
-2703.559082 -2482.645752 6732.598633 73 73 73 
-2728.401123 -2495.746826 6768.126465 74 74 74 
-2746.222168 -2502.349121 6786.031738 74 75 75 
-2830.447510 -2549.563232 6914.070312 74 75 75 
-2841.250732 -2549.563232 6914.070312 74 75 75 
-2852.053955 -2549.563232 6914.070312 75 75 74 
-2870.594482 -2556.454102 6932.756836 76 74 73 
-2881.427002 -2556.454102 6932.756836 76 75 74 
-2892.259521 -2556.454102 6932.756836 76 75 74 
-2918.869629 -2570.347900 6970.434570 76 75 74 
-1005.683838 -869.382324 2357.646973 76 78 75 
-1005.670349 -866.197815 2349.010986 77 77 75 
-1008.417175 -865.405334 2346.861816 77 77 75 
-1011.159058 -864.614258 2344.716553 78 78 76 
-1014.822693 -864.614258 2344.716553 78 78 76 
-1017.556152 -863.824646 2342.575439 76 75 73 
-1021.216431 -863.824646 2342.575439 73 71 69 
-1024.876709 -863.824646 2342.575439 70 66 62 
-1028.536987 -863.824646 2342.575439 67 62 58 
-1032.197266 -863.824646 2342.575439 59 56 56 
-1035.857544 -863.824646 2342.575439 54 55 57 
-1037.622559 -862.249756 2338.304443 59 66 67 
-1040.327881 -861.464478 2336.174805 66 73 72 
-1043.028198 -860.680603 2334.049072 71 75 72 
-1044.773804 -859.117188 2329.809326 75 73 70 
-1047.462769 -858.337585 2327.695068 73 72 71 
-1051.099854 -858.337585 2327.695068 72 72 71 
-1055.694824 -859.117188 2329.809326 72 72 71 
843.382263 -909.150574 2475.984619 71 73 72 
837.895935 -907.398865 2471.213867 70 72 71 
832.430786 -905.653870 2466.461426 67 72 70 
828.576904 -905.653870 2466.461426 67 73 71 
824.723083 -905.653870 2466.461426 67 73 71 
820.869202 -905.653870 2466.461426 65 71 69 
817.015381 -905.653870 2466.461426 63 69 67 
813.161560 -905.653870 2466.461426 63 69 67 
808.530273 -904.783875 2464.092285 62 68 66 
804.680115 -904.783875 2464.092285 59 65 63 
800.829956 -904.783875 2464.092285 61 64 62 
796.979858 -904.783875 2464.092285 62 64 63 
793.129700 -904.783875 2464.092285 62 64 63 
767.245728 -897.028564 2442.971436 65 67 66 
760.531311 -893.624268 2433.700195 64 66 65 
756.011353 -892.777283 2431.393311 64 66 65 
743.513062 -910.028992 2478.376709 70 72 71 
739.640564 -910.028992 2478.376709 69 71 70 
739.339783 -914.446594 2490.407715 68 70 69 
736.879395 -916.225708 2495.252930 68 70 69 
734.409363 -918.011719 2500.116943 68 70 69 
731.215637 -918.907349 2502.556152 66 68 67 
728.015625 -919.804688 2505.000000 65 67 66 
724.101562 -919.804688 2505.000000 57 60 59 
720.187500 -919.804688 2505.000000 42 49 55 
716.273438 -919.804688 2505.000000 35 41 49 
712.359375 -919.804688 2505.000000 38 40 45 
707.754150 -918.907349 2502.556152 45 44 46 
703.843933 -918.907349 2502.556152 48 46 45 
699.933655 -918.907349 2502.556152 48 47 46 
696.023438 -918.907349 2502.556152 49 49 49 
692.113159 -918.907349 2502.556152 49 51 53 
688.202942 -918.907349 2502.556152 51 52 53 
684.960938 -919.804688 2505.000000 53 53 53 
681.046875 -919.804688 2505.000000 54 54 54 
677.132812 -919.804688 2505.000000 56 56 56 
671.906433 -918.011719 2500.116943 57 57 57 
668.651733 -918.907349 2502.556152 57 57 57 
648.467834 -918.011719 2500.116943 61 63 54 
639.574463 -910.909119 2480.773682 62 63 55 
632.030762 -905.653870 2466.461426 63 63 60 
620.421631 -894.472961 2436.011475 63 63 61 
616.030334 -893.624268 2433.700195 63 63 61 
611.647400 -892.777283 2431.393311 65 65 63 
607.272705 -891.931824 2429.090820 66 67 62 
603.477295 -891.931824 2429.090820 66 67 63 
599.681824 -891.931824 2429.090820 66 66 65 
595.886353 -891.931824 2429.090820 66 66 66 
592.090881 -891.931824 2429.090820 66 66 66 
588.853088 -892.777283 2431.393311 66 66 67 
585.054016 -892.777283 2431.393311 67 67 70 
581.255005 -892.777283 2431.393311 63 62 67 
577.455933 -892.777283 2431.393311 56 57 58 
573.656860 -892.777283 2431.393311 51 53 52 
569.857849 -892.777283 2431.393311 47 49 48 
566.058777 -892.777283 2431.393311 45 47 46 
562.259705 -892.777283 2431.393311 46 48 47 
558.990540 -893.624268 2433.700195 46 48 47 
556.243347 -895.323181 2438.326904 46 48 47 
491.008545 -1341.709351 3654.017090 43 43 43 
266.156250 -3679.218750 10020.000000 37 40 48 
250.500000 -3679.218750 10020.000000 39 44 47 
234.843750 -3679.218750 10020.000000 38 46 47 
210.947372 -3540.902344 9643.308594 32 42 44 
192.977783 -3488.444336 9500.444336 25 37 40 
177.476013 -3475.572021 9465.387695 22 34 39 
162.088242 -3462.794189 9430.587891 25 35 41 
-2675.640381 -2566.430420 6989.427734 73 73 71 
-2657.595703 -2538.760010 6914.070312 73 73 71 
-2646.994629 -2518.395752 6858.609863 73 73 71 
-2657.711182 -2518.395752 6858.609863 73 73 71 
-2661.312012 -2511.679932 6840.319824 73 73 71 
-2643.799561 -2485.171387 6768.126465 73 73 71 
-2640.440918 -2472.125977 6732.598633 73 73 71 
-2644.020996 -2465.654541 6714.973633 73 73 71 
-2640.687500 -2452.812500 6680.000000 73 73 71 
-2651.125000 -2452.812500 6680.000000 73 73 71 
-2668.511719 -2459.216797 6697.441406 73 73 71 
-2693.039307 -2472.125977 6732.598633 73 73 72 
-2703.559082 -2472.125977 6732.598633 73 73 73 
-2728.401123 -2485.171387 6768.126465 74 74 74 
-2746.222168 -2491.746094 6786.031738 75 75 75 
-2822.838623 -2531.935547 6895.483887 75 75 75 
-2841.250732 -2538.760010 6914.070312 75 75 75 
-2852.053955 -2538.760010 6914.070312 75 75 74 
-2862.857178 -2538.760010 6914.070312 75 75 73 
-2881.427002 -2545.621582 6932.756836 75 75 73 
-2892.259521 -2545.621582 6932.756836 75 75 73 
-2918.869629 -2559.456543 6970.434570 74 74 72 
-1004.770508 -868.092163 2364.166016 76 76 74 
-1004.760315 -864.903564 2355.482178 77 77 75 
-1004.750244 -861.738342 2346.861816 77 77 75 
-1007.495422 -860.950623 2344.716553 77 77 75 
-1010.235596 -860.164368 2342.575439 76 76 74 
-1013.895874 -860.164368 2342.575439 76 76 74 
-1016.627747 -859.379578 2340.437988 74 74 72 
-1019.354614 -858.596191 2338.304443 71 71 69 
-1023.008179 -858.596191 2338.304443 71 64 61 
-1026.661865 -858.596191 2338.304443 67 60 57 
-1029.377075 -857.814209 2336.174805 56 56 54 
-1033.027344 -857.814209 2336.174805 52 57 59 
-1035.734253 -857.033691 2334.049072 60 68 70 
-1039.381226 -857.033691 2334.049072 67 73 73 
-1042.079956 -856.254517 2331.927246 72 74 70 
-1043.825806 -854.700562 2327.695068 75 73 67 
-1046.513184 -853.925659 2325.584717 73 72 69 
-1051.099854 -854.700562 2327.695068 72 72 70 
-1054.736816 -854.700562 2327.695068 72 72 70 
841.757202 -903.537598 2471.213867 71 73 72 
836.284607 -901.799988 2466.461426 71 73 72 
832.430786 -901.799988 2466.461426 68 72 71 
828.576904 -901.799988 2466.461426 67 73 71 
824.723083 -901.799988 2466.461426 67 73 71 
820.869202 -901.799988 2466.461426 65 71 69 
817.015381 -901.799988 2466.461426 63 69 67 
812.380432 -900.933716 2464.092285 63 69 67 
808.530273 -900.933716 2464.092285 62 68 66 
804.680115 -900.933716 2464.092285 59 65 63 
771.797913 -894.062927 2445.300293 64 66 65 
767.245728 -893.211426 2442.971436 65 67 66 
760.531311 -889.821655 2433.700195 64 66 65 
755.295471 -888.136353 2429.090820 64 66 65 
751.500000 -888.136353 2429.090820 67 69 68 
740.650635 -902.667969 2468.835449 70 72 71 
736.793091 -902.667969 2468.835449 70 72 71 
735.768127 -906.156494 2478.376709 69 71 70 
735.448547 -910.555359 2490.407715 68 70 69 
733.694275 -913.215210 2497.682617 68 70 69 
731.215637 -914.997070 2502.556152 67 69 68 
727.305359 -914.997070 2502.556152 66 68 67 
723.395142 -914.997070 2502.556152 59 62 61 
719.484863 -914.997070 2502.556152 45 51 57 
715.574646 -914.997070 2502.556152 36 43 51 
711.664368 -914.997070 2502.556152 38 41 46 
707.754150 -914.997070 2502.556152 45 44 46 
703.843933 -914.997070 2502.556152 47 45 44 
699.933655 -914.997070 2502.556152 48 47 45 
696.023438 -914.997070 2502.556152 48 48 49 
692.113159 -914.997070 2502.556152 48 50 52 
688.202942 -914.997070 2502.556152 51 52 52 
684.960938 -915.890625 2505.000000 53 53 53 
681.046875 -915.890625 2505.000000 54 54 54 
677.132812 -915.890625 2505.000000 56 56 56 
673.218750 -915.890625 2505.000000 57 57 57 
648.467834 -914.105286 2500.116943 61 62 58 
634.471069 -905.281860 2475.984619 62 63 62 
620.421631 -890.666687 2436.011475 62 62 62 
616.030334 -889.821655 2433.700195 62 62 63 
611.647400 -888.978210 2431.393311 64 64 64 
607.272705 -888.136353 2429.090820 66 66 63 
603.477295 -888.136353 2429.090820 66 67 63 
599.681824 -888.136353 2429.090820 66 66 65 
595.886353 -888.136353 2429.090820 66 66 66 
592.090881 -888.136353 2429.090820 66 66 66 
588.295471 -888.136353 2429.090820 66 66 67 
584.500000 -888.136353 2429.090820 67 67 70 
581.255005 -888.978210 2431.393311 63 62 67 
577.455933 -888.978210 2431.393311 56 57 58 
573.656860 -888.978210 2431.393311 51 53 52 
569.857849 -888.978210 2431.393311 47 49 48 
566.058777 -888.978210 2431.393311 45 47 46 
562.259705 -888.978210 2431.393311 46 48 47 
558.990540 -889.821655 2433.700195 46 48 47 
556.243347 -891.513306 2438.326904 46 48 47 
266.156250 -3663.562500 10020.000000 43 37 42 
250.500000 -3663.562500 10020.000000 46 39 42 
234.843750 -3663.562500 10020.000000 59 49 51 
211.743393 -3539.139648 9679.698242 60 46 49 
193.695175 -3486.512939 9535.761719 47 30 33 
177.476013 -3460.782227 9465.387695 45 26 29 
162.686340 -3460.782227 9465.387695 47 27 30 
-2668.369629 -2548.565186 6970.434570 73 73 71 
-2629.248047 -2500.991943 6840.319824 73 73 71 
-2625.931152 -2487.724121 6804.031738 73 73 71 
-2629.587402 -2481.142822 6786.031738 73 73 71 
-2633.224365 -2474.596191 6768.126465 73 73 71 
-2623.036621 -2455.162354 6714.973633 73 73 71 
-2619.812500 -2442.375000 6680.000000 73 73 71 
-2630.250000 -2442.375000 6680.000000 73 73 71 
-2640.687500 -2442.375000 6680.000000 73 73 71 
-2651.125000 -2442.375000 6680.000000 73 73 71 
-2661.562500 -2442.375000 6680.000000 73 73 71 
-2685.989502 -2455.162354 6714.973633 73 73 72 
-2703.559082 -2461.606201 6732.598633 73 73 73 
-2714.078857 -2461.606201 6732.598633 74 74 74 
-2738.976318 -2474.596191 6768.126465 75 75 75 
-2778.879883 -2500.991943 6840.319824 76 76 76 
-2815.270752 -2514.402100 6876.997559 76 76 76 
-2841.250732 -2527.956787 6914.070312 76 76 76 
-2852.053955 -2527.956787 6914.070312 76 76 75 
-2862.857178 -2527.956787 6914.070312 76 76 74 
-2881.427002 -2534.789307 6932.756836 76 76 74 
-2900.097656 -2541.658447 6951.544922 76 76 74 
-2918.869629 -2548.565186 6970.434570 75 75 73 
-1002.921814 -862.807739 2359.815918 75 75 73 
-1002.918396 -859.644348 2351.164062 76 76 74 
-1003.831787 -857.287048 2344.716553 76 76 74 
-1006.575317 -856.504089 2342.575439 76 76 74 
-1007.475403 -854.163940 2336.174805 75 75 73 
-1011.125671 -854.163940 2336.174805 75 75 73 
-1014.775940 -854.163940 2336.174805 73 73 71 
-1017.499573 -853.386719 2334.049072 70 69 67 
-1021.146484 -853.386719 2334.049072 70 63 60 
-1024.793457 -853.386719 2334.049072 65 58 55 
-1028.440430 -853.386719 2334.049072 55 55 53 
-1032.087402 -853.386719 2334.049072 54 60 62 
-1034.792725 -852.610901 2331.927246 62 70 72 
-1037.493164 -851.836487 2329.809326 68 74 73 
-1041.133545 -851.836487 2329.809326 72 74 69 
-1042.879395 -850.291931 2325.584717 74 72 66 
-1046.513184 -850.291931 2325.584717 73 72 68 
-1050.146851 -850.291931 2325.584717 72 72 70 
-1054.736816 -851.063538 2327.695068 72 72 70 
837.895935 -899.676331 2471.213867 72 74 73 
824.723083 -897.946167 2466.461426 67 73 71 
820.869202 -897.946167 2466.461426 65 71 69 
816.230530 -897.083557 2464.092285 64 69 68 
812.380432 -897.083557 2464.092285 63 69 67 
807.754333 -896.222656 2461.727539 62 67 66 
771.797913 -890.242126 2445.300293 64 66 65 
767.977112 -890.242126 2445.300293 65 67 66 
763.428589 -889.394287 2442.971436 64 66 65 
755.295471 -884.340881 2429.090820 64 66 65 
751.500000 -884.340881 2429.090820 67 69 68 
739.938477 -897.946167 2466.461426 71 73 72 
736.084595 -897.946167 2466.461426 70 72 71 
734.349060 -900.543884 2473.596924 70 71 71 
734.735229 -905.784668 2487.992188 69 71 70 
732.980530 -908.428040 2495.252930 68 70 69 
730.502930 -910.198853 2500.116943 67 68 68 
727.305359 -911.086853 2502.556152 67 69 68 
723.395142 -911.086853 2502.556152 61 63 63 
719.484863 -911.086853 2502.556152 47 53 59 
715.574646 -911.086853 2502.556152 37 44 51 
711.664368 -911.086853 2502.556152 39 41 46 
707.064331 -910.198853 2500.116943 44 43 46 
703.157898 -910.198853 2500.116943 47 45 43 
699.933655 -911.086853 2502.556152 47 46 45 
696.023438 -911.086853 2502.556152 48 48 48 
692.113159 -911.086853 2502.556152 48 49 51 
688.202942 -911.086853 2502.556152 50 51 52 
684.960938 -911.976562 2505.000000 53 53 53 
681.046875 -911.976562 2505.000000 54 54 54 
677.132812 -911.976562 2505.000000 56 56 56 
673.876831 -912.868042 2507.448730 57 57 57 
649.100464 -911.086853 2502.556152 61 61 62 
616.030334 -886.018982 2433.700195 62 61 64 
611.068176 -884.340881 2429.090820 63 63 65 
607.272705 -884.340881 2429.090820 65 66 63 
603.477295 -884.340881 2429.090820 66 67 63 
599.681824 -884.340881 2429.090820 66 66 65 
595.886353 -884.340881 2429.090820 66 66 66 
592.090881 -884.340881 2429.090820 66 66 66 
588.295471 -884.340881 2429.090820 66 66 67 
584.500000 -884.340881 2429.090820 67 67 70 
580.704529 -884.340881 2429.090820 63 62 66 
576.909119 -884.340881 2429.090820 56 57 58 
573.656860 -885.179138 2431.393311 51 53 52 
569.857849 -885.179138 2431.393311 47 49 48 
566.058777 -885.179138 2431.393311 46 47 46 
562.259705 -885.179138 2431.393311 46 48 47 
558.460693 -885.179138 2431.393311 46 48 47 
556.243347 -887.703430 2438.326904 46 48 47 
266.156250 -3647.906250 10020.000000 41 41 40 
250.500000 -3647.906250 10020.000000 33 38 36 
234.843750 -3647.906250 10020.000000 56 58 54 
219.187500 -3647.906250 10020.000000 72 66 62 
194.417908 -3484.567139 9571.343750 64 51 46 
178.133331 -3458.755615 9500.444336 67 48 42 
162.686340 -3445.992676 9465.387695 67 48 41 
147.896683 -3445.992676 9465.387695 74 59 50 
-2668.369629 -2537.673828 6970.434570 73 73 71 
-2615.299805 -2477.092773 6804.031738 73 73 71 
-2618.984131 -2470.539795 6786.031738 73 73 71 
-2615.747314 -2457.536865 6750.315918 73 73 71 
-2619.401611 -2451.086670 6732.598633 73 73 71 
-2609.375000 -2431.937500 6680.000000 73 73 71 
-2619.812500 -2431.937500 6680.000000 73 73 71 
-2623.418213 -2425.620850 6662.649414 73 73 71 
-2633.828613 -2425.620850 6662.649414 73 73 71 
-2644.239014 -2425.620850 6662.649414 73 73 71 
-2654.649414 -2425.620850 6662.649414 73 73 71 
-2672.000000 -2431.937500 6680.000000 73 73 72 
-2696.481689 -2444.670166 6714.973633 73 73 73 
-2706.973877 -2444.670166 6714.973633 74 74 74 
-2731.768311 -2457.536865 6750.315918 75 75 75 
-2749.551514 -2464.020996 6768.126465 76 76 76 
-2774.769287 -2477.092773 6804.031738 77 77 77 
-2815.270752 -2503.656738 6876.997559 77 77 77 
-2841.250732 -2517.153564 6914.070312 77 77 77 
-2852.053955 -2517.153564 6914.070312 77 77 76 
-2862.857178 -2517.153564 6914.070312 77 77 75 
-2881.427002 -2523.956787 6932.756836 77 77 75 
-2907.978271 -2537.673828 6970.434570 77 77 75 
-1002.921814 -859.120544 2359.815918 75 75 73 
-1002.918396 -855.970642 2351.164062 75 75 73 
-1002.915100 -852.843811 2342.575439 75 75 73 
-1003.825134 -850.513672 2336.174805 75 75 73 
-1006.558716 -849.739746 2334.049072 74 74 72 
-1010.205627 -849.739746 2334.049072 73 73 72 
-1012.930908 -848.967285 2331.927246 72 72 70 
-1016.574524 -848.967285 2331.927246 69 68 66 
-1020.218201 -848.967285 2331.927246 69 62 59 
-1023.861816 -848.967285 2331.927246 63 57 53 
-1027.505493 -848.967285 2331.927246 54 54 53 
-1030.212524 -848.196167 2329.809326 57 62 64 
-1033.852905 -848.196167 2329.809326 64 72 74 
-1036.551758 -847.426514 2327.695068 68 74 74 
-1040.188721 -847.426514 2327.695068 72 74 69 
-1042.879395 -846.658203 2325.584717 74 72 66 
-1045.565186 -845.891296 2323.478271 73 72 68 
-1049.195679 -845.891296 2323.478271 72 72 70 
-1053.780640 -846.658203 2325.584717 72 72 70 
812.380432 -893.233459 2464.092285 66 69 69 
771.797913 -886.421326 2445.300293 63 65 64 
739.227661 -893.233459 2464.092285 71 72 72 
735.377502 -893.233459 2464.092285 71 71 71 
733.641602 -895.815002 2471.213867 70 70 70 
734.735229 -901.897217 2487.992188 69 70 69 
732.268250 -903.650146 2492.827881 68 69 68 
730.502930 -906.292419 2500.116943 67 68 67 
727.305359 -907.176575 2502.556152 66 67 66 
723.395142 -907.176575 2502.556152 63 64 64 
719.484863 -907.176575 2502.556152 49 56 58 
715.574646 -907.176575 2502.556152 37 45 48 
711.664368 -907.176575 2502.556152 38 41 43 
707.754150 -907.176575 2502.556152 44 43 44 
703.843933 -907.176575 2502.556152 47 44 45 
699.933655 -907.176575 2502.556152 48 46 46 
696.023438 -907.176575 2502.556152 49 49 47 
692.113159 -907.176575 2502.556152 48 50 47 
688.202942 -907.176575 2502.556152 50 52 50 
684.960938 -908.062500 2505.000000 53 53 53 
681.046875 -908.062500 2505.000000 54 54 54 
677.794739 -908.950134 2507.448730 56 56 56 
650.369507 -908.950134 2507.448730 61 61 62 
615.446472 -881.380066 2431.393311 63 62 64 
611.068176 -880.545471 2429.090820 64 64 65 
606.698181 -879.712402 2426.792725 65 65 64 
602.906311 -879.712402 2426.792725 66 66 64 
599.114502 -879.712402 2426.792725 66 66 66 
595.886353 -880.545471 2429.090820 67 67 67 
592.090881 -880.545471 2429.090820 67 67 67 
588.295471 -880.545471 2429.090820 67 67 67 
584.500000 -880.545471 2429.090820 67 67 68 
580.704529 -880.545471 2429.090820 63 63 64 
576.909119 -880.545471 2429.090820 58 59 59 
573.113647 -880.545471 2429.090820 53 54 53 
569.318176 -880.545471 2429.090820 48 49 49 
565.522705 -880.545471 2429.090820 46 47 47 
561.727295 -880.545471 2429.090820 47 47 47 
558.460693 -881.380066 2431.393311 47 48 48 
556.243347 -883.893555 2438.326904 47 48 48 
250.500000 -3632.250000 10020.000000 27 31 38 
234.843750 -3632.250000 10020.000000 47 44 52 
219.187500 -3632.250000 10020.000000 75 65 70 
194.417908 -3469.612061 9571.343750 81 65 66 
178.795532 -3456.713867 9535.761719 85 65 58 
163.288895 -3443.911133 9500.444336 88 69 58 
148.444443 -3443.911133 9500.444336 91 74 65 
-2810.206787 -2672.000000 7371.034668 73 73 72 
-2668.369629 -2526.782715 6970.434570 73 73 72 
-2615.299805 -2466.461426 6804.031738 73 73 72 
-2605.199951 -2446.989502 6750.315918 73 73 72 
-2608.881836 -2440.566895 6732.598633 73 73 71 
-2605.723145 -2427.822510 6697.441406 73 73 71 
-2602.597412 -2415.210449 6662.649414 73 73 71 
-2613.007812 -2415.210449 6662.649414 73 73 71 
-2623.418213 -2415.210449 6662.649414 73 73 71 
-2627.005127 -2408.953369 6645.388672 73 73 71 
-2637.388672 -2408.953369 6645.388672 73 73 71 
-2647.771973 -2408.953369 6645.388672 73 73 71 
-2665.059814 -2415.210449 6662.649414 73 73 73 
-2682.437500 -2421.500000 6680.000000 74 74 74 
-2692.875000 -2421.500000 6680.000000 76 76 76 
-2717.466064 -2434.177979 6714.973633 75 75 75 
-2735.118164 -2440.566895 6732.598633 77 77 77 
-2752.863281 -2446.989502 6750.315918 77 77 77 
-2778.031738 -2459.936523 6786.031738 77 77 77 
-2826.016113 -2492.911621 6876.997559 76 76 76 
-2852.053955 -2506.350342 6914.070312 76 76 75 
-2862.857178 -2506.350342 6914.070312 77 77 75 
-2881.427002 -2513.124268 6932.756836 78 78 76 
-2907.978271 -2526.782715 6970.434570 77 77 75 
-1002.921814 -855.433289 2359.815918 74 74 76 
-1002.918396 -852.296997 2351.164062 74 74 77 
-1002.915100 -849.183533 2342.575439 74 74 75 
-1002.911743 -846.092834 2334.049072 74 74 74 
-1006.558716 -846.092834 2334.049072 74 73 75 
-1009.287292 -845.323608 2331.927246 73 73 74 
-1012.010925 -844.555847 2329.809326 70 70 70 
-1015.651245 -844.555847 2329.809326 67 66 65 
-1020.218201 -845.323608 2331.927246 66 62 59 
-1022.931885 -844.555847 2329.809326 60 57 54 
-1026.572266 -844.555847 2329.809326 53 55 55 
-1030.212524 -844.555847 2329.809326 58 64 67 
-1032.914673 -843.789490 2327.695068 64 72 75 
-1036.551758 -843.789490 2327.695068 68 73 75 
-1039.245728 -843.024475 2325.584717 71 73 70 
-1041.934814 -842.260864 2323.478271 74 72 68 
-1045.565186 -842.260864 2323.478271 73 72 70 
-1049.195679 -842.260864 2323.478271 72 72 71 
-1053.780640 -843.024475 2325.584717 72 72 71 
739.227661 -889.383301 2464.092285 71 71 71 
735.377502 -889.383301 2464.092285 71 71 71 
733.641602 -891.953735 2471.213867 70 70 70 
734.735229 -898.009705 2487.992188 69 69 69 
732.268250 -899.755127 2492.827881 68 68 68 
730.502930 -902.385986 2500.116943 68 68 68 
727.305359 -903.266357 2502.556152 66 66 66 
723.395142 -903.266357 2502.556152 64 64 65 
719.484863 -903.266357 2502.556152 52 58 59 
715.574646 -903.266357 2502.556152 38 46 47 
711.664368 -903.266357 2502.556152 38 42 42 
707.754150 -903.266357 2502.556152 43 43 43 
703.843933 -903.266357 2502.556152 46 44 45 
699.933655 -903.266357 2502.556152 48 47 47 
696.023438 -903.266357 2502.556152 49 50 47 
692.113159 -903.266357 2502.556152 48 51 46 
688.202942 -903.266357 2502.556152 50 52 50 
684.960938 -904.148438 2505.000000 53 53 53 
681.046875 -904.148438 2505.000000 54 54 54 
678.457947 -905.917786 2509.902100 56 56 56 
615.446472 -877.581055 2431.393311 63 63 63 
610.490051 -875.920532 2426.792725 64 64 64 
606.124756 -875.092651 2424.499023 65 65 65 
602.336487 -875.092651 2424.499023 65 65 65 
598.548218 -875.092651 2424.499023 66 66 66 
595.322632 -875.920532 2426.792725 67 67 67 
592.090881 -876.750000 2429.090820 67 67 67 
588.295471 -876.750000 2429.090820 68 68 68 
584.500000 -876.750000 2429.090820 67 67 67 
580.704529 -876.750000 2429.090820 64 64 64 
576.909119 -876.750000 2429.090820 60 60 60 
573.113647 -876.750000 2429.090820 54 54 54 
569.318176 -876.750000 2429.090820 49 49 49 
565.522705 -876.750000 2429.090820 47 47 47 
561.727295 -876.750000 2429.090820 47 47 47 
557.931824 -876.750000 2429.090820 48 48 48 
555.715088 -879.247864 2436.011475 48 48 48 
250.500000 -3616.593750 10020.000000 54 37 37 
234.843750 -3616.593750 10020.000000 72 44 45 
219.187500 -3616.593750 10020.000000 101 70 68 
194.417908 -3454.656738 9571.343750 113 80 75 
178.795532 -3441.814209 9535.761719 114 82 73 
163.895905 -3441.814209 9535.761719 117 88 78 
148.444443 -3429.066650 9500.444336 115 92 81 
133.600006 -3429.066650 9500.444336 120 103 93 
-2739.361328 -2593.411865 7185.209961 73 73 73 
-2668.369629 -2515.891357 6970.434570 73 73 73 
-2615.299805 -2455.830322 6804.031738 73 73 73 
-2605.199951 -2436.442139 6750.315918 73 73 73 
-2602.052246 -2423.685791 6714.973633 73 73 72 
-2598.937500 -2411.062500 6680.000000 73 73 71 
-2595.854980 -2398.570068 6645.388672 73 73 71 
-2606.238281 -2398.570068 6645.388672 73 73 71 
-2616.621826 -2398.570068 6645.388672 73 73 71 
-2620.217041 -2392.372070 6628.217285 73 73 71 
-2630.573730 -2392.372070 6628.217285 73 73 71 
-2640.930176 -2392.372070 6628.217285 73 73 71 
-2658.155518 -2398.570068 6645.388672 73 73 73 
-2675.470215 -2404.800049 6662.649414 75 75 75 
-2692.875000 -2411.062500 6680.000000 77 77 77 
-2703.312500 -2411.062500 6680.000000 76 76 76 
-2720.835449 -2417.357666 6697.441406 77 77 77 
-2731.300293 -2417.357666 6697.441406 78 78 78 
-2756.157471 -2430.047363 6732.598633 77 77 77 
-2826.016113 -2482.166260 6876.997559 76 76 76 
-2852.053955 -2495.547119 6914.070312 76 76 75 
-2862.857178 -2495.547119 6914.070312 77 77 75 
-1006.609009 -851.746094 2359.815918 74 73 77 
-1002.915100 -845.523315 2342.575439 74 74 75 
-1002.911743 -842.445862 2334.049072 74 74 73 
-1005.643616 -841.679993 2331.927246 74 74 75 
-1008.370544 -840.915527 2329.809326 73 73 73 
-1012.010925 -840.915527 2329.809326 70 70 68 
-1015.651245 -840.915527 2329.809326 66 66 62 
-1019.291565 -840.915527 2329.809326 64 62 58 
-1022.931885 -840.915527 2329.809326 57 57 53 
-1026.572266 -840.915527 2329.809326 54 57 58 
-1029.277710 -840.152466 2327.695068 60 67 70 
-1032.914673 -840.152466 2327.695068 65 73 76 
-1035.611938 -839.390747 2325.584717 68 73 75 
-1039.245728 -839.390747 2325.584717 72 73 71 
-1041.934814 -838.630432 2323.478271 75 73 69 
-1045.565186 -838.630432 2323.478271 74 73 71 
-1049.195679 -838.630432 2323.478271 72 72 72 
739.938477 -886.384644 2466.461426 71 71 71 
736.084595 -886.384644 2466.461426 71 71 71 
733.641602 -888.092468 2471.213867 70 70 70 
734.735229 -894.122192 2487.992188 69 69 69 
732.980530 -896.731506 2495.252930 69 69 69 
730.502930 -898.479553 2500.116943 68 68 68 
727.305359 -899.356079 2502.556152 67 67 67 
723.395142 -899.356079 2502.556152 65 65 66 
719.484863 -899.356079 2502.556152 54 61 62 
715.574646 -899.356079 2502.556152 41 48 50 
711.664368 -899.356079 2502.556152 38 42 42 
707.754150 -899.356079 2502.556152 42 42 42 
703.843933 -899.356079 2502.556152 46 43 44 
700.617188 -900.234375 2505.000000 48 47 47 
696.703125 -900.234375 2505.000000 49 50 47 
692.113159 -899.356079 2502.556152 48 51 46 
688.202942 -899.356079 2502.556152 50 52 50 
684.960938 -900.234375 2505.000000 53 53 53 
681.712585 -901.114380 2507.448730 54 54 54 
609.913025 -871.304321 2424.499023 64 64 64 
606.124756 -871.304321 2424.499023 65 65 65 
601.767700 -870.481567 2422.209717 65 65 65 
597.983032 -870.481567 2422.209717 66 66 66 
594.759949 -871.304321 2424.499023 67 67 67 
591.530762 -872.128662 2426.792725 66 66 66 
587.738892 -872.128662 2426.792725 67 67 67 
583.947021 -872.128662 2426.792725 67 67 67 
580.704529 -872.954529 2429.090820 65 65 65 
576.909119 -872.954529 2429.090820 60 60 60 
573.113647 -872.954529 2429.090820 55 55 55 
569.318176 -872.954529 2429.090820 50 50 50 
565.522705 -872.954529 2429.090820 48 48 48 
561.727295 -872.954529 2429.090820 47 47 47 
557.931824 -872.954529 2429.090820 47 47 47 
555.187866 -874.611023 2433.700195 47 47 47 
250.500000 -3600.937500 10020.000000 103 80 64 
234.843750 -3600.937500 10020.000000 117 88 71 
219.187500 -3600.937500 10020.000000 130 102 86 
195.879700 -3465.563965 9643.308594 135 108 94 
179.462692 -3439.701416 9571.343750 132 109 100 
163.895905 -3426.914551 9535.761719 130 112 103 
150.112366 -3452.584229 9607.191406 127 114 102 
135.101120 -3452.584229 9607.191406 126 118 105 
-2790.670410 -2641.375244 7349.914062 73 73 73 
-2739.361328 -2582.184814 7185.209961 73 73 73 
-2675.640381 -2511.825684 6989.427734 73 73 73 
-2629.248047 -2458.239990 6840.319824 73 73 73 
-2605.199951 -2425.894775 6750.315918 73 73 73 
-2595.258545 -2406.893066 6697.441406 73 73 72 
-2592.187012 -2394.389648 6662.649414 73 73 71 
-2589.147217 -2382.015625 6628.217285 73 73 71 
-2599.503906 -2382.015625 6628.217285 73 73 71 
-2609.860352 -2382.015625 6628.217285 73 73 71 
-2620.217041 -2382.015625 6628.217285 73 73 71 
-2623.793701 -2375.876221 6611.133789 73 73 71 
-2634.123779 -2375.876221 6611.133789 73 73 71 
-2651.286865 -2382.015625 6628.217285 74 74 73 
-2668.538818 -2388.186523 6645.388672 76 76 76 
-2678.922363 -2388.186523 6645.388672 77 77 77 
-2696.291016 -2394.389648 6662.649414 77 77 77 
-2713.750000 -2400.625000 6680.000000 77 77 77 
-2724.187500 -2400.625000 6680.000000 78 78 78 
-2734.625000 -2400.625000 6680.000000 77 77 77 
-2766.677246 -2419.527588 6732.598633 76 76 76 
-1005.670349 -844.175842 2349.010986 74 74 73 
-1002.000000 -838.036377 2331.927246 74 75 71 
-1004.730225 -837.275208 2329.809326 74 74 71 
-1008.370544 -837.275208 2329.809326 73 74 69 
-1011.092590 -836.515442 2327.695068 70 71 64 
-1014.729614 -836.515442 2327.695068 66 67 59 
-1018.366638 -836.515442 2327.695068 64 62 56 
-1022.003601 -836.515442 2327.695068 55 55 51 
-1025.640625 -836.515442 2327.695068 56 59 60 
-1029.277710 -836.515442 2327.695068 63 70 73 
-1031.978271 -835.757019 2325.584717 66 74 77 
-1035.611938 -835.757019 2325.584717 68 74 76 
-1038.304321 -835.000000 2323.478271 72 74 72 
-1041.934814 -835.000000 2323.478271 76 74 70 
-1044.619019 -834.244324 2321.375488 74 74 72 
-1049.195679 -835.000000 2323.478271 73 73 73 
739.938477 -882.530762 2466.461426 71 71 71 
736.084595 -882.530762 2466.461426 71 71 71 
733.641602 -884.231201 2471.213867 70 70 70 
734.735229 -890.234741 2487.992188 69 69 69 
732.980530 -892.832703 2495.252930 69 70 69 
731.215637 -895.445862 2502.556152 69 69 69 
727.305359 -895.445862 2502.556152 67 67 67 
723.395142 -895.445862 2502.556152 65 66 66 
719.484863 -895.445862 2502.556152 56 63 64 
716.273438 -896.320312 2505.000000 42 50 51 
711.664368 -895.445862 2502.556152 38 42 43 
707.754150 -895.445862 2502.556152 41 41 41 
704.531250 -896.320312 2505.000000 45 43 44 
700.617188 -896.320312 2505.000000 48 47 47 
696.703125 -896.320312 2505.000000 49 50 47 
692.113159 -895.445862 2502.556152 48 51 46 
688.202942 -895.445862 2502.556152 50 52 50 
684.960938 -896.320312 2505.000000 53 53 53 
681.712585 -897.196472 2507.448730 54 54 54 
609.913025 -867.516052 2424.499023 64 64 64 
605.552429 -866.696899 2422.209717 65 65 65 
601.767700 -866.696899 2422.209717 65 65 65 
597.983032 -866.696899 2422.209717 66 66 66 
594.198303 -866.696899 2422.209717 67 67 67 
590.971619 -867.516052 2424.499023 65 65 65 
587.183350 -867.516052 2424.499023 66 66 66 
583.395081 -867.516052 2424.499023 67 67 67 
580.155151 -868.336792 2426.792725 66 66 66 
576.363281 -868.336792 2426.792725 61 61 61 
572.571411 -868.336792 2426.792725 56 56 56 
568.779541 -868.336792 2426.792725 51 51 51 
564.987732 -868.336792 2426.792725 48 48 48 
561.195862 -868.336792 2426.792725 47 47 47 
557.403992 -868.336792 2426.792725 46 46 46 
554.661621 -869.982910 2431.393311 46 46 46 
250.500000 -3585.281250 10020.000000 126 117 103 
234.843750 -3585.281250 10020.000000 129 119 105 
219.187500 -3585.281250 10020.000000 127 121 111 
203.531250 -3585.281250 10020.000000 125 123 117 
180.812027 -3450.496338 9643.308594 121 124 123 
165.744354 -3450.496338 9643.308594 120 124 123 
151.245285 -3463.517090 9679.698242 121 125 121 
-2782.697266 -2622.377197 7328.914062 73 73 73 
-2739.361328 -2570.958008 7185.209961 73 73 73 
-2675.640381 -2500.904541 6989.427734 73 73 73 
-2629.248047 -2447.552002 6840.319824 73 73 73 
-2598.362305 -2409.007812 6732.598633 73 73 73 
-2588.500000 -2390.187500 6680.000000 73 73 72 
-2578.790771 -2371.658936 6628.217285 73 73 71 
-2582.474121 -2365.546387 6611.133789 73 73 71 
-2586.138916 -2359.465332 6594.138672 73 73 71 
-2603.134033 -2365.546387 6611.133789 73 73 71 
-2613.463867 -2365.546387 6611.133789 73 73 71 
-2617.048828 -2359.465332 6594.138672 73 73 71 
-2627.352295 -2359.465332 6594.138672 73 73 71 
-2651.286865 -2371.658936 6628.217285 75 75 74 
-2668.538818 -2377.803223 6645.388672 77 77 77 
-2678.922363 -2377.803223 6645.388672 78 78 78 
-2689.305664 -2377.803223 6645.388672 77 77 77 
-2713.750000 -2390.187500 6680.000000 78 78 78 
-2724.187500 -2390.187500 6680.000000 78 78 78 
-2734.625000 -2390.187500 6680.000000 77 77 77 
-2745.062500 -2390.187500 6680.000000 76 76 76 
-1001.089905 -833.634888 2329.809326 74 75 70 
-1003.818542 -832.878418 2327.695068 74 75 69 
-1007.455566 -832.878418 2327.695068 73 74 66 
-1011.092590 -832.878418 2327.695068 70 71 61 
-1014.729614 -832.878418 2327.695068 66 67 56 
-1018.366638 -832.878418 2327.695068 63 61 55 
-1022.003601 -832.878418 2327.695068 54 53 50 
-1025.640625 -832.878418 2327.695068 57 61 61 
-1028.344482 -832.123291 2325.584717 66 72 75 
-1031.978271 -832.123291 2325.584717 67 75 78 
-1034.673950 -831.369568 2323.478271 69 74 77 
-1038.304321 -831.369568 2323.478271 73 75 73 
-1040.991821 -830.617188 2321.375488 76 75 70 
-1043.674561 -829.866211 2319.276611 75 74 73 
-1048.246216 -830.617188 2321.375488 74 74 74 
739.938477 -878.676941 2466.461426 70 72 71 
736.084595 -878.676941 2466.461426 70 71 71 
733.641602 -880.369934 2471.213867 69 70 70 
734.735229 -886.347229 2487.992188 68 70 69 
732.980530 -888.933838 2495.252930 68 69 69 
731.215637 -891.535583 2502.556152 67 69 68 
727.305359 -891.535583 2502.556152 66 68 67 
723.395142 -891.535583 2502.556152 65 67 66 
720.187500 -892.406250 2505.000000 57 62 64 
716.273438 -892.406250 2505.000000 44 50 53 
712.359375 -892.406250 2505.000000 37 42 45 
708.445312 -892.406250 2505.000000 38 41 44 
704.531250 -892.406250 2505.000000 42 44 46 
700.617188 -892.406250 2505.000000 46 46 47 
696.703125 -892.406250 2505.000000 49 49 48 
692.113159 -891.535583 2502.556152 50 50 47 
688.202942 -891.535583 2502.556152 52 52 50 
684.960938 -892.406250 2505.000000 54 54 54 
681.712585 -893.278564 2507.448730 55 55 55 
609.337097 -862.912170 2422.209717 63 63 63 
605.552429 -862.912170 2422.209717 64 64 64 
601.200012 -862.098145 2419.924561 65 65 65 
597.418884 -862.098145 2419.924561 66 66 66 
593.637756 -862.098145 2419.924561 67 67 67 
590.413574 -862.912170 2422.209717 66 66 66 
587.183350 -863.727783 2424.499023 66 66 66 
583.395081 -863.727783 2424.499023 66 66 66 
579.606812 -863.727783 2424.499023 66 66 66 
575.818542 -863.727783 2424.499023 61 61 61 
572.030273 -863.727783 2424.499023 56 56 56 
568.241943 -863.727783 2424.499023 52 52 52 
564.453674 -863.727783 2424.499023 49 49 49 
560.665405 -863.727783 2424.499023 47 47 47 
557.403992 -864.544922 2426.792725 46 46 46 
554.136353 -865.363647 2429.090820 45 45 45 
550.862549 -866.183899 2431.393311 45 45 45 
250.500000 -3569.625000 10020.000000 117 123 119 
234.843750 -3569.625000 10020.000000 118 123 119 
219.187500 -3569.625000 10020.000000 118 123 121 
203.531250 -3569.625000 10020.000000 118 124 124 
187.875000 -3569.625000 10020.000000 118 125 128 
172.218750 -3569.625000 10020.000000 114 125 127 
156.562500 -3569.625000 10020.000000 112 126 125 
-2861.168213 -2695.645996 7566.725586 73 73 73 
-2782.697266 -2610.925781 7328.914062 73 73 73 
-2747.056152 -2566.921387 7205.393066 73 73 73 
-2675.640381 -2489.983643 6989.427734 73 73 73 
-2629.248047 -2436.864014 6840.319824 73 73 73 
-2591.560303 -2392.209473 6714.973633 73 73 73 
-2588.500000 -2379.750000 6680.000000 73 73 72 
-2572.144287 -2355.216553 6611.133789 73 73 71 
-2575.835449 -2349.161865 6594.138672 73 73 71 
-2586.138916 -2349.161865 6594.138672 73 73 71 
-2596.442139 -2349.161865 6594.138672 73 73 71 
-2606.745605 -2349.161865 6594.138672 73 73 71 
-2610.338379 -2343.138428 6577.230957 74 74 72 
-2620.615479 -2343.138428 6577.230957 74 74 73 
-2689.305664 -2367.419678 6645.388672 78 78 78 
-2699.689209 -2367.419678 6645.388672 77 77 77 
-2710.072510 -2367.419678 6645.388672 77 77 77 
-2727.521973 -2373.568848 6662.649414 76 76 76 
-2737.932373 -2373.568848 6662.649414 76 76 76 
-1000.181519 -829.241394 2327.695068 75 76 72 
-1003.818542 -829.241394 2327.695068 75 76 70 
-1006.542175 -828.489563 2325.584717 73 74 68 
-1010.175903 -828.489563 2325.584717 70 70 63 
-1013.809631 -828.489563 2325.584717 67 65 59 
-1017.443359 -828.489563 2325.584717 60 60 58 
-1021.077087 -828.489563 2325.584717 53 54 55 
-1024.710815 -828.489563 2325.584717 59 61 64 
-1028.344482 -828.489563 2325.584717 68 71 74 
-1031.043457 -827.739136 2323.478271 70 73 77 
-1034.673950 -827.739136 2323.478271 71 74 75 
-1037.364746 -826.990051 2321.375488 72 74 73 
-1040.050659 -826.242310 2319.276611 74 74 71 
-1043.674561 -826.242310 2319.276611 73 74 72 
-1047.298340 -826.242310 2319.276611 73 73 73 
739.938477 -874.823059 2466.461426 70 72 71 
736.084595 -874.823059 2466.461426 70 72 71 
733.641602 -876.508667 2471.213867 69 71 70 
734.023254 -881.604675 2485.581299 68 70 69 
732.268250 -884.174927 2492.827881 67 69 68 
731.215637 -887.625366 2502.556152 67 69 68 
727.305359 -887.625366 2502.556152 66 68 67 
723.395142 -887.625366 2502.556152 65 67 66 
720.187500 -888.492188 2505.000000 58 62 64 
716.273438 -888.492188 2505.000000 46 51 55 
712.359375 -888.492188 2505.000000 38 43 47 
708.445312 -888.492188 2505.000000 37 42 46 
704.531250 -888.492188 2505.000000 40 44 47 
700.617188 -888.492188 2505.000000 45 46 48 
696.703125 -888.492188 2505.000000 49 49 48 
692.113159 -887.625366 2502.556152 51 49 47 
688.202942 -887.625366 2502.556152 52 51 50 
684.960938 -888.492188 2505.000000 53 53 53 
681.712585 -889.360718 2507.448730 55 55 55 
609.337097 -859.127502 2422.209717 63 63 63 
604.981140 -858.316956 2419.924561 64 64 64 
601.200012 -858.316956 2419.924561 65 65 65 
597.418884 -858.316956 2419.924561 66 66 66 
593.637756 -858.316956 2419.924561 66 66 66 
589.856628 -858.316956 2419.924561 66 66 66 
586.628906 -859.127502 2422.209717 65 65 65 
582.844177 -859.127502 2422.209717 66 66 66 
579.059509 -859.127502 2422.209717 67 67 67 
575.274780 -859.127502 2422.209717 62 62 62 
571.490112 -859.127502 2422.209717 57 57 57 
567.705383 -859.127502 2422.209717 53 53 53 
563.920654 -859.127502 2422.209717 49 49 49 
560.135986 -859.127502 2422.209717 47 47 47 
556.877136 -859.939514 2424.499023 46 46 46 
553.612122 -860.753052 2426.792725 45 45 45 
550.340881 -861.568176 2429.090820 44 44 44 
250.500000 -3553.968750 10020.000000 92 119 120 
234.843750 -3553.968750 10020.000000 91 122 125 
219.187500 -3553.968750 10020.000000 93 122 126 
203.531250 -3553.968750 10020.000000 94 122 127 
187.875000 -3553.968750 10020.000000 92 121 127 
172.218750 -3553.968750 10020.000000 88 119 125 
156.562500 -3553.968750 10020.000000 84 119 124 
-2861.168213 -2683.822998 7566.725586 73 73 73 
-2778.272705 -2584.704590 7287.272949 73 73 73 
-2675.640381 -2479.062744 6989.427734 73 73 73 
-2629.248047 -2426.176025 6840.319824 73 73 73 
-2591.560303 -2381.717285 6714.973633 73 73 73 
-2581.776611 -2363.158447 6662.649414 73 73 72 
-2565.532227 -2338.858643 6594.138672 73 73 71 
-2569.230713 -2332.861572 6577.230957 73 73 71 
-2579.507812 -2332.861572 6577.230957 73 73 71 
-2589.784668 -2332.861572 6577.230957 73 73 71 
-2600.061523 -2332.861572 6577.230957 73 73 71 
-2610.338379 -2332.861572 6577.230957 74 74 72 
-2620.615479 -2332.861572 6577.230957 75 75 73 
-2689.305664 -2357.036377 6645.388672 78 78 78 
-2699.689209 -2357.036377 6645.388672 77 77 77 
-2710.072510 -2357.036377 6645.388672 76 76 76 
-2720.456055 -2357.036377 6645.388672 76 76 76 
-2737.932373 -2363.158447 6662.649414 76 76 76 
-1000.181519 -825.604370 2327.695068 76 76 73 
-1002.908447 -824.855835 2325.584717 75 76 72 
-1006.542175 -824.855835 2325.584717 73 73 69 
-1010.175903 -824.855835 2325.584717 70 68 64 
-1012.891296 -824.108704 2323.478271 67 63 61 
-1017.443359 -824.855835 2325.584717 59 58 60 
-1021.077087 -824.855835 2325.584717 53 54 58 
-1024.710815 -824.855835 2325.584717 60 61 65 
-1027.413086 -824.108704 2323.478271 69 70 74 
-1031.043457 -824.108704 2323.478271 72 73 76 
-1033.737549 -823.362915 2321.375488 72 73 75 
-1037.364746 -823.362915 2321.375488 72 74 73 
-1039.111084 -821.875366 2317.181641 72 74 71 
-1042.731689 -821.875366 2317.181641 73 73 72 
-1047.298340 -822.618469 2319.276611 73 73 73 
739.938477 -870.969238 2466.461426 70 72 71 
736.084595 -870.969238 2466.461426 70 72 71 
732.935486 -871.807495 2468.835449 69 71 70 
732.603455 -876.023193 2480.773682 68 70 69 
732.268250 -880.279907 2492.827881 67 69 68 
730.502930 -882.853821 2500.116943 67 69 68 
727.305359 -883.715149 2502.556152 66 68 67 
723.395142 -883.715149 2502.556152 65 67 66 
720.187500 -884.578125 2505.000000 59 63 66 
716.273438 -884.578125 2505.000000 49 54 58 
712.359375 -884.578125 2505.000000 40 45 49 
708.445312 -884.578125 2505.000000 37 42 46 
704.531250 -884.578125 2505.000000 40 44 47 
700.617188 -884.578125 2505.000000 45 46 48 
696.703125 -884.578125 2505.000000 49 49 48 
692.789062 -884.578125 2505.000000 51 49 47 
688.875000 -884.578125 2505.000000 52 51 50 
684.960938 -884.578125 2505.000000 53 53 53 
681.712585 -885.442810 2507.448730 54 54 54 
604.981140 -854.535828 2419.924561 64 64 64 
601.200012 -854.535828 2419.924561 64 64 64 
597.418884 -854.535828 2419.924561 65 65 65 
593.637756 -854.535828 2419.924561 66 66 66 
589.856628 -854.535828 2419.924561 65 65 65 
586.075500 -854.535828 2419.924561 65 65 65 
582.294312 -854.535828 2419.924561 66 66 66 
578.513184 -854.535828 2419.924561 67 67 67 
574.732056 -854.535828 2419.924561 64 64 64 
570.950928 -854.535828 2419.924561 59 59 59 
567.169800 -854.535828 2419.924561 54 54 54 
563.920654 -855.342773 2422.209717 49 49 49 
560.135986 -855.342773 2422.209717 47 47 47 
556.877136 -856.151245 2424.499023 46 46 46 
554.136353 -857.772705 2429.090820 45 45 45 
250.500000 -3538.312500 10020.000000 58 91 105 
234.843750 -3538.312500 10020.000000 57 94 116 
219.187500 -3538.312500 10020.000000 58 96 118 
203.531250 -3538.312500 10020.000000 59 97 119 
187.875000 -3538.312500 10020.000000 56 94 117 
172.218750 -3538.312500 10020.000000 53 90 114 
156.562500 -3538.312500 10020.000000 53 88 112 
-2664.778320 -2448.129639 6932.756836 73 73 73 
-2578.062500 -2358.875000 6680.000000 73 73 73 
-2575.088135 -2346.652832 6645.388672 73 73 72 
-2565.532227 -2328.555176 6594.138672 73 73 71 
-2562.659912 -2316.644531 6560.409180 73 73 71 
-2572.910400 -2316.644531 6560.409180 73 73 71 
-2583.161133 -2316.644531 6560.409180 73 73 71 
-2593.411865 -2316.644531 6560.409180 73 73 71 
-2610.338379 -2322.584717 6577.230957 74 74 72 
-2620.615479 -2322.584717 6577.230957 75 75 73 
-2630.892334 -2322.584717 6577.230957 76 76 75 
-2689.305664 -2346.652832 6645.388672 78 78 78 
-2699.689209 -2346.652832 6645.388672 77 77 77 
-2703.069824 -2340.589111 6628.217285 77 77 77 
-2713.426270 -2340.589111 6628.217285 77 77 77 
-2730.839355 -2346.652832 6645.388672 77 77 77 
-999.274719 -821.222107 2325.584717 76 76 73 
-1002.000000 -820.478271 2323.478271 75 76 71 
-1005.630432 -820.478271 2323.478271 72 73 68 
-1009.260864 -820.478271 2323.478271 69 67 64 
-1012.891296 -820.478271 2323.478271 66 63 60 
-1016.521729 -820.478271 2323.478271 58 57 59 
-1020.152161 -820.478271 2323.478271 54 55 59 
-1023.782593 -820.478271 2323.478271 62 63 67 
-1027.413086 -820.478271 2323.478271 71 72 76 
-1030.110352 -819.735718 2321.375488 72 73 76 
-1033.737549 -819.735718 2321.375488 72 73 75 
-1035.490479 -818.254761 2317.181641 72 74 73 
-1039.111084 -818.254761 2317.181641 72 74 71 
-1042.731689 -818.254761 2317.181641 73 73 72 
739.938477 -867.115356 2466.461426 71 73 72 
736.084595 -867.115356 2466.461426 70 72 71 
732.935486 -867.949951 2468.835449 69 71 70 
731.895630 -871.304321 2478.376709 68 70 69 
731.557312 -875.533997 2490.407715 67 69 69 
730.502930 -878.947388 2500.116943 67 69 68 
727.305359 -879.804871 2502.556152 66 68 67 
724.101562 -880.664062 2505.000000 65 67 66 
720.187500 -880.664062 2505.000000 60 65 67 
716.273438 -880.664062 2505.000000 51 56 60 
712.359375 -880.664062 2505.000000 42 47 50 
708.445312 -880.664062 2505.000000 37 42 46 
704.531250 -880.664062 2505.000000 40 43 46 
700.617188 -880.664062 2505.000000 45 46 48 
696.703125 -880.664062 2505.000000 49 48 48 
692.789062 -880.664062 2505.000000 50 49 47 
688.875000 -880.664062 2505.000000 51 50 49 
684.960938 -880.664062 2505.000000 52 52 52 
681.712585 -881.524902 2507.448730 54 54 54 
604.981140 -850.754700 2419.924561 63 63 63 
601.200012 -850.754700 2419.924561 64 64 64 
597.418884 -850.754700 2419.924561 64 64 64 
593.637756 -850.754700 2419.924561 65 65 65 
589.300659 -849.952881 2417.643799 65 65 65 
585.523071 -849.952881 2417.643799 65 65 65 
581.745544 -849.952881 2417.643799 66 66 66 
577.967957 -849.952881 2417.643799 67 67 67 
574.732056 -850.754700 2419.924561 65 65 65 
570.950928 -850.754700 2419.924561 61 61 61 
567.169800 -850.754700 2419.924561 55 55 55 
563.388672 -850.754700 2419.924561 50 50 50 
250.500000 -3522.656250 10020.000000 52 59 72 
234.843750 -3522.656250 10020.000000 55 62 78 
219.187500 -3522.656250 10020.000000 56 65 81 
203.531250 -3522.656250 10020.000000 56 68 83 
187.875000 -3522.656250 10020.000000 54 64 81 
172.218750 -3522.656250 10020.000000 53 59 78 
156.562500 -3522.656250 10020.000000 56 56 77 
-2664.778320 -2437.297363 6932.756836 73 73 73 
-2578.062500 -2348.437500 6680.000000 73 73 73 
-2568.434082 -2330.232666 6628.217285 73 73 72 
-2558.953857 -2312.307617 6577.230957 73 73 71 
-2556.122559 -2300.510254 6543.673340 73 73 71 
-2559.816895 -2294.656494 6527.022949 73 73 71 
-2576.571533 -2300.510254 6543.673340 73 73 71 
-2586.795898 -2300.510254 6543.673340 73 73 71 
-2603.662354 -2306.393799 6560.409180 74 74 72 
-2607.244873 -2300.510254 6543.673340 75 75 73 
-2630.892334 -2312.307617 6577.230957 76 76 75 
-2614.355225 -2288.832520 6510.457031 76 76 76 
-2682.356689 -2330.232666 6628.217285 78 78 78 
-2703.069824 -2330.232666 6628.217285 78 78 78 
-2713.426270 -2330.232666 6628.217285 78 78 78 
-998.369568 -816.847839 2323.478271 76 76 73 
-1002.000000 -816.847839 2323.478271 74 75 70 
-1005.630432 -816.847839 2323.478271 72 72 67 
-1009.260864 -816.847839 2323.478271 69 67 63 
-1012.891296 -816.847839 2323.478271 66 62 59 
-1016.521729 -816.847839 2323.478271 57 56 58 
-1020.152161 -816.847839 2323.478271 54 55 59 
-1023.782593 -816.847839 2323.478271 64 65 69 
-1026.483276 -816.108582 2321.375488 72 73 77 
-1029.179077 -815.370728 2319.276611 72 73 76 
-1031.869873 -814.634155 2317.181641 72 73 74 
-1034.555908 -813.898926 2315.090332 72 74 72 
-1038.173340 -813.898926 2315.090332 72 74 71 
739.227661 -862.432251 2464.092285 71 73 73 
735.377502 -862.432251 2464.092285 71 72 73 
732.230774 -863.261536 2466.461426 70 71 73 
731.189209 -866.594604 2475.984619 69 71 72 
730.847717 -870.797302 2487.992188 69 70 71 
729.791626 -874.188904 2497.682617 68 70 71 
727.305359 -875.894653 2502.556152 67 68 69 
724.101562 -876.750000 2505.000000 66 67 68 
720.187500 -876.750000 2505.000000 63 67 68 
716.273438 -876.750000 2505.000000 54 60 61 
712.359375 -876.750000 2505.000000 43 48 50 
708.445312 -876.750000 2505.000000 38 43 45 
704.531250 -876.750000 2505.000000 41 44 46 
700.617188 -876.750000 2505.000000 45 46 48 
696.703125 -876.750000 2505.000000 48 47 49 
692.789062 -876.750000 2505.000000 50 48 49 
688.875000 -876.750000 2505.000000 51 50 50 
684.960938 -876.750000 2505.000000 51 51 51 
681.712585 -877.607056 2507.448730 53 53 53 
679.122437 -879.326172 2512.360352 54 54 54 
601.200012 -846.973572 2419.924561 63 63 63 
596.855774 -846.175293 2417.643799 64 64 64 
592.519775 -845.378540 2415.367188 64 64 64 
588.191895 -844.583252 2413.094971 65 65 65 
583.323975 -842.997192 2408.563477 66 66 66 
579.560547 -842.997192 2408.563477 67 67 67 
575.257019 -842.206360 2406.303955 67 67 67 
574.190369 -846.175293 2417.643799 65 66 66 
567.737366 -842.206360 2406.303955 60 62 61 
566.635254 -846.175293 2417.643799 56 57 57 
562.857666 -846.175293 2417.643799 49 51 50 
250.500000 -3507.000000 10020.000000 91 55 53 
234.843750 -3507.000000 10020.000000 95 58 56 
219.187500 -3507.000000 10020.000000 97 64 60 
203.531250 -3507.000000 10020.000000 98 67 62 
187.875000 -3507.000000 10020.000000 95 66 60 
172.218750 -3507.000000 10020.000000 94 66 59 
156.562500 -3507.000000 10020.000000 95 67 60 
-2587.842529 -2356.409424 6732.598633 74 74 72 
-2571.366211 -2331.927246 6662.649414 74 74 72 
-2561.814453 -2313.896973 6611.133789 73 73 72 
-2552.409180 -2296.143311 6560.409180 73 73 72 
-2543.147217 -2278.659912 6510.457031 73 73 72 
-2546.855713 -2272.891113 6493.974609 73 73 72 
-2557.002441 -2272.891113 6493.974609 74 74 73 
-2567.149414 -2272.891113 6493.974609 74 74 73 
-2583.837646 -2278.659912 6510.457031 74 74 74 
-2587.443115 -2272.891113 6493.974609 76 76 75 
-2604.182861 -2278.659912 6510.457031 77 77 76 
-2607.736816 -2272.891113 6493.974609 77 77 75 
-994.739136 -813.217407 2323.478271 74 75 74 
-998.369568 -813.217407 2323.478271 74 74 71 
-1002.000000 -813.217407 2323.478271 72 73 69 
-1005.630432 -813.217407 2323.478271 69 70 65 
-1008.347534 -812.481445 2321.375488 68 66 63 
-1011.974670 -812.481445 2321.375488 64 61 58 
-1015.601807 -812.481445 2321.375488 54 54 56 
-1019.228943 -812.481445 2321.375488 56 59 62 
-1022.856140 -812.481445 2321.375488 66 69 71 
-1025.555176 -811.746826 2319.276611 71 74 75 
-1028.249268 -811.013550 2317.181641 72 74 75 
-1030.938599 -810.281616 2315.090332 73 74 74 
-1033.623047 -809.550964 2313.002686 74 74 72 
-1037.237183 -809.550964 2313.002686 74 74 70 
738.518250 -857.758179 2461.727539 72 72 74 
734.671814 -857.758179 2461.727539 72 73 75 
732.230774 -859.407715 2466.461426 71 72 74 
729.780334 -861.063599 2471.213867 70 71 73 
730.139526 -866.069763 2485.581299 70 71 73 
729.081726 -869.439697 2495.252930 69 70 72 
726.596497 -871.134521 2500.116943 68 69 71 
723.395142 -871.984375 2502.556152 66 68 69 
720.187500 -872.835938 2505.000000 64 68 69 
716.273438 -872.835938 2505.000000 57 63 63 
712.359375 -872.835938 2505.000000 45 51 51 
708.445312 -872.835938 2505.000000 38 44 44 
704.531250 -872.835938 2505.000000 41 45 46 
700.617188 -872.835938 2505.000000 45 46 48 
696.703125 -872.835938 2505.000000 48 47 49 
692.789062 -872.835938 2505.000000 50 48 51 
688.875000 -872.835938 2505.000000 51 49 50 
684.960938 -872.835938 2505.000000 51 51 51 
681.712585 -873.689148 2507.448730 52 52 52 
679.122437 -875.400574 2512.360352 54 54 54 
596.855774 -842.397766 2417.643799 63 63 63 
591.962341 -840.812805 2413.094971 64 64 64 
586.536560 -838.446533 2406.303955 65 65 65 
580.056030 -834.532227 2395.070068 66 66 66 
576.313721 -834.532227 2395.070068 67 67 67 
573.106567 -835.312134 2397.308350 67 67 67 
569.360779 -835.312134 2397.308350 65 66 66 
565.614929 -835.312134 2397.308350 60 62 61 
561.869141 -835.312134 2397.308350 56 58 57 
558.645447 -836.093567 2399.551025 50 52 51 
250.500000 -3491.343750 10020.000000 123 87 76 
234.843750 -3491.343750 10020.000000 127 90 83 
219.187500 -3491.343750 10020.000000 130 95 87 
203.531250 -3491.343750 10020.000000 130 98 89 
187.875000 -3491.343750 10020.000000 130 104 92 
172.218750 -3491.343750 10020.000000 129 107 94 
156.562500 -3491.343750 10020.000000 128 108 93 
-2567.625000 -2327.562500 6680.000000 74 74 72 
-2564.704590 -2315.502686 6645.388672 74 74 72 
-2555.228760 -2297.645264 6594.138672 74 74 73 
-2532.974609 -2268.487305 6510.457031 73 73 73 
-2536.708984 -2262.744385 6493.974609 73 73 73 
-2534.025146 -2251.344971 6461.259277 73 73 73 
-2544.120850 -2251.344971 6461.259277 75 75 75 
-2547.799072 -2245.688477 6445.024902 75 75 75 
-2564.312256 -2251.344971 6461.259277 75 75 75 
-2574.407959 -2251.344971 6461.259277 77 77 77 
-2597.589844 -2262.744385 6493.974609 78 78 76 
-2601.151611 -2257.030273 6477.575684 77 77 75 
-994.739136 -809.586975 2323.478271 73 74 73 
-998.369568 -809.586975 2323.478271 73 73 71 
-1001.093201 -808.854309 2321.375488 72 73 68 
-1004.720337 -808.854309 2321.375488 68 69 64 
-1008.347534 -808.854309 2321.375488 68 66 62 
-1011.974670 -808.854309 2321.375488 63 59 57 
-1015.601807 -808.854309 2321.375488 53 54 56 
-1019.228943 -808.854309 2321.375488 58 62 64 
-1022.856140 -808.854309 2321.375488 68 72 72 
-1024.628784 -807.392944 2317.181641 71 75 74 
-1027.321289 -806.664246 2315.090332 71 75 74 
-1030.009033 -805.936890 2313.002686 73 75 73 
-1031.762329 -804.486023 2308.838867 74 74 72 
-1036.302734 -805.210815 2310.918945 75 74 70 
737.810181 -853.093018 2459.367188 72 72 74 
733.967407 -853.093018 2459.367188 72 73 75 
731.527405 -854.731995 2464.092285 71 72 74 
729.077942 -856.377258 2468.835449 70 71 73 
728.727295 -860.518372 2480.773682 70 71 73 
728.373169 -864.699707 2492.827881 69 70 72 
725.888977 -866.383667 2497.682617 68 69 71 
723.395142 -868.074158 2502.556152 66 68 69 
719.484863 -868.074158 2502.556152 64 68 69 
716.273438 -868.921875 2505.000000 59 65 65 
712.359375 -868.921875 2505.000000 48 54 54 
708.445312 -868.921875 2505.000000 39 45 45 
704.531250 -868.921875 2505.000000 41 45 46 
700.617188 -868.921875 2505.000000 45 46 48 
696.703125 -868.921875 2505.000000 48 47 49 
692.789062 -868.921875 2505.000000 50 48 51 
688.875000 -868.921875 2505.000000 51 49 50 
684.960938 -868.921875 2505.000000 51 51 51 
681.046875 -868.921875 2505.000000 52 52 52 
678.457947 -870.622314 2509.902100 54 54 54 
600.067810 -837.830505 2415.367188 62 62 62 
595.732849 -837.042358 2413.094971 63 63 63 
589.743225 -833.904419 2404.048828 64 64 64 
583.798340 -830.789917 2395.070068 65 65 65 
579.514954 -830.014954 2392.835938 65 65 65 
574.703918 -828.469299 2388.379883 66 66 66 
570.972046 -828.469299 2388.379883 67 67 67 
567.240234 -828.469299 2388.379883 65 67 66 
563.508362 -828.469299 2388.379883 61 63 62 
561.869141 -831.566345 2397.308350 57 59 58 
558.645447 -832.344238 2399.551025 50 52 51 
250.500000 -3475.687500 10020.000000 123 109 102 
234.843750 -3475.687500 10020.000000 126 111 105 
219.187500 -3475.687500 10020.000000 127 115 108 
203.531250 -3475.687500 10020.000000 127 116 109 
187.875000 -3475.687500 10020.000000 126 120 112 
172.218750 -3475.687500 10020.000000 127 123 114 
-2560.955811 -2311.106445 6662.649414 74 74 72 
-2551.484619 -2293.237061 6611.133789 74 74 72 
-2548.677002 -2281.476807 6577.230957 74 74 74 
-2526.562012 -2252.597412 6493.974609 74 74 74 
-2523.929443 -2241.249268 6461.259277 74 74 74 
-2527.658203 -2235.618164 6445.024902 74 74 74 
-2531.368408 -2230.015137 6428.872070 75 75 75 
-2541.413574 -2230.015137 6428.872070 75 75 75 
-2557.869385 -2235.618164 6445.024902 75 75 75 
-2561.503662 -2230.015137 6428.872070 77 77 77 
-2584.503662 -2241.249268 6461.259277 78 78 77 
-2601.151611 -2246.909180 6477.575684 77 77 75 
-993.838928 -805.227173 2321.375488 73 74 73 
-997.466064 -805.227173 2321.375488 73 73 71 
-1001.093201 -805.227173 2321.375488 72 73 68 
-1004.720337 -805.227173 2321.375488 68 69 64 
-1007.435791 -804.499084 2319.276611 67 65 61 
-1011.059692 -804.499084 2319.276611 61 58 55 
-1014.683533 -804.499084 2319.276611 54 55 57 
-1018.307434 -804.499084 2319.276611 60 64 67 
-1021.931274 -804.499084 2319.276611 69 73 73 
-1023.703979 -803.046936 2315.090332 71 75 74 
-1026.394897 -802.322815 2313.002686 71 75 74 
-1029.081055 -801.599976 2310.918945 73 75 73 
-1028.983887 -798.721741 2302.621094 74 74 72 
-1033.509399 -799.439331 2304.689941 75 74 70 
737.810181 -849.250244 2459.367188 72 72 74 
733.967407 -849.250244 2459.367188 72 73 75 
731.527405 -850.881836 2464.092285 71 72 74 
728.376953 -851.700012 2466.461426 70 71 73 
728.023193 -855.814514 2478.376709 70 71 73 
727.666016 -859.968933 2490.407715 69 70 72 
725.182861 -861.642029 2495.252930 68 69 71 
722.690063 -863.321655 2500.116943 66 68 69 
719.484863 -864.163879 2502.556152 64 68 69 
715.574646 -864.163879 2502.556152 61 67 67 
711.664368 -864.163879 2502.556152 51 57 57 
708.445312 -865.007812 2505.000000 40 46 46 
704.531250 -865.007812 2505.000000 41 44 45 
700.617188 -865.007812 2505.000000 45 46 48 
696.703125 -865.007812 2505.000000 48 47 49 
692.789062 -865.007812 2505.000000 50 48 51 
688.875000 -865.007812 2505.000000 51 49 50 
684.960938 -865.007812 2505.000000 51 51 51 
681.046875 -865.007812 2505.000000 52 52 52 
678.457947 -866.700562 2509.902100 54 54 54 
601.575989 -830.926819 2406.303955 62 62 62 
596.696655 -829.370789 2401.797852 62 62 62 
592.943848 -829.370789 2401.797852 63 63 63 
589.191040 -829.370789 2401.797852 64 64 64 
583.253723 -826.276123 2392.835938 64 64 64 
577.897705 -823.970215 2386.158203 65 65 65 
574.169312 -823.970215 2386.158203 65 65 65 
570.440918 -823.970215 2386.158203 66 66 66 
567.240234 -824.737427 2388.379883 66 67 66 
563.508362 -824.737427 2388.379883 62 63 63 
234.843750 -3460.031250 10020.000000 122 119 117 
219.187500 -3460.031250 10020.000000 124 122 119 
203.531250 -3460.031250 10020.000000 123 123 120 
187.875000 -3460.031250 10020.000000 125 125 123 
-2557.187500 -2306.687500 6680.000000 74 74 72 
-2554.321289 -2294.735840 6645.388672 74 74 72 
-2538.399902 -2271.199951 6577.230957 74 74 72 
-2542.158691 -2265.391357 6560.409180 75 75 74 
-2526.562012 -2242.450684 6493.974609 75 75 75 
-2517.587891 -2225.547852 6445.024902 75 75 75 
-2521.323242 -2219.969971 6428.872070 75 75 75 
-2525.040039 -2214.419922 6412.799805 76 76 76 
-2535.060059 -2214.419922 6412.799805 76 76 76 
-2545.080078 -2214.419922 6412.799805 76 76 76 
-2555.100098 -2214.419922 6412.799805 78 78 78 
-2571.548828 -2219.969971 6428.872070 78 78 77 
-990.211792 -801.599976 2321.375488 72 76 76 
-992.940308 -800.875244 2319.276611 73 74 73 
-996.564209 -800.875244 2319.276611 73 74 70 
-1000.188049 -800.875244 2319.276611 72 73 68 
-1003.811951 -800.875244 2319.276611 68 69 64 
-1006.525757 -800.151733 2317.181641 66 64 60 
-1010.146362 -800.151733 2317.181641 60 56 54 
-1013.766968 -800.151733 2317.181641 55 57 59 
-1017.387512 -800.151733 2317.181641 62 66 69 
-1021.008118 -800.151733 2317.181641 70 74 75 
-1022.780884 -798.708740 2313.002686 72 75 75 
-1025.470215 -797.989197 2310.918945 72 75 74 
-1026.307251 -795.838257 2304.689941 73 75 73 
-1028.061035 -794.410767 2300.556152 74 74 71 
-1032.581665 -795.123901 2302.621094 75 74 70 
737.103455 -844.597717 2457.011475 72 72 73 
733.264343 -844.597717 2457.011475 72 72 73 
730.825317 -846.218811 2461.727539 72 72 73 
728.376953 -847.846130 2466.461426 71 72 72 
726.619080 -850.298950 2473.596924 70 70 71 
726.960205 -855.247314 2487.992188 71 71 72 
724.478149 -856.909607 2492.827881 71 71 72 
721.986389 -858.578369 2497.682617 68 68 69 
719.484863 -860.253662 2502.556152 64 68 68 
715.574646 -860.253662 2502.556152 62 68 68 
711.664368 -860.253662 2502.556152 53 59 59 
707.754150 -860.253662 2502.556152 40 46 46 
704.531250 -861.093750 2505.000000 40 43 44 
700.617188 -861.093750 2505.000000 44 45 47 
696.703125 -861.093750 2505.000000 47 46 49 
692.789062 -861.093750 2505.000000 50 48 51 
688.875000 -861.093750 2505.000000 51 49 50 
684.960938 -861.093750 2505.000000 51 51 51 
681.046875 -861.093750 2505.000000 52 52 52 
677.794739 -861.935486 2507.448730 54 54 54 
599.327087 -824.074768 2397.308350 62 62 62 
595.581299 -824.074768 2397.308350 63 63 63 
592.943848 -825.617981 2401.797852 64 64 64 
589.191040 -825.617981 2401.797852 65 65 65 
583.253723 -822.537292 2392.835938 65 65 65 
577.897705 -820.241882 2386.158203 65 65 65 
573.635681 -819.479553 2383.940430 66 66 66 
234.843750 -3444.375000 10020.000000 125 123 119 
219.187500 -3444.375000 10020.000000 129 125 122 
203.531250 -3444.375000 10020.000000 132 126 124 
-2550.545410 -2290.285645 6662.649414 73 72 73 
-2554.321289 -2284.352295 6645.388672 74 72 71 
-2538.399902 -2260.923096 6577.230957 76 72 70 
-2529.221436 -2243.664062 6527.022949 74 74 73 
-2520.181885 -2226.666748 6477.575684 74 75 74 
-2517.587891 -2215.477295 6445.024902 74 75 73 
-2515.020020 -2204.399902 6412.799805 74 76 72 
-2525.040039 -2204.399902 6412.799805 75 76 74 
-2535.060059 -2204.399902 6412.799805 76 75 75 
-2545.080078 -2204.399902 6412.799805 76 75 76 
-2555.100098 -2204.399902 6412.799805 77 76 77 
-989.316467 -797.251343 2319.276611 74 75 76 
-992.043335 -796.531189 2317.181641 74 75 72 
-995.663940 -796.531189 2317.181641 73 74 68 
-999.284546 -796.531189 2317.181641 72 73 66 
-1002.905151 -796.531189 2317.181641 67 68 62 
-1006.525757 -796.531189 2317.181641 63 63 61 
-1010.146362 -796.531189 2317.181641 56 55 56 
-1013.766968 -796.531189 2317.181641 54 58 62 
-1017.387512 -796.531189 2317.181641 64 70 74 
-1020.086670 -795.812256 2315.090332 72 75 78 
-1021.859436 -794.378357 2310.918945 74 75 77 
-1023.625916 -792.949646 2306.762695 75 74 74 
-1025.385986 -791.526062 2302.621094 74 74 72 
-1028.061035 -790.816162 2300.556152 74 75 70 
-1032.581665 -791.526062 2302.621094 73 75 68 
737.103455 -840.758606 2457.011475 72 72 72 
733.264343 -840.758606 2457.011475 72 72 72 
730.124634 -841.564697 2459.367188 72 72 72 
727.677246 -843.181580 2464.092285 72 72 72 
725.220398 -844.804626 2468.835449 70 70 70 
724.851074 -848.889771 2480.773682 71 71 71 
723.072754 -851.359863 2487.992188 71 71 71 
721.284058 -853.844360 2495.252930 68 69 69 
718.783630 -855.508789 2500.116943 64 68 68 
715.574646 -856.343445 2502.556152 62 68 68 
711.664368 -856.343445 2502.556152 55 61 61 
707.754150 -856.343445 2502.556152 42 48 48 
704.531250 -857.179688 2505.000000 39 43 44 
700.617188 -857.179688 2505.000000 43 44 46 
696.023438 -856.343445 2502.556152 46 46 48 
692.113159 -856.343445 2502.556152 49 47 50 
688.875000 -857.179688 2505.000000 50 49 50 
684.960938 -857.179688 2505.000000 51 51 51 
681.046875 -857.179688 2505.000000 52 52 52 
677.794739 -858.017578 2507.448730 54 54 54 
598.208984 -818.798523 2392.835938 63 63 63 
594.470154 -818.798523 2392.835938 63 63 63 
592.389160 -821.096375 2399.551025 64 64 64 
588.639832 -821.096375 2399.551025 64 64 64 
583.253723 -818.798523 2392.835938 65 65 65 
579.514954 -818.798523 2392.835938 65 65 65 
219.187500 -3428.718750 10020.000000 139 128 126 
-2546.750000 -2285.812500 6680.000000 63 72 75 
-2543.937744 -2273.968994 6645.388672 64 72 74 
-2541.154541 -2262.247314 6611.133789 65 72 73 
-2531.907959 -2244.890137 6560.409180 67 72 72 
-2516.415283 -2222.156982 6493.974609 69 72 74 
-2507.517578 -2205.406982 6445.024902 71 72 75 
-2505.000000 -2194.379883 6412.799805 71 74 74 
-2515.020020 -2194.379883 6412.799805 72 75 73 
-2518.743164 -2188.907715 6396.808105 73 74 74 
-2528.738037 -2188.907715 6396.808105 73 74 74 
-2545.080078 -2194.379883 6412.799805 74 75 75 
-988.422791 -792.910583 2317.181641 75 75 76 
-992.043335 -792.910583 2317.181641 75 75 71 
-995.663940 -792.910583 2317.181641 73 74 66 
-999.284546 -792.910583 2317.181641 71 72 64 
-1002.905151 -792.910583 2317.181641 66 67 61 
-1006.525757 -792.910583 2317.181641 61 61 60 
-1009.234680 -792.194946 2315.090332 54 54 58 
-1012.851990 -792.194946 2315.090332 54 60 64 
-1016.469299 -792.194946 2315.090332 65 72 75 
-1019.166809 -791.480591 2313.002686 72 75 78 
-1020.939697 -790.055786 2308.838867 75 74 76 
-1022.706177 -788.636108 2304.689941 76 74 74 
-1024.466309 -787.221497 2300.556152 75 74 72 
-1028.061035 -787.221497 2300.556152 74 75 70 
733.967407 -837.721985 2459.367188 72 72 72 
730.124634 -837.721985 2459.367188 72 72 72 
726.978882 -838.525940 2461.727539 72 72 72 
724.523071 -840.138489 2466.461426 72 72 72 
723.451721 -843.382263 2475.984619 70 70 70 
722.372070 -846.651184 2485.581299 69 69 69 
719.883484 -848.295166 2490.407715 69 69 69 
718.083740 -850.773132 2497.682617 65 69 69 
714.877197 -851.602356 2500.116943 63 69 69 
710.970764 -851.602356 2500.116943 57 63 63 
707.754150 -852.433167 2502.556152 44 50 50 
703.843933 -852.433167 2502.556152 40 43 44 
699.933655 -852.433167 2502.556152 42 43 45 
696.023438 -852.433167 2502.556152 46 45 47 
692.113159 -852.433167 2502.556152 49 46 49 
688.875000 -853.265625 2505.000000 50 49 50 
684.960938 -853.265625 2505.000000 51 51 51 
681.046875 -853.265625 2505.000000 52 52 52 
677.132812 -853.265625 2505.000000 54 54 54 
675.858826 -856.611755 2514.823486 55 55 55 
598.208984 -815.059692 2392.835938 63 63 63 
594.470154 -815.059692 2392.835938 63 63 63 
592.389160 -817.347046 2399.551025 63 63 63 
588.639832 -817.347046 2399.551025 63 63 63 
583.253723 -815.059692 2392.835938 64 64 64 
579.514954 -815.059692 2392.835938 65 65 65 
-2546.750000 -2275.375000 6680.000000 55 60 63 
-2543.937744 -2263.585449 6645.388672 56 63 66 
-2547.720947 -2257.736328 6628.217285 58 66 69 
-2512.629395 -2217.624268 6510.457031 61 69 73 
-2503.738037 -2200.866455 6461.259277 64 69 77 
-2501.233154 -2189.834473 6428.872070 66 70 79 
-2505.000000 -2184.360107 6412.799805 68 72 78 
-2508.748047 -2178.912842 6396.808105 69 74 78 
-2518.743164 -2178.912842 6396.808105 70 75 78 
-2522.447754 -2173.492432 6380.895508 71 76 77 
-988.422791 -789.289978 2317.181641 76 75 77 
-991.148010 -788.577637 2315.090332 75 75 71 
-994.765320 -788.577637 2315.090332 72 73 65 
-999.284546 -789.289978 2317.181641 69 70 62 
-1002.905151 -789.289978 2317.181641 65 66 60 
-1005.617310 -788.577637 2315.090332 59 59 58 
-1009.234680 -788.577637 2315.090332 55 55 58 
-1012.851990 -788.577637 2315.090332 56 63 65 
-1016.469299 -788.577637 2315.090332 66 74 75 
-1018.248657 -787.156738 2310.918945 73 76 77 
-1020.021606 -785.741028 2306.762695 75 74 74 
-1021.788147 -784.330322 2302.621094 76 73 75 
-1024.466309 -783.626892 2300.556152 75 73 74 
733.967407 -833.879211 2459.367188 72 72 72 
730.124634 -833.879211 2459.367188 72 72 72 
726.978882 -834.679443 2461.727539 72 72 72 
723.827087 -835.481262 2464.092285 72 72 72 
722.754089 -838.703979 2473.596924 70 70 70 
720.974854 -841.137329 2480.773682 68 68 68 
719.185242 -843.584900 2487.992188 69 70 70 
717.385193 -846.046692 2495.252930 66 70 70 
714.877197 -847.695923 2500.116943 64 70 70 
710.970764 -847.695923 2500.116943 59 64 64 
707.064331 -847.695923 2500.116943 47 52 52 
703.843933 -848.522949 2502.556152 40 44 44 
699.933655 -848.522949 2502.556152 42 43 44 
696.023438 -848.522949 2502.556152 45 45 47 
692.113159 -848.522949 2502.556152 48 46 49 
688.875000 -849.351562 2505.000000 50 49 50 
684.960938 -849.351562 2505.000000 51 51 51 
681.046875 -849.351562 2505.000000 52 52 52 
677.132812 -849.351562 2505.000000 54 54 54 
674.536194 -851.013672 2509.902100 55 55 55 
596.138428 -813.597778 2399.551025 63 63 63 
592.943848 -814.359558 2401.797852 62 62 62 
588.639832 -813.597778 2399.551025 61 61 61 
583.253723 -811.320923 2392.835938 64 64 64 
579.514954 -811.320923 2392.835938 65 65 65 
-2546.750000 -2264.937500 6680.000000 65 54 55 
-2550.545410 -2259.054443 6662.649414 65 54 56 
-2547.720947 -2247.379883 6628.217285 64 55 60 
-2506.268311 -2201.863281 6493.974609 62 56 63 
-2497.447266 -2185.266357 6445.024902 58 58 70 
-2494.979980 -2174.340088 6412.799805 57 60 74 
-2505.000000 -2174.340088 6412.799805 59 63 74 
-2508.748047 -2168.917725 6396.808105 60 66 75 
-2512.477539 -2163.522461 6380.895508 62 69 75 
-2522.447754 -2163.522461 6380.895508 63 72 74 
-987.530701 -784.960266 2315.090332 77 76 77 
-991.148010 -784.960266 2315.090332 75 75 71 
-994.765320 -784.960266 2315.090332 71 71 64 
-998.382690 -784.960266 2315.090332 68 68 60 
-1002.000000 -784.960266 2315.090332 65 65 59 
-1005.617310 -784.960266 2315.090332 57 57 56 
-1009.234680 -784.960266 2315.090332 55 55 58 
-1012.851990 -784.960266 2315.090332 58 65 66 
-1015.552734 -784.252502 2313.002686 68 76 75 
-1017.332153 -782.840698 2308.838867 73 77 75 
-1018.190308 -780.732483 2302.621094 74 75 72 
-1020.871765 -780.032288 2300.556152 76 73 75 
-1024.466309 -780.032288 2300.556152 75 73 76 
733.264343 -829.241394 2457.011475 72 73 73 
730.124634 -830.036438 2459.367188 72 73 73 
726.978882 -830.833008 2461.727539 72 73 73 
723.827087 -831.631104 2464.092285 72 73 72 
721.362854 -833.231934 2468.835449 70 71 70 
720.278259 -836.452148 2478.376709 68 70 69 
717.792847 -838.071655 2483.175293 68 70 69 
715.992249 -840.512634 2490.407715 67 69 69 
714.181091 -842.967896 2497.682617 65 68 68 
710.970764 -843.789490 2500.116943 62 65 64 
707.064331 -843.789490 2500.116943 51 54 53 
703.843933 -844.612671 2502.556152 42 44 44 
699.933655 -844.612671 2502.556152 41 42 42 
696.023438 -844.612671 2502.556152 43 45 45 
692.113159 -844.612671 2502.556152 47 48 48 
688.202942 -844.612671 2502.556152 49 49 49 
684.960938 -845.437500 2505.000000 50 50 50 
681.046875 -845.437500 2505.000000 52 52 52 
677.132812 -845.437500 2505.000000 53 53 53 
673.876831 -846.263916 2507.448730 54 54 54 
676.572571 -854.617981 2532.201416 55 55 55 
590.296448 -812.127563 2406.303955 63 63 63 
583.253723 -807.582092 2392.835938 64 64 64 
579.514954 -807.582092 2392.835938 65 65 65 
-2536.312500 -2254.500000 6680.000000 74 66 60 
-2546.750000 -2254.500000 6680.000000 74 64 58 
-2499.939453 -2186.181885 6477.575684 69 59 57 
-2491.187988 -2169.744385 6428.872070 68 55 60 
-2494.979980 -2164.320068 6412.799805 66 55 62 
-2498.753174 -2158.922607 6396.808105 62 56 64 
-2502.507568 -2153.552246 6380.895508 58 58 65 
-2512.477539 -2153.552246 6380.895508 57 60 65 
-987.530701 -781.342957 2315.090332 79 76 75 
-990.254272 -780.638428 2313.002686 78 73 70 
-993.868347 -780.638428 2313.002686 75 69 64 
-997.482422 -780.638428 2313.002686 71 65 59 
-1001.096497 -780.638428 2313.002686 66 63 57 
-1004.710571 -780.638428 2313.002686 57 56 54 
-1008.324646 -780.638428 2313.002686 55 56 58 
-1011.938660 -780.638428 2313.002686 61 69 68 
-1014.637817 -779.935120 2310.918945 68 77 74 
-1016.417297 -778.532349 2306.762695 72 77 75 
-1017.277161 -776.437683 2300.556152 72 75 74 
-1019.043884 -775.047424 2296.436768 74 75 75 
-1022.632080 -775.047424 2296.436768 75 76 76 
737.103455 -825.402283 2457.011475 72 73 72 
733.264343 -825.402283 2457.011475 72 74 73 
730.124634 -826.193665 2459.367188 72 74 73 
726.978882 -826.986572 2461.727539 72 74 73 
723.827087 -827.781006 2464.092285 71 73 72 
720.669250 -828.576904 2466.461426 70 72 71 
718.889099 -830.973938 2473.596924 69 71 70 
717.098633 -833.384888 2480.773682 68 70 69 
715.297791 -835.809875 2487.992188 67 69 68 
713.486389 -838.249023 2495.252930 66 68 67 
710.278503 -839.065247 2497.682617 63 65 64 
706.375854 -839.065247 2497.682617 54 56 55 
703.157898 -839.883057 2500.116943 43 45 44 
699.251465 -839.883057 2500.116943 41 43 42 
695.345032 -839.883057 2500.116943 43 45 44 
691.438599 -839.883057 2500.116943 46 48 47 
688.202942 -840.702454 2502.556152 48 49 49 
684.960938 -841.523438 2505.000000 50 50 50 
681.046875 -841.523438 2505.000000 51 51 51 
677.132812 -841.523438 2505.000000 53 53 53 
673.218750 -841.523438 2505.000000 54 54 54 
671.929443 -844.823547 2514.823486 54 54 54 
583.253723 -803.843262 2392.835938 65 65 65 
579.514954 -803.843262 2392.835938 65 65 65 
-2536.312500 -2244.062500 6680.000000 74 71 64 
-2546.750000 -2244.062500 6680.000000 73 69 63 
-2493.642334 -2170.579346 6461.259277 72 67 61 
-2484.959961 -2154.300049 6412.799805 75 64 61 
-2494.979980 -2154.300049 6412.799805 74 62 61 
-2498.753174 -2148.927734 6396.808105 70 59 60 
-2502.507568 -2143.582031 6380.895508 66 58 60 
-2506.243164 -2138.262939 6365.062012 66 57 59 
-984.864075 -775.625549 2308.838867 79 75 74 
-988.471619 -775.625549 2308.838867 78 72 70 
-992.079224 -775.625549 2308.838867 75 68 64 
-996.583801 -776.324341 2310.918945 71 64 60 
-1000.194580 -776.324341 2310.918945 64 61 58 
-1003.805420 -776.324341 2310.918945 55 55 55 
-1007.416199 -776.324341 2310.918945 54 58 61 
-1010.117004 -775.625549 2308.838867 63 71 70 
-1012.812927 -774.928040 2306.762695 68 77 74 
-1014.592468 -773.536804 2302.621094 71 77 75 
-1016.365601 -772.150513 2298.494629 71 76 75 
-1018.132385 -770.769226 2294.382812 73 76 75 
-1022.632080 -771.459290 2296.436768 75 77 76 
740.233521 -820.777039 2454.660400 70 70 70 
737.103455 -821.563232 2457.011475 72 73 72 
733.967407 -822.350891 2459.367188 72 74 73 
730.825317 -823.140137 2461.727539 72 74 73 
726.978882 -823.140137 2461.727539 72 74 73 
723.827087 -823.930847 2464.092285 70 72 71 
720.669250 -824.723083 2466.461426 69 71 70 
718.196533 -826.312134 2471.213867 69 71 70 
716.405823 -828.707275 2478.376709 69 71 70 
715.297791 -831.922424 2487.992188 67 69 68 
712.793030 -833.539368 2492.827881 66 68 67 
709.587524 -834.350220 2495.252930 64 66 65 
706.375854 -835.162598 2497.682617 55 57 56 
702.473206 -835.162598 2497.682617 45 47 46 
699.251465 -835.976624 2500.116943 42 44 43 
695.345032 -835.976624 2500.116943 42 44 43 
691.438599 -835.976624 2500.116943 45 47 46 
687.532166 -835.976624 2500.116943 48 49 48 
684.292664 -836.792175 2502.556152 50 50 50 
680.382446 -836.792175 2502.556152 51 51 51 
676.472168 -836.792175 2502.556152 53 53 53 
673.218750 -837.609375 2505.000000 54 54 54 
671.271301 -840.070496 2512.360352 54 54 54 
583.798340 -800.851562 2395.070068 65 65 65 
580.056030 -800.851562 2395.070068 65 65 65 
-2536.312500 -2233.625000 6680.000000 73 72 69 
-2546.750000 -2233.625000 6680.000000 72 72 68 
-2487.376953 -2155.055176 6445.024902 73 72 69 
-2484.959961 -2144.280029 6412.799805 73 69 66 
-2488.758057 -2138.932617 6396.808105 74 68 65 
-2498.753174 -2138.932617 6396.808105 75 67 64 
-2502.507568 -2133.612061 6380.895508 77 67 64 
-981.256531 -772.018005 2308.838867 73 76 75 
-983.094360 -770.630737 2304.689941 75 76 75 
-985.809692 -769.938965 2302.621094 74 73 71 
-989.407532 -769.938965 2302.621094 71 68 65 
-993.897583 -770.630737 2304.689941 66 64 62 
-998.395691 -771.323730 2306.762695 59 59 59 
-1002.000000 -771.323730 2306.762695 51 55 58 
-1004.700806 -770.630737 2304.689941 54 61 67 
-1007.396790 -769.938965 2302.621094 63 73 73 
-1010.994629 -769.938965 2302.621094 68 77 74 
-1012.774170 -768.559143 2298.494629 71 77 75 
-1015.455688 -767.871094 2296.436768 71 76 75 
-1018.132385 -767.184265 2294.382812 73 76 75 
744.068909 -816.941650 2454.660400 66 67 66 
740.233521 -816.941650 2454.660400 70 70 70 
737.103455 -817.724121 2457.011475 72 73 72 
733.967407 -818.508179 2459.367188 72 74 73 
730.825317 -819.293640 2461.727539 72 74 73 
726.978882 -819.293640 2461.727539 72 74 73 
723.827087 -820.080688 2464.092285 69 71 70 
720.669250 -820.869202 2466.461426 68 70 69 
717.505310 -821.659302 2468.835449 69 71 70 
715.714294 -824.038635 2475.984619 70 72 71 
715.297791 -828.034912 2487.992188 68 70 69 
712.793030 -829.644287 2492.827881 66 68 67 
709.587524 -830.451355 2495.252930 65 67 67 
706.375854 -831.260010 2497.682617 57 59 58 
702.473206 -831.260010 2497.682617 46 48 47 
698.570618 -831.260010 2497.682617 42 44 43 
695.345032 -832.070190 2500.116943 42 44 43 
691.438599 -832.070190 2500.116943 44 46 45 
687.532166 -832.070190 2500.116943 48 48 48 
684.292664 -832.881958 2502.556152 50 50 50 
680.382446 -832.881958 2502.556152 51 51 51 
676.472168 -832.881958 2502.556152 53 53 52 
672.561951 -832.881958 2502.556152 54 54 53 
670.614502 -835.326782 2509.902100 54 54 54 
-2536.312500 -2223.187500 6680.000000 73 73 73 
-2546.750000 -2223.187500 6680.000000 69 71 71 
-2487.376953 -2144.984863 6445.024902 71 73 73 
-2484.959961 -2134.260010 6412.799805 74 70 73 
-2488.758057 -2128.937744 6396.808105 77 69 73 
-2498.753174 -2128.937744 6396.808105 77 71 71 
-977.648987 -768.410461 2308.838867 60 78 73 
-979.493286 -767.029663 2304.689941 67 77 76 
-981.330933 -765.653809 2300.556152 71 76 77 
-984.925537 -765.653809 2300.556152 70 73 72 
-988.520203 -765.653809 2300.556152 68 69 67 
-992.114807 -765.653809 2300.556152 63 64 64 
-996.603210 -766.341125 2302.621094 55 58 60 
-1000.201050 -766.341125 2302.621094 47 54 60 
-1002.898682 -765.653809 2300.556152 54 64 72 
-1006.493286 -765.653809 2300.556152 64 75 75 
-1009.182800 -764.967773 2298.494629 68 78 74 
-1011.867493 -764.282898 2296.436768 71 77 75 
-1014.547424 -763.599304 2294.382812 72 76 74 
744.781616 -813.885071 2457.011475 66 67 67 
740.233521 -813.106201 2454.660400 69 71 70 
737.103455 -813.885071 2457.011475 71 73 72 
733.967407 -814.665405 2459.367188 72 74 73 
730.825317 -815.447205 2461.727539 72 74 73 
726.978882 -815.447205 2461.727539 72 74 73 
723.827087 -816.230530 2464.092285 70 72 71 
719.976929 -816.230530 2464.092285 70 72 71 
717.505310 -817.801758 2468.835449 70 72 71 
715.714294 -820.169861 2475.984619 71 72 72 
714.604675 -823.348816 2485.581299 70 69 70 
712.100952 -824.947571 2490.407715 68 68 69 
708.897949 -825.749268 2492.827881 66 69 70 
705.688721 -826.552551 2495.252930 56 62 62 
702.473206 -827.357361 2497.682617 45 52 51 
698.570618 -827.357361 2497.682617 40 45 44 
694.667969 -827.357361 2497.682617 42 43 44 
690.765320 -827.357361 2497.682617 47 46 47 
687.532166 -828.163757 2500.116943 49 48 48 
684.292664 -828.971680 2502.556152 50 50 48 
680.382446 -828.971680 2502.556152 51 51 49 
676.472168 -828.971680 2502.556152 52 52 50 
672.561951 -828.971680 2502.556152 53 53 51 
669.958923 -830.592407 2507.448730 54 54 52 
667.345764 -832.219421 2512.360352 55 55 54 
-2536.312500 -2212.750000 6680.000000 72 72 71 
-2546.750000 -2212.750000 6680.000000 71 72 71 
-2497.447266 -2134.914551 6445.024902 74 72 74 
-975.892212 -763.428589 2304.689941 57 66 80 
-977.736328 -762.059204 2300.556152 60 69 80 
-980.451599 -761.376343 2298.494629 62 70 77 
-983.162048 -760.694702 2296.436768 62 69 72 
-986.750244 -760.694702 2296.436768 62 68 67 
-991.225830 -761.376343 2298.494629 60 62 62 
-994.817200 -761.376343 2298.494629 52 56 57 
-998.408630 -761.376343 2298.494629 49 56 61 
-1002.000000 -761.376343 2298.494629 58 67 74 
-1005.591370 -761.376343 2298.494629 67 77 76 
-1008.279297 -760.694702 2296.436768 70 79 74 
-1010.962463 -760.014282 2294.382812 73 79 74 
-1014.547424 -760.014282 2294.382812 74 78 74 
740.942505 -810.045959 2457.011475 68 70 69 
737.103455 -810.045959 2457.011475 71 73 72 
733.264343 -810.045959 2457.011475 72 74 73 
730.825317 -811.600769 2461.727539 72 74 73 
726.978882 -811.600769 2461.727539 72 74 73 
723.827087 -812.380432 2464.092285 71 73 72 
719.976929 -812.380432 2464.092285 71 73 72 
716.815369 -813.161560 2466.461426 71 73 72 
715.714294 -816.301147 2475.984619 71 73 72 
714.604675 -819.465088 2485.581299 71 69 71 
712.100952 -821.056335 2490.407715 69 67 70 
708.897949 -821.854248 2492.827881 65 69 70 
705.688721 -822.653687 2495.252930 56 64 64 
702.473206 -823.454712 2497.682617 45 54 53 
698.570618 -823.454712 2497.682617 39 45 45 
695.345032 -824.257324 2500.116943 42 43 45 
691.438599 -824.257324 2500.116943 48 45 48 
688.202942 -825.061462 2502.556152 49 48 48 
684.292664 -825.061462 2502.556152 49 49 47 
680.382446 -825.061462 2502.556152 50 50 48 
676.472168 -825.061462 2502.556152 51 51 49 
672.561951 -825.061462 2502.556152 53 53 51 
669.958923 -826.674500 2507.448730 54 54 52 
667.345764 -828.293823 2512.360352 55 55 53 
-2536.312500 -2202.312500 6680.000000 72 72 70 
-2546.750000 -2202.312500 6680.000000 73 73 71 
-975.016174 -759.145447 2302.621094 63 57 67 
-976.860229 -757.784973 2298.494629 58 57 69 
-979.573853 -757.106506 2296.436768 57 57 68 
-983.162048 -757.106506 2296.436768 58 58 64 
-986.750244 -757.106506 2296.436768 60 58 61 
-990.338379 -757.106506 2296.436768 55 55 56 
-993.926575 -757.106506 2296.436768 49 52 54 
-997.514771 -757.106506 2296.436768 50 57 63 
-1001.102966 -757.106506 2296.436768 59 70 77 
-1004.691162 -757.106506 2296.436768 67 78 77 
-1007.377441 -756.429321 2294.382812 69 79 74 
-1010.962463 -756.429321 2294.382812 72 79 75 
-1014.547424 -756.429321 2294.382812 74 79 75 
733.264343 -806.206909 2457.011475 72 74 73 
730.124634 -806.979858 2459.367188 72 74 73 
726.281860 -806.979858 2459.367188 72 74 73 
723.132446 -807.754333 2461.727539 71 73 72 
719.976929 -808.530273 2464.092285 71 73 72 
716.815369 -809.307678 2466.461426 71 73 72 
715.714294 -812.432434 2475.984619 71 73 72 
714.604675 -815.581421 2485.581299 72 70 72 
712.100952 -817.165039 2490.407715 68 66 69 
709.587524 -818.754883 2495.252930 64 67 68 
705.688721 -818.754883 2495.252930 57 65 64 
702.473206 -819.552124 2497.682617 47 55 55 
699.251465 -820.350891 2500.116943 40 46 46 
695.345032 -820.350891 2500.116943 41 42 44 
691.438599 -820.350891 2500.116943 47 44 47 
688.202942 -821.151245 2502.556152 49 48 47 
684.960938 -821.953125 2505.000000 49 49 47 
681.046875 -821.953125 2505.000000 50 50 48 
677.132812 -821.953125 2505.000000 51 51 49 
673.218750 -821.953125 2505.000000 53 53 51 
669.958923 -822.756592 2507.448730 55 55 53 
668.000000 -825.176453 2514.823486 55 55 53 
-2536.312500 -2191.875000 6680.000000 72 72 70 
-2546.750000 -2191.875000 6680.000000 73 73 71 
-974.141724 -754.869934 2300.556152 75 65 59 
-975.985657 -753.518372 2296.436768 71 62 61 
-978.697693 -752.844360 2294.382812 67 58 60 
-982.282654 -752.844360 2294.382812 65 55 56 
-985.867615 -752.844360 2294.382812 63 51 51 
-989.452576 -752.844360 2294.382812 56 49 49 
-993.037598 -752.844360 2294.382812 51 50 51 
-996.622559 -752.844360 2294.382812 52 57 61 
-1000.207520 -752.844360 2294.382812 58 69 74 
-1003.792480 -752.844360 2294.382812 63 76 75 
-1006.477234 -752.171570 2292.332520 66 78 74 
-1010.058960 -752.171570 2292.332520 69 79 76 
-1013.640747 -752.171570 2292.332520 72 79 77 
730.124634 -803.137085 2459.367188 72 74 73 
726.281860 -803.137085 2459.367188 72 74 73 
722.439148 -803.137085 2459.367188 71 73 72 
719.286011 -803.907898 2461.727539 71 73 72 
717.505310 -806.229065 2468.835449 71 73 72 
715.714294 -808.563721 2475.984619 71 73 72 
714.604675 -811.697693 2485.581299 73 71 73 
712.793030 -814.064148 2492.827881 68 66 69 
709.587524 -814.856018 2495.252930 63 66 67 
706.375854 -815.649475 2497.682617 58 66 65 
702.473206 -815.649475 2497.682617 49 57 56 
699.251465 -816.444458 2500.116943 41 47 47 
696.023438 -817.240967 2502.556152 41 42 44 
692.113159 -817.240967 2502.556152 46 43 46 
688.875000 -818.039062 2505.000000 49 47 47 
684.960938 -818.039062 2505.000000 49 49 47 
681.046875 -818.039062 2505.000000 50 50 48 
677.132812 -818.039062 2505.000000 51 51 49 
673.218750 -818.039062 2505.000000 54 54 52 
669.958923 -818.838684 2507.448730 55 55 53 
668.000000 -821.247070 2514.823486 55 55 53 
672.643494 -831.849060 2547.289062 55 55 53 
665.343933 -832.675964 2549.821045 57 57 55 
-972.397522 -749.930176 2296.436768 76 71 65 
-975.112732 -749.259399 2294.382812 77 71 60 
-977.823059 -748.589844 2292.332520 76 68 55 
-981.404846 -748.589844 2292.332520 73 62 51 
-984.986572 -748.589844 2292.332520 70 57 47 
-988.568359 -748.589844 2292.332520 64 51 45 
-992.150146 -748.589844 2292.332520 59 50 47 
-995.731934 -748.589844 2292.332520 56 55 53 
-999.313660 -748.589844 2292.332520 55 62 61 
-1002.895447 -748.589844 2292.332520 55 67 65 
-1006.477234 -748.589844 2292.332520 58 69 67 
-1009.157166 -747.921448 2290.285645 61 71 70 
-1013.640747 -748.589844 2292.332520 64 73 72 
726.281860 -799.294373 2459.367188 73 73 73 
722.439148 -799.294373 2459.367188 72 73 73 
719.286011 -800.061401 2461.727539 72 73 72 
717.505310 -802.371521 2468.835449 72 72 72 
715.714294 -804.695007 2475.984619 71 72 71 
714.604675 -807.813965 2485.581299 71 70 72 
712.793030 -810.169067 2492.827881 68 68 71 
709.587524 -810.957214 2495.252930 66 68 69 
706.375854 -811.746826 2497.682617 64 67 68 
702.473206 -811.746826 2497.682617 56 60 61 
699.251465 -812.538025 2500.116943 46 49 50 
696.023438 -813.330750 2502.556152 41 42 44 
692.113159 -813.330750 2502.556152 43 43 45 
688.875000 -814.125000 2505.000000 47 46 46 
684.960938 -814.125000 2505.000000 49 49 47 
681.046875 -814.125000 2505.000000 51 50 48 
677.132812 -814.125000 2505.000000 51 51 49 
673.218750 -814.125000 2505.000000 54 53 51 
669.958923 -814.920837 2507.448730 55 54 52 
668.000000 -817.317627 2514.823486 56 55 53 
671.310181 -826.227966 2542.239746 57 56 54 
668.663330 -827.868896 2547.289062 57 57 55 
664.683228 -827.868896 2547.289062 57 57 55 
661.359863 -828.691833 2549.821045 58 58 56 
-968.809326 -746.341980 2296.436768 76 76 75 
-970.659546 -745.008057 2292.332520 76 76 73 
-973.371460 -744.342834 2290.285645 76 74 67 
-976.950012 -744.342834 2290.285645 75 72 62 
-980.528564 -744.342834 2290.285645 71 69 59 
-984.107117 -744.342834 2290.285645 66 65 56 
-987.685730 -744.342834 2290.285645 60 57 52 
-991.264282 -744.342834 2290.285645 57 52 50 
-994.842834 -744.342834 2290.285645 58 56 54 
-998.421448 -744.342834 2290.285645 61 61 60 
-1002.000000 -744.342834 2290.285645 64 61 58 
-1005.578552 -744.342834 2290.285645 64 60 58 
-1009.157166 -744.342834 2290.285645 65 62 61 
-1012.735718 -744.342834 2290.285645 64 63 64 
722.439148 -795.451599 2459.367188 73 73 73 
719.286011 -796.214966 2461.727539 73 73 73 
716.815369 -797.746155 2466.461426 72 72 72 
715.024109 -800.054016 2473.596924 71 71 71 
713.222412 -802.375244 2480.773682 70 70 72 
712.100952 -805.491272 2490.407715 69 70 72 
709.587524 -807.058350 2495.252930 68 69 71 
706.375854 -807.844177 2497.682617 67 68 70 
702.473206 -807.844177 2497.682617 61 62 64 
699.251465 -808.631592 2500.116943 49 50 52 
695.345032 -808.631592 2500.116943 41 42 44 
692.113159 -809.420471 2502.556152 42 43 45 
688.875000 -810.210938 2505.000000 46 46 45 
684.960938 -810.210938 2505.000000 49 48 46 
681.046875 -810.210938 2505.000000 52 51 49 
677.132812 -810.210938 2505.000000 52 51 49 
673.218750 -810.210938 2505.000000 53 52 50 
669.304688 -810.210938 2505.000000 55 54 52 
666.692749 -811.796509 2509.902100 56 55 53 
664.070618 -813.388245 2514.823486 58 57 55 
668.000000 -823.071411 2544.761963 57 57 55 
664.683228 -823.888794 2547.289062 57 57 55 
661.359863 -824.707764 2549.821045 58 58 56 
-967.077759 -741.426270 2292.332520 77 77 75 
-969.792847 -740.764282 2290.285645 77 77 75 
-973.371460 -740.764282 2290.285645 77 75 71 
-976.950012 -740.764282 2290.285645 75 73 68 
-979.653870 -740.103455 2288.242676 70 70 64 
-983.229248 -740.103455 2288.242676 63 65 59 
-986.804626 -740.103455 2288.242676 55 57 54 
-991.264282 -740.764282 2290.285645 54 55 55 
-994.842834 -740.764282 2290.285645 62 62 62 
-998.421448 -740.764282 2290.285645 70 70 69 
-1002.000000 -740.764282 2290.285645 75 70 65 
-1005.578552 -740.764282 2290.285645 75 67 61 
-1008.256897 -740.103455 2288.242676 71 65 60 
-1011.832275 -740.103455 2288.242676 67 63 60 
719.976929 -793.129700 2464.092285 73 73 73 
716.126831 -793.129700 2464.092285 72 72 72 
714.335266 -795.421997 2471.213867 71 71 71 
712.533325 -797.727539 2478.376709 70 70 72 
711.410278 -800.822510 2487.992188 69 70 72 
708.897949 -802.379028 2492.827881 68 69 71 
705.688721 -803.159546 2495.252930 67 68 70 
702.473206 -803.941589 2497.682617 62 63 65 
699.251465 -804.725159 2500.116943 51 52 54 
695.345032 -804.725159 2500.116943 42 43 45 
691.438599 -804.725159 2500.116943 41 42 44 
688.875000 -806.296875 2505.000000 46 46 45 
684.960938 -806.296875 2505.000000 49 48 46 
681.046875 -806.296875 2505.000000 52 51 49 
677.132812 -806.296875 2505.000000 52 51 49 
672.561951 -805.510254 2502.556152 53 52 50 
669.304688 -806.296875 2505.000000 55 54 52 
665.390625 -806.296875 2505.000000 56 55 53 
662.771057 -807.874756 2509.902100 58 57 55 
667.337952 -818.283447 2542.239746 57 57 55 
-966.214294 -737.185730 2290.285645 77 77 75 
-969.792847 -737.185730 2290.285645 77 77 75 
-972.503113 -736.528076 2288.242676 78 75 71 
-976.078491 -736.528076 2288.242676 77 73 68 
-978.780762 -735.871643 2286.203125 70 69 63 
-982.352966 -735.871643 2286.203125 62 63 57 
-985.925110 -735.871643 2286.203125 54 54 52 
-990.380005 -736.528076 2288.242676 56 56 56 
-993.955383 -736.528076 2288.242676 65 69 68 
-997.530762 -736.528076 2288.242676 71 78 75 
-1001.106140 -736.528076 2288.242676 75 78 73 
-1004.681519 -736.528076 2288.242676 75 76 69 
-1007.358276 -735.871643 2286.203125 73 73 66 
-1011.832275 -736.528076 2288.242676 71 70 63 
719.976929 -789.279541 2464.092285 73 73 73 
716.126831 -789.279541 2464.092285 72 72 72 
713.647766 -790.798828 2468.835449 71 71 71 
711.845581 -793.088806 2475.984619 70 70 72 
711.410278 -796.934998 2487.992188 69 70 72 
708.897949 -798.483948 2492.827881 68 69 71 
705.688721 -799.260681 2495.252930 67 68 70 
701.789856 -799.260681 2495.252930 63 64 66 
698.570618 -800.038940 2497.682617 52 53 55 
695.345032 -800.818726 2500.116943 42 43 45 
691.438599 -800.818726 2500.116943 41 42 44 
688.202942 -801.599976 2502.556152 46 45 45 
684.960938 -802.382812 2505.000000 49 48 46 
681.046875 -802.382812 2505.000000 52 51 49 
676.472168 -801.599976 2502.556152 52 51 49 
672.561951 -801.599976 2502.556152 53 52 50 
668.651733 -801.599976 2502.556152 55 54 52 
665.390625 -802.382812 2505.000000 56 55 53 
662.123169 -803.167175 2507.448730 58 57 55 
40.388855 -487.042084 1520.521606 157 157 157 
37.855961 -485.029510 1514.238525 158 158 158 
35.469028 -484.743378 1513.345093 158 158 158 
-966.214294 -733.607117 2290.285645 77 77 75 
-968.927734 -732.952698 2288.242676 77 77 75 
-971.636353 -732.299438 2286.203125 80 74 72 
-975.208557 -732.299438 2286.203125 78 72 68 
-977.909180 -731.647400 2284.167480 71 67 63 
-981.478210 -731.647400 2284.167480 62 60 56 
-985.047180 -731.647400 2284.167480 54 52 52 
-989.497314 -732.299438 2286.203125 57 57 58 
-993.069519 -732.299438 2286.203125 65 71 69 
-996.641724 -732.299438 2286.203125 67 78 74 
-1000.213928 -732.299438 2286.203125 69 78 77 
-1002.892273 -731.647400 2284.167480 71 78 76 
-1006.461243 -731.647400 2284.167480 72 77 73 
717.505310 -786.941284 2468.835449 71 72 73 
713.647766 -786.941284 2468.835449 71 72 73 
711.845581 -789.220093 2475.984619 72 71 70 
711.410278 -793.047546 2487.992188 71 70 70 
708.897949 -794.588928 2492.827881 69 69 70 
705.688721 -795.361877 2495.252930 67 69 71 
701.789856 -795.361877 2495.252930 63 66 69 
698.570618 -796.136292 2497.682617 52 55 59 
695.345032 -796.912292 2500.116943 41 45 48 
691.438599 -796.912292 2500.116943 40 44 47 
688.202942 -797.689758 2502.556152 44 45 45 
684.292664 -797.689758 2502.556152 49 48 46 
680.382446 -797.689758 2502.556152 52 51 49 
676.472168 -797.689758 2502.556152 53 52 50 
672.561951 -797.689758 2502.556152 54 53 51 
668.651733 -797.689758 2502.556152 55 54 52 
664.741455 -797.689758 2502.556152 56 55 53 
661.476562 -798.468750 2505.000000 57 56 54 
42.891796 -486.107025 1525.041626 153 153 153 
40.341030 -484.092377 1518.721191 153 153 153 
37.789040 -481.810242 1511.561523 155 155 155 
35.385521 -481.243073 1509.782227 156 156 156 
32.929577 -479.830994 1505.352173 156 156 156 
-964.492004 -728.727295 2286.203125 78 78 77 
-968.064148 -728.727295 2286.203125 77 76 75 
-971.636353 -728.727295 2286.203125 80 73 70 
-974.340149 -728.078369 2284.167480 80 69 67 
-977.039124 -727.430603 2282.135254 72 64 64 
-980.604980 -727.430603 2282.135254 64 57 60 
-984.170837 -727.430603 2282.135254 56 53 58 
-988.616211 -728.078369 2284.167480 60 60 65 
-992.185242 -728.078369 2284.167480 69 73 74 
-995.754211 -728.078369 2284.167480 71 77 77 
-999.323242 -728.078369 2284.167480 72 77 77 
-1002.000000 -727.430603 2282.135254 74 77 77 
-1006.461243 -728.078369 2284.167480 74 76 76 
717.505310 -783.083740 2468.835449 71 72 74 
713.647766 -783.083740 2468.835449 71 72 74 
711.845581 -785.351379 2475.984619 72 71 70 
711.410278 -789.160034 2487.992188 72 71 69 
708.897949 -790.693909 2492.827881 70 70 70 
705.688721 -791.463013 2495.252930 67 69 72 
701.789856 -791.463013 2495.252930 63 68 71 
698.570618 -792.233704 2497.682617 53 58 62 
695.345032 -793.005859 2500.116943 42 47 51 
691.438599 -793.005859 2500.116943 39 44 48 
688.202942 -793.779541 2502.556152 43 44 44 
684.292664 -793.779541 2502.556152 48 47 45 
680.382446 -793.779541 2502.556152 51 50 48 
676.472168 -793.779541 2502.556152 53 52 50 
672.561951 -793.779541 2502.556152 54 53 51 
668.651733 -793.779541 2502.556152 55 54 52 
664.741455 -793.779541 2502.556152 56 55 53 
660.831238 -793.779541 2502.556152 56 55 53 
657.562500 -794.554688 2505.000000 56 55 53 
42.891796 -483.724152 1525.041626 152 152 152 
40.317162 -481.434326 1517.822510 152 152 152 
37.766785 -479.166077 1510.671387 154 154 154 
35.302406 -477.759247 1506.236084 154 154 154 
32.509850 -471.392822 1486.164551 154 154 154 
30.187717 -471.392822 1486.164551 156 156 156 
-60.106339 -554.617615 1748.548096 129 103 111 
-62.881310 -554.995911 1749.740845 129 104 112 
-960.919800 -725.155090 2286.203125 78 78 78 
-963.633118 -724.509338 2284.167480 78 78 78 
-967.202148 -724.509338 2284.167480 76 76 76 
-969.907471 -723.864746 2282.135254 78 72 69 
-973.473328 -723.864746 2282.135254 77 69 66 
-976.170654 -723.221313 2280.106689 70 63 64 
-979.733337 -723.221313 2280.106689 62 57 62 
-983.296021 -723.221313 2280.106689 57 55 62 
-987.736633 -723.864746 2282.135254 64 63 70 
-991.302490 -723.864746 2282.135254 72 74 78 
-994.868347 -723.864746 2282.135254 74 78 79 
-998.434143 -723.864746 2282.135254 75 77 77 
-1001.109314 -723.221313 2280.106689 76 76 76 
-1005.565857 -723.864746 2282.135254 76 76 76 
717.505310 -779.226196 2468.835449 71 72 74 
713.647766 -779.226196 2468.835449 71 72 74 
712.533325 -782.237671 2478.376709 72 71 70 
711.410278 -785.272522 2487.992188 72 71 69 
708.897949 -786.798828 2492.827881 70 70 70 
705.688721 -787.564209 2495.252930 67 69 72 
702.473206 -788.331055 2497.682617 63 68 72 
698.570618 -788.331055 2497.682617 55 60 64 
695.345032 -789.099426 2500.116943 44 49 53 
691.438599 -789.099426 2500.116943 38 43 47 
688.202942 -789.869263 2502.556152 42 43 43 
684.292664 -789.869263 2502.556152 47 46 44 
680.382446 -789.869263 2502.556152 51 50 48 
676.472168 -789.869263 2502.556152 52 51 49 
672.561951 -789.869263 2502.556152 53 52 50 
668.000000 -789.099426 2500.116943 54 53 51 
664.093567 -789.099426 2500.116943 55 54 52 
660.187134 -789.099426 2500.116943 56 55 53 
656.920959 -789.869263 2502.556152 55 55 53 
45.355568 -482.201324 1527.766479 151 151 151 
42.866310 -481.055267 1524.135498 151 151 151 
40.317162 -479.062714 1517.822510 151 151 151 
37.766785 -476.805664 1510.671387 153 153 153 
35.281689 -475.126770 1505.352173 153 153 153 
32.472221 -468.527771 1484.444458 153 153 153 
30.152779 -468.527771 1484.444458 155 155 155 
20.310810 -455.864868 1444.324341 155 155 155 
18.054054 -455.864868 1444.324341 156 156 156 
-46.828865 -556.437134 1762.969116 136 110 100 
-49.549450 -556.054932 1761.758301 136 110 100 
-52.158905 -554.531494 1756.931519 137 111 101 
-57.374233 -551.885498 1748.548096 127 107 98 
-60.106339 -551.885498 1748.548096 123 107 96 
-62.838448 -551.885498 1748.548096 121 107 97 
-65.615280 -552.261963 1749.740845 120 100 99 
-68.630135 -554.531494 1756.931519 117 96 99 
-71.424263 -554.911560 1758.135742 114 97 99 
-74.171349 -554.911560 1758.135742 128 115 116 
-960.064087 -720.940369 2284.167480 78 78 78 
-962.775818 -720.298950 2282.135254 78 78 78 
-966.341614 -720.298950 2282.135254 76 76 75 
-969.045349 -719.658691 2280.106689 74 73 68 
-972.607971 -719.658691 2280.106689 71 70 64 
-976.170654 -719.658691 2280.106689 64 64 63 
-978.863220 -719.019531 2278.081787 57 58 61 
-982.422729 -719.019531 2278.081787 58 58 65 
-985.982239 -719.019531 2278.081787 67 66 73 
-990.421326 -719.658691 2280.106689 73 75 79 
-993.984009 -719.658691 2280.106689 73 77 78 
-996.660767 -719.019531 2278.081787 75 76 76 
-1000.220276 -719.019531 2278.081787 76 76 76 
-1003.779724 -719.019531 2278.081787 76 76 76 
717.505310 -775.368652 2468.835449 71 72 74 
713.647766 -775.368652 2468.835449 71 72 73 
712.533325 -778.365234 2478.376709 72 71 70 
711.410278 -781.385071 2487.992188 72 71 69 
708.897949 -782.903809 2492.827881 69 70 70 
705.688721 -783.665344 2495.252930 67 69 72 
702.473206 -784.428406 2497.682617 64 68 72 
699.251465 -785.192993 2500.116943 57 62 66 
695.345032 -785.192993 2500.116943 46 51 55 
692.113159 -785.959045 2502.556152 38 43 46 
688.202942 -785.959045 2502.556152 41 42 42 
684.960938 -786.726562 2505.000000 46 45 44 
681.046875 -786.726562 2505.000000 50 49 47 
676.472168 -785.959045 2502.556152 51 50 48 
672.561951 -785.959045 2502.556152 52 51 50 
668.000000 -785.192993 2500.116943 54 53 51 
664.093567 -785.192993 2500.116943 54 53 51 
659.544312 -784.428406 2497.682617 55 54 52 
655.641663 -784.428406 2497.682617 55 55 53 
45.355568 -479.814178 1527.766479 150 150 150 
42.866310 -478.673798 1524.135498 150 150 150 
40.317162 -476.691132 1517.822510 150 150 150 
37.766785 -474.445221 1510.671387 152 152 152 
35.240330 -472.220398 1503.587280 151 151 151 
32.472221 -466.208344 1484.444458 152 152 152 
30.152779 -466.208344 1484.444458 153 153 153 
22.567568 -453.608124 1444.324341 153 153 153 
20.310810 -453.608124 1444.324341 153 153 153 
18.054054 -453.608124 1444.324341 154 154 154 
15.797297 -453.608124 1444.324341 154 154 154 
-44.409973 -557.900269 1776.398926 129 131 118 
-46.861073 -554.063293 1764.181519 130 132 117 
-49.447567 -552.164490 1758.135742 131 133 118 
-52.123203 -551.408630 1755.729004 131 133 118 
-54.642128 -549.153381 1748.548096 132 132 117 
-57.374233 -549.153381 1748.548096 129 126 112 
-60.106339 -549.153381 1748.548096 124 121 107 
-62.881310 -549.527954 1749.740845 121 117 103 
-65.615280 -549.527954 1749.740845 118 110 101 
-68.489403 -550.654846 1753.328735 119 107 101 
-71.424263 -552.164490 1758.135742 119 101 98 
-74.171349 -552.164490 1758.135742 135 113 111 
-76.918434 -552.164490 1758.135742 138 118 121 
-956.495117 -717.371338 2284.167480 77 77 77 
-958.357361 -716.096008 2280.106689 78 78 78 
-961.065735 -715.460022 2278.081787 78 78 78 
-964.625244 -715.460022 2278.081787 76 76 75 
-968.184753 -715.460022 2278.081787 71 73 67 
-970.882019 -714.825195 2276.060303 66 70 63 
-974.438354 -714.825195 2276.060303 59 65 61 
-977.994690 -714.825195 2276.060303 52 59 60 
-980.680847 -714.191467 2274.042480 59 60 67 
-984.234070 -714.191467 2274.042480 69 69 75 
-988.663696 -714.825195 2276.060303 74 76 79 
-992.220032 -714.825195 2276.060303 73 77 78 
-995.776428 -714.825195 2276.060303 74 76 76 
-997.562439 -713.558899 2272.028320 76 76 76 
-1001.112488 -713.558899 2272.028320 76 76 76 
718.196533 -772.254333 2471.213867 71 73 73 
714.335266 -772.254333 2471.213867 71 73 72 
711.845581 -773.745178 2475.984619 73 72 70 
711.410278 -777.497559 2487.992188 72 71 69 
708.209717 -778.252441 2490.407715 69 70 70 
705.688721 -779.766541 2495.252930 67 69 71 
702.473206 -780.525818 2497.682617 65 69 73 
699.251465 -781.286560 2500.116943 59 64 68 
696.023438 -782.048767 2502.556152 50 55 59 
692.113159 -782.048767 2502.556152 41 46 49 
688.875000 -782.812500 2505.000000 42 43 44 
684.960938 -782.812500 2505.000000 46 46 45 
681.046875 -782.812500 2505.000000 49 49 48 
677.132812 -782.812500 2505.000000 50 49 49 
672.561951 -782.048767 2502.556152 51 51 50 
668.000000 -781.286560 2500.116943 52 52 51 
663.446960 -780.525818 2497.682617 53 53 52 
659.544312 -780.525818 2497.682617 54 53 53 
655.641663 -780.525818 2497.682617 55 54 53 
45.355568 -477.427032 1527.766479 150 150 150 
42.866310 -476.292328 1524.135498 150 150 150 
40.317162 -474.319519 1517.822510 151 151 151 
37.766785 -472.084808 1510.671387 150 150 150 
35.240330 -469.871033 1503.587280 150 150 150 
32.453442 -463.620605 1483.585938 151 151 151 
30.135338 -463.620605 1483.585938 153 153 153 
22.567568 -451.351349 1444.324341 153 153 153 
20.310810 -451.351349 1444.324341 153 153 153 
18.054054 -451.351349 1444.324341 153 153 153 
15.797297 -451.351349 1444.324341 153 153 153 
-44.409973 -555.124634 1776.398926 130 130 130 
-46.893326 -551.686157 1765.395752 131 133 131 
-49.481483 -549.794250 1759.341553 131 133 131 
-51.945431 -546.794006 1749.740845 129 130 128 
-54.679401 -546.794006 1749.740845 128 129 126 
-57.413368 -546.794006 1749.740845 124 123 121 
-60.147339 -546.794006 1749.740845 121 119 117 
-62.881310 -546.794006 1749.740845 119 115 114 
-65.615280 -546.794006 1749.740845 114 115 108 
-68.489403 -547.915222 1753.328735 119 113 108 
-71.473251 -549.794250 1759.341553 120 103 101 
-74.222221 -549.794250 1759.341553 134 113 113 
-76.971191 -549.794250 1759.341553 133 119 119 
-79.720161 -549.794250 1759.341553 123 118 118 
-954.794678 -712.533325 2280.106689 77 77 75 
-957.506226 -711.900513 2278.081787 77 77 76 
-960.212952 -711.268860 2276.060303 76 76 75 
-963.769287 -711.268860 2276.060303 74 74 72 
-966.468079 -710.638306 2274.042480 74 70 64 
-970.021301 -710.638306 2274.042480 71 68 62 
-971.851318 -709.380554 2270.017822 59 61 60 
-975.398254 -709.380554 2270.017822 50 57 60 
-978.079590 -708.753296 2268.010498 57 62 68 
-981.623352 -708.753296 2268.010498 68 72 77 
-986.038940 -709.380554 2270.017822 74 75 79 
-989.585815 -709.380554 2270.017822 77 75 78 
-993.132751 -709.380554 2270.017822 77 76 76 
-995.798401 -708.753296 2268.010498 76 76 74 
-998.459351 -708.127197 2266.007080 75 75 74 
-1003.773438 -709.380554 2270.017822 76 76 75 
725.618958 -756.011353 2431.393311 61 63 62 
721.136353 -755.295471 2429.090820 66 68 67 
717.340881 -755.295471 2429.090820 71 73 72 
714.335266 -768.393066 2471.213867 71 73 72 
711.159119 -769.134033 2473.596924 73 72 70 
711.410278 -773.610107 2487.992188 72 71 70 
708.209717 -774.361145 2490.407715 69 70 70 
705.688721 -775.867676 2495.252930 67 69 71 
702.473206 -776.623169 2497.682617 65 69 73 
699.251465 -777.380127 2500.116943 61 66 70 
696.023438 -778.138550 2502.556152 53 58 62 
692.789062 -778.898438 2505.000000 42 47 51 
688.875000 -778.898438 2505.000000 42 44 45 
684.960938 -778.898438 2505.000000 46 46 46 
681.046875 -778.898438 2505.000000 49 49 49 
677.132812 -778.898438 2505.000000 49 49 49 
672.561951 -778.138550 2502.556152 50 50 50 
668.000000 -777.380127 2500.116943 51 51 51 
663.446960 -776.623169 2497.682617 52 52 52 
659.544312 -776.623169 2497.682617 53 53 53 
655.641663 -776.623169 2497.682617 54 54 53 
45.328571 -474.757141 1526.857178 149 149 149 
42.866310 -473.910889 1524.135498 150 150 150 
40.293316 -471.668823 1516.924927 151 151 151 
37.923122 -471.668823 1516.924927 150 150 150 
35.385521 -469.447906 1509.782227 150 150 150 
32.453442 -461.302490 1483.585938 151 151 151 
29.824842 -456.549500 1468.299927 152 152 152 
27.530624 -456.549500 1468.299927 153 153 153 
25.035774 -452.919922 1456.626953 153 153 153 
22.567568 -449.094604 1444.324341 153 153 153 
20.310810 -449.094604 1444.324341 153 153 153 
18.054054 -449.094604 1444.324341 153 153 153 
15.797297 -449.094604 1444.324341 152 152 152 
13.540541 -449.094604 1444.324341 151 151 151 
-44.440750 -552.731812 1777.629883 131 129 131 
-46.925621 -549.305786 1766.611572 132 132 132 
-49.549450 -547.796692 1761.758301 132 132 132 
-52.051949 -545.175659 1753.328735 128 128 128 
-54.679401 -544.060059 1749.740845 125 125 125 
-57.413368 -544.060059 1749.740845 120 120 120 
-60.147339 -544.060059 1749.740845 120 120 120 
-62.881310 -544.060059 1749.740845 120 120 120 
-65.660065 -544.431396 1750.935181 117 120 115 
-68.536255 -545.548584 1754.528076 120 115 111 
-71.473251 -547.045288 1759.341553 119 102 102 
-74.222221 -547.045288 1759.341553 134 115 116 
-76.971191 -547.045288 1759.341553 129 121 120 
-79.774879 -547.420715 1760.549072 118 119 117 
-82.582420 -547.796692 1761.758301 115 118 118 
-953.946716 -708.341003 2278.081787 76 76 74 
-955.808533 -707.085083 2274.042480 76 76 74 
-957.663696 -705.833618 2270.017822 75 75 73 
-961.210632 -705.833618 2270.017822 73 72 70 
-963.904541 -705.209534 2268.010498 75 68 62 
-967.448303 -705.209534 2268.010498 72 65 60 
-970.134277 -704.586548 2266.007080 59 59 59 
-973.674927 -704.586548 2266.007080 51 56 61 
-976.353027 -703.964722 2264.007080 57 64 70 
-979.890564 -703.964722 2264.007080 68 73 78 
-984.296814 -704.586548 2266.007080 75 75 79 
-987.837463 -704.586548 2266.007080 79 75 78 
-991.378113 -704.586548 2266.007080 79 78 78 
-994.918701 -704.586548 2266.007080 77 77 75 
-997.578125 -703.964722 2264.007080 75 75 73 
-1001.115601 -703.964722 2264.007080 75 75 73 
724.931824 -751.500000 2429.090820 59 61 60 
721.136353 -751.500000 2429.090820 64 66 65 
717.340881 -751.500000 2429.090820 71 73 72 
713.545471 -751.500000 2429.090820 72 74 73 
714.335266 -764.531799 2471.213867 71 73 72 
710.473999 -764.531799 2471.213867 73 72 70 
710.720947 -768.976746 2485.581299 72 71 70 
708.209717 -770.469910 2490.407715 69 70 70 
705.002930 -771.218689 2492.827881 67 69 71 
702.473206 -772.720520 2497.682617 64 69 72 
699.251465 -773.473694 2500.116943 63 68 72 
696.023438 -774.228271 2502.556152 55 60 64 
692.789062 -774.984375 2505.000000 43 47 51 
688.875000 -774.984375 2505.000000 42 43 44 
684.960938 -774.984375 2505.000000 46 46 46 
681.046875 -774.984375 2505.000000 49 49 49 
677.132812 -774.984375 2505.000000 49 49 49 
672.561951 -774.228271 2502.556152 50 50 50 
668.000000 -773.473694 2500.116943 51 51 51 
663.446960 -772.720520 2497.682617 52 52 52 
658.902710 -771.968872 2495.252930 53 53 53 
45.328571 -472.371429 1526.857178 149 149 149 
42.840855 -471.249420 1523.230347 150 150 150 
40.293316 -469.298645 1516.924927 151 151 151 
37.923122 -469.298645 1516.924927 151 151 151 
35.385521 -467.088867 1509.782227 151 151 151 
32.453442 -458.984375 1483.585938 151 151 151 
29.807781 -453.995422 1467.459961 151 151 151 
27.514874 -453.995422 1467.459961 152 152 152 
25.021566 -450.388184 1455.800171 153 153 153 
22.567568 -446.837830 1444.324341 153 153 153 
20.310810 -446.837830 1444.324341 153 153 153 
18.054054 -446.837830 1444.324341 152 152 152 
15.797297 -446.837830 1444.324341 151 151 151 
13.540541 -446.837830 1444.324341 151 151 151 
-41.924686 -553.405884 1788.786621 135 130 134 
-44.471569 -550.335632 1778.862671 134 132 134 
-46.957958 -546.922119 1767.829102 135 135 135 
-49.549450 -545.043945 1761.758301 134 134 134 
-52.123203 -543.178650 1755.729004 130 130 130 
-54.791523 -542.436096 1753.328735 125 125 125 
-57.452560 -541.695557 1750.935181 119 119 119 
-60.188396 -541.695557 1750.935181 119 119 119 
-62.924232 -541.695557 1750.935181 119 120 119 
-65.749832 -542.436096 1753.328735 117 120 115 
-68.583160 -543.178650 1755.729004 119 114 110 
-71.522308 -544.669861 1760.549072 121 104 104 
-74.273163 -544.669861 1760.549072 134 116 116 
-77.024025 -544.669861 1760.549072 130 122 120 
-79.774879 -544.669861 1760.549072 119 120 118 
-82.582420 -545.043945 1761.758301 116 118 118 
-85.335167 -545.043945 1761.758301 115 113 116 
-952.255310 -703.531921 2274.042480 75 75 73 
-952.431091 -701.045959 2266.007080 75 75 73 
-955.127991 -700.427185 2264.007080 74 74 72 
-958.665466 -700.427185 2264.007080 72 71 69 
-962.203003 -700.427185 2264.007080 73 67 61 
-965.740540 -700.427185 2264.007080 69 63 57 
-968.423279 -699.809509 2262.010498 57 57 57 
-971.957703 -699.809509 2262.010498 53 59 63 
-975.492065 -699.809509 2262.010498 60 67 72 
-979.026428 -699.809509 2262.010498 70 75 80 
-982.560852 -699.809509 2262.010498 75 76 80 
-986.095215 -699.809509 2262.010498 78 75 78 
-989.629639 -699.809509 2262.010498 79 78 77 
-993.164001 -699.809509 2262.010498 77 77 75 
-995.820251 -699.192932 2260.017578 75 75 73 
-1000.232788 -699.809509 2262.010498 75 75 73 
724.931824 -747.704529 2429.090820 57 59 58 
721.136353 -747.704529 2429.090820 62 64 63 
716.662231 -746.997192 2426.792725 71 73 72 
712.870361 -746.997192 2426.792725 72 74 73 
709.078552 -746.997192 2426.792725 71 73 72 
714.335266 -760.670532 2471.213867 71 73 72 
710.473999 -760.670532 2471.213867 73 72 70 
708.660889 -762.875366 2478.376709 72 71 70 
707.522766 -765.835083 2487.992188 69 70 70 
704.318420 -766.578613 2490.407715 67 69 71 
701.789856 -768.070068 2495.252930 64 68 72 
699.251465 -769.567261 2500.116943 64 69 73 
696.023438 -770.318054 2502.556152 57 62 66 
692.789062 -771.070312 2505.000000 43 48 51 
688.875000 -771.070312 2505.000000 41 43 44 
684.960938 -771.070312 2505.000000 46 46 46 
681.046875 -771.070312 2505.000000 48 48 48 
677.132812 -771.070312 2505.000000 49 49 49 
672.561951 -770.318054 2502.556152 50 50 50 
667.349548 -768.817932 2497.682617 51 51 51 
663.446960 -768.817932 2497.682617 52 52 52 
659.544312 -768.817932 2497.682617 53 53 53 
45.328571 -469.985718 1526.857178 149 149 149 
42.840855 -468.869354 1523.230347 150 150 150 
40.269505 -466.652496 1516.028320 151 151 151 
37.900711 -466.652496 1516.028320 152 152 152 
35.385521 -464.729828 1509.782227 152 152 152 
29.807781 -451.702515 1467.459961 150 150 150 
27.499142 -451.444244 1466.620972 152 152 152 
24.936651 -446.592773 1450.859741 153 153 153 
22.567568 -444.581085 1444.324341 153 153 153 
20.310810 -444.581085 1444.324341 153 153 153 
18.054054 -444.581085 1444.324341 152 152 152 
15.797297 -444.581085 1444.324341 151 151 151 
13.540541 -444.581085 1444.324341 150 150 150 
-41.924686 -550.610901 1788.786621 135 131 133 
-44.502430 -547.936157 1780.097168 134 133 134 
-46.990345 -544.535156 1769.048218 135 135 135 
-49.549450 -542.291199 1761.758301 134 134 134 
-52.123203 -540.435303 1755.729004 130 130 130 
-54.829002 -540.065674 1754.528076 123 123 123 
-57.531101 -539.696533 1753.328735 117 117 117 
-60.270676 -539.696533 1753.328735 118 118 118 
-63.010254 -539.696533 1753.328735 118 118 118 
-65.794800 -540.065674 1754.528076 115 118 113 
-68.630135 -540.805481 1756.931519 120 114 110 
-71.571426 -542.291199 1761.758301 124 107 107 
-74.324173 -542.291199 1761.758301 133 115 115 
-77.076920 -542.291199 1761.758301 129 121 120 
-79.829674 -542.291199 1761.758301 120 122 120 
-82.582420 -542.291199 1761.758301 116 119 119 
-85.335167 -542.291199 1761.758301 115 113 116 
-88.087914 -542.291199 1761.758301 112 110 112 
-948.890442 -697.505310 2266.007080 74 74 72 
-949.913635 -695.661682 2260.017578 75 75 73 
-953.444946 -695.661682 2260.017578 74 74 72 
-956.976196 -695.661682 2260.017578 71 71 68 
-960.507507 -695.661682 2260.017578 72 66 59 
-964.038757 -695.661682 2260.017578 67 60 55 
-967.570068 -695.661682 2260.017578 55 55 56 
-971.101318 -695.661682 2260.017578 55 60 65 
-974.632629 -695.661682 2260.017578 62 69 75 
-978.163879 -695.661682 2260.017578 71 76 80 
-981.695129 -695.661682 2260.017578 76 76 80 
-985.226440 -695.661682 2260.017578 78 74 78 
-988.757690 -695.661682 2260.017578 76 75 75 
-992.289001 -695.661682 2260.017578 75 75 73 
-994.943665 -695.049316 2258.028076 76 76 74 
-999.351562 -695.661682 2260.017578 78 78 76 
724.931824 -743.909119 2429.090820 56 57 57 
720.454102 -743.205322 2426.792725 62 62 62 
716.662231 -743.205322 2426.792725 70 71 70 
712.196594 -742.502808 2424.499023 72 73 73 
708.408325 -742.502808 2424.499023 72 72 72 
712.703613 -751.021057 2452.313477 72 72 72 
712.961548 -755.353821 2466.461426 72 72 72 
709.107666 -755.353821 2466.461426 73 71 71 
706.612732 -756.809265 2471.213867 72 70 70 
705.470032 -759.736938 2480.773682 69 70 70 
703.635315 -761.947632 2487.992188 67 69 69 
701.789856 -764.171204 2495.252930 64 69 69 
698.570618 -764.915283 2497.682617 64 69 69 
696.023438 -766.407776 2502.556152 60 65 65 
692.113159 -766.407776 2502.556152 46 51 52 
688.875000 -767.156250 2505.000000 41 43 45 
684.960938 -767.156250 2505.000000 43 43 46 
681.046875 -767.156250 2505.000000 45 45 46 
677.132812 -767.156250 2505.000000 47 47 48 
672.561951 -766.407776 2502.556152 50 50 50 
667.349548 -764.915283 2497.682617 52 52 51 
662.801575 -764.171204 2495.252930 53 53 51 
47.742702 -467.878510 1527.766479 149 149 149 
45.301605 -467.321838 1525.948853 149 149 149 
42.815430 -466.212463 1522.326416 150 150 150 
40.245716 -464.009460 1515.132935 151 151 151 
37.878323 -464.009460 1515.132935 151 150 151 
30.013824 -452.516144 1477.603638 151 149 150 
27.280771 -445.585938 1454.974487 153 152 152 
24.936651 -444.325806 1450.859741 154 153 153 
22.567568 -442.324310 1444.324341 154 152 153 
20.310810 -442.324310 1444.324341 153 152 152 
18.054054 -442.324310 1444.324341 151 151 151 
15.797297 -442.324310 1444.324341 150 150 150 
13.540541 -442.324310 1444.324341 150 150 150 
-39.294117 -550.117676 1796.302490 138 133 132 
-42.012577 -548.964355 1792.536743 138 135 135 
-44.533333 -545.533325 1781.333374 136 136 136 
-47.087769 -542.894287 1772.715942 137 137 137 
-49.617607 -540.280579 1764.181519 136 136 136 
-52.194653 -538.429077 1758.135742 134 134 134 
-54.866531 -537.692017 1755.729004 131 131 131 
-57.570450 -537.324219 1754.528076 124 124 124 
-60.311901 -537.324219 1754.528076 120 120 120 
-63.053352 -537.324219 1754.528076 118 118 118 
-65.884933 -538.060303 1756.931519 119 119 117 
-68.677177 -538.429077 1758.135742 124 116 115 
-71.571426 -539.538452 1761.758301 123 107 109 
-74.324173 -539.538452 1761.758301 132 117 119 
-77.076920 -539.538452 1761.758301 127 123 122 
-79.829674 -539.538452 1761.758301 120 124 120 
-82.639175 -539.909302 1762.969116 117 120 118 
-85.393814 -539.909302 1762.969116 118 114 115 
-88.148453 -539.909302 1762.969116 114 111 112 
-946.382385 -692.130371 2260.017578 72 72 72 
-949.077454 -691.521118 2258.028076 73 73 72 
-952.605652 -691.521118 2258.028076 72 72 72 
-956.133789 -691.521118 2258.028076 71 70 68 
-959.661987 -691.521118 2258.028076 72 66 57 
-963.190125 -691.521118 2258.028076 65 60 55 
-966.718323 -691.521118 2258.028076 54 55 59 
-970.246460 -691.521118 2258.028076 56 63 70 
-973.774658 -691.521118 2258.028076 63 74 76 
-977.302795 -691.521118 2258.028076 71 78 76 
-980.830994 -691.521118 2258.028076 78 76 77 
-984.359131 -691.521118 2258.028076 82 72 79 
-987.887329 -691.521118 2258.028076 78 74 76 
-991.415466 -691.521118 2258.028076 75 75 75 
-994.943665 -691.521118 2258.028076 77 77 76 
-998.471863 -691.521118 2258.028076 78 78 78 
724.931824 -740.113647 2429.090820 56 56 56 
720.454102 -739.413452 2426.792725 61 61 61 
716.662231 -739.413452 2426.792725 69 69 69 
711.524109 -738.017029 2422.209717 72 72 72 
707.739380 -738.017029 2422.209717 72 72 72 
706.623718 -740.815186 2431.393311 72 72 72 
710.229858 -748.620667 2457.011475 72 72 72 
708.426514 -750.778076 2464.092285 73 71 71 
705.253845 -751.500000 2466.461426 72 70 71 
704.108093 -754.401550 2475.984619 70 70 70 
703.635315 -758.060120 2487.992188 67 70 69 
701.107849 -759.533508 2492.827881 64 69 68 
698.570618 -761.012634 2497.682617 63 69 67 
695.345032 -761.754395 2500.116943 61 67 65 
692.113159 -762.497559 2502.556152 49 54 53 
688.875000 -763.242188 2505.000000 42 43 46 
684.960938 -763.242188 2505.000000 42 41 46 
681.046875 -763.242188 2505.000000 43 43 45 
677.132812 -763.242188 2505.000000 47 47 47 
672.561951 -762.497559 2502.556152 50 50 50 
667.349548 -761.012634 2497.682617 51 51 51 
663.446960 -761.012634 2497.682617 53 53 50 
47.742702 -465.491364 1527.766479 149 149 149 
45.274673 -464.661133 1525.041626 149 149 149 
42.790035 -463.558716 1521.423462 150 150 150 
40.221958 -461.369537 1514.238525 151 151 151 
37.855961 -461.369537 1514.238525 151 150 151 
35.343914 -459.470886 1508.007080 151 149 150 
27.203619 -442.058838 1450.859741 154 152 153 
24.936651 -442.058838 1450.859741 155 153 154 
22.567568 -440.067566 1444.324341 154 152 153 
20.310810 -440.067566 1444.324341 153 151 152 
18.054054 -440.067566 1444.324341 151 150 151 
15.797297 -440.067566 1444.324341 150 150 150 
13.540541 -440.067566 1444.324341 150 150 150 
-39.321655 -547.694458 1797.561279 136 135 134 
-42.041958 -546.545471 1793.790161 134 137 137 
-44.595272 -543.504883 1783.810791 134 136 136 
-47.152943 -540.871948 1775.169556 137 137 137 
-49.651756 -537.894043 1765.395752 138 138 138 
-52.230453 -536.049377 1759.341553 137 137 137 
-54.904110 -535.315063 1756.931519 133 133 133 
-57.609856 -534.948669 1755.729004 125 125 125 
-60.353184 -534.948669 1755.729004 121 121 121 
-63.096508 -534.948669 1755.729004 120 120 120 
-65.884933 -535.315063 1756.931519 122 121 120 
-68.724281 -536.049377 1759.341553 125 115 116 
-71.620621 -537.154663 1762.969116 119 104 107 
-74.375259 -537.154663 1762.969116 129 115 117 
-77.129898 -537.154663 1762.969116 125 123 122 
-79.884537 -537.154663 1762.969116 119 125 121 
-82.696014 -537.524048 1764.181519 117 120 117 
-85.452545 -537.524048 1764.181519 120 114 114 
-88.209076 -537.524048 1764.181519 114 111 111 
-945.549316 -687.992981 2258.028076 71 71 71 
-949.077454 -687.992981 2258.028076 71 71 71 
-952.605652 -687.992981 2258.028076 71 71 71 
-956.133789 -687.992981 2258.028076 70 69 68 
-959.661987 -687.992981 2258.028076 70 65 55 
-963.190125 -687.992981 2258.028076 63 59 54 
-966.718323 -687.992981 2258.028076 55 56 62 
-970.246460 -687.992981 2258.028076 59 65 74 
-973.774658 -687.992981 2258.028076 66 76 77 
-977.302795 -687.992981 2258.028076 72 79 73 
-980.830994 -687.992981 2258.028076 79 77 75 
-984.359131 -687.992981 2258.028076 82 73 79 
-987.887329 -687.992981 2258.028076 78 74 78 
-991.415466 -687.992981 2258.028076 76 76 76 
-994.943665 -687.992981 2258.028076 77 77 77 
-998.471863 -687.992981 2258.028076 78 78 78 
728.727295 -736.318176 2429.090820 56 56 56 
724.931824 -736.318176 2429.090820 57 57 57 
720.454102 -735.621582 2426.792725 60 60 60 
716.662231 -735.621582 2426.792725 67 67 67 
711.524109 -734.232300 2422.209717 71 71 71 
707.739380 -734.232300 2422.209717 72 72 72 
705.954529 -736.318176 2429.090820 72 72 72 
704.159546 -738.415955 2436.011475 72 72 72 
704.366760 -742.647583 2449.971436 73 71 71 
703.900208 -746.211121 2461.727539 72 70 71 
701.400024 -747.646179 2466.461426 70 70 70 
700.239380 -750.532837 2475.984619 67 70 69 
701.107849 -755.638489 2492.827881 65 70 68 
699.251465 -757.847961 2500.116943 62 68 66 
695.345032 -757.847961 2500.116943 60 66 64 
692.113159 -758.587341 2502.556152 51 57 55 
688.202942 -758.587341 2502.556152 43 44 48 
684.960938 -759.328125 2505.000000 42 41 46 
681.046875 -759.328125 2505.000000 43 43 45 
677.132812 -759.328125 2505.000000 47 47 47 
672.561951 -758.587341 2502.556152 49 49 49 
668.651733 -758.587341 2502.556152 51 51 50 
47.742702 -463.104218 1527.766479 149 149 149 
45.274673 -462.278229 1525.041626 149 149 149 
42.790035 -461.181488 1521.423462 150 150 150 
40.221958 -459.003540 1514.238525 151 151 151 
37.700176 -457.114624 1508.007080 152 150 151 
35.343914 -457.114624 1508.007080 152 150 151 
32.929577 -456.309845 1505.352173 152 150 151 
27.705069 -447.898621 1477.603638 154 152 153 
24.936651 -439.791870 1450.859741 155 153 154 
22.567568 -437.810822 1444.324341 154 152 153 
20.310810 -437.810822 1444.324341 153 151 152 
18.054054 -437.810822 1444.324341 151 150 151 
15.797297 -437.810822 1444.324341 150 150 150 
13.540541 -437.810822 1444.324341 150 150 150 
-39.321655 -544.885803 1797.561279 132 135 135 
-42.041958 -543.742676 1793.790161 129 136 137 
-44.626305 -541.093933 1785.052246 132 135 136 
-47.185596 -538.470886 1776.398926 136 136 136 
-49.651756 -535.135559 1765.395752 137 137 137 
-52.230453 -533.300415 1759.341553 136 136 136 
-54.904110 -532.569885 1756.931519 132 132 132 
-57.649315 -532.569885 1756.931519 125 125 125 
-60.394520 -532.569885 1756.931519 118 118 118 
-63.139725 -532.569885 1756.931519 115 115 115 
-65.930092 -532.934875 1758.135742 119 117 116 
-68.771446 -533.666443 1760.549072 123 113 114 
-71.669876 -534.767517 1764.181519 120 105 108 
-74.426407 -534.767517 1764.181519 132 117 120 
-77.182945 -534.767517 1764.181519 127 124 123 
-79.939476 -534.767517 1764.181519 119 125 121 
-82.696014 -534.767517 1764.181519 117 120 117 
-85.452545 -534.767517 1764.181519 120 114 114 
-88.269783 -535.135559 1765.395752 114 111 111 
-942.021118 -684.464783 2258.028076 72 72 72 
-945.549316 -684.464783 2258.028076 71 71 71 
-948.242737 -683.862793 2256.042236 71 71 71 
-951.767822 -683.862793 2256.042236 71 71 71 
-955.292908 -683.862793 2256.042236 69 68 67 
-959.661987 -684.464783 2258.028076 66 64 53 
-963.190125 -684.464783 2258.028076 59 58 51 
-966.718323 -684.464783 2258.028076 58 58 64 
-970.246460 -684.464783 2258.028076 66 68 78 
-973.774658 -684.464783 2258.028076 71 75 78 
-976.443298 -683.862793 2256.042236 75 77 73 
-979.968323 -683.862793 2256.042236 78 78 75 
-983.493408 -683.862793 2256.042236 79 75 79 
-987.887329 -684.464783 2258.028076 77 75 78 
-991.415466 -684.464783 2258.028076 76 76 76 
-994.068604 -683.862793 2256.042236 77 77 77 
-998.471863 -684.464783 2258.028076 78 78 78 
728.727295 -732.522705 2429.090820 56 56 56 
724.931824 -732.522705 2429.090820 56 56 56 
721.136353 -732.522705 2429.090820 59 59 59 
716.662231 -731.829712 2426.792725 65 65 65 
712.196594 -731.138000 2424.499023 71 71 71 
708.408325 -731.138000 2424.499023 72 72 72 
705.954529 -732.522705 2429.090820 72 72 72 
703.491455 -733.912720 2433.700195 72 72 72 
701.686035 -736.007629 2440.646973 73 71 71 
701.879456 -740.233521 2454.660400 71 70 71 
700.053772 -742.364685 2461.727539 69 70 70 
697.546143 -743.792297 2466.461426 68 70 69 
696.370667 -746.664124 2475.984619 65 70 69 
692.113159 -754.677063 2502.556152 53 59 57 
688.202942 -754.677063 2502.556152 44 46 49 
684.960938 -755.414062 2505.000000 42 41 45 
681.046875 -755.414062 2505.000000 43 43 45 
677.132812 -755.414062 2505.000000 47 46 47 
673.218750 -755.414062 2505.000000 49 49 49 
47.742702 -460.717102 1527.766479 150 150 150 
45.274673 -459.895355 1525.041626 149 149 149 
42.790035 -458.804260 1521.423462 150 150 150 
40.221958 -456.637543 1514.238525 151 151 151 
37.700176 -454.758392 1508.007080 152 151 152 
35.281689 -453.957733 1505.352173 153 151 152 
32.775700 -451.836456 1498.317749 153 151 152 
24.936651 -437.524902 1450.859741 155 152 153 
22.669683 -437.524902 1450.859741 154 152 153 
20.310810 -435.554047 1444.324341 153 151 152 
18.054054 -435.554047 1444.324341 151 150 151 
15.797297 -435.554047 1444.324341 150 150 150 
13.540541 -435.554047 1444.324341 150 150 150 
-42.130344 -542.077087 1797.561279 130 133 136 
-44.657383 -538.679688 1786.295288 132 135 136 
-47.218296 -536.066528 1777.629883 134 135 135 
-49.651756 -532.377136 1765.395752 133 133 133 
-52.266300 -530.915588 1760.549072 129 130 130 
-54.941742 -530.187805 1758.135742 126 127 127 
-57.649315 -529.824646 1756.931519 123 124 124 
-60.394520 -529.824646 1756.931519 117 118 118 
-63.183002 -530.187805 1758.135742 117 118 118 
-65.930092 -530.187805 1758.135742 120 118 117 
-68.818680 -531.280212 1761.758301 122 113 114 
-71.719200 -532.377136 1765.395752 120 105 108 
-74.477631 -532.377136 1765.395752 132 118 121 
-77.236061 -532.377136 1765.395752 127 124 123 
-79.994492 -532.377136 1765.395752 119 124 121 
-82.752922 -532.377136 1765.395752 117 120 117 
-85.511353 -532.377136 1765.395752 120 114 114 
-88.269783 -532.377136 1765.395752 114 111 111 
-942.021118 -680.936646 2258.028076 72 72 72 
-944.717651 -680.337708 2256.042236 70 70 70 
-948.242737 -680.337708 2256.042236 70 70 70 
-951.767822 -680.337708 2256.042236 70 70 70 
-955.292908 -680.337708 2256.042236 68 68 67 
-958.817932 -680.337708 2256.042236 63 64 53 
-963.190125 -680.936646 2258.028076 55 56 50 
-966.718323 -680.936646 2258.028076 60 60 66 
-970.246460 -680.936646 2258.028076 71 71 81 
-972.918213 -680.337708 2256.042236 75 74 78 
-976.443298 -680.337708 2256.042236 76 76 73 
-979.107178 -679.739868 2254.059814 77 78 75 
-983.493408 -680.337708 2256.042236 76 76 79 
-987.018494 -680.337708 2256.042236 76 76 78 
-990.543518 -680.337708 2256.042236 76 76 76 
-994.068604 -680.337708 2256.042236 77 77 77 
728.727295 -728.727295 2429.090820 55 55 55 
724.931824 -728.727295 2429.090820 56 56 56 
721.136353 -728.727295 2429.090820 58 58 58 
716.662231 -728.037842 2426.792725 63 63 63 
712.196594 -727.349731 2424.499023 70 70 70 
708.408325 -727.349731 2424.499023 74 74 74 
705.954529 -728.727295 2429.090820 73 73 73 
702.824646 -729.418030 2431.393311 71 71 71 
701.019043 -731.498108 2438.326904 70 71 70 
698.537170 -732.891418 2442.971436 70 71 70 
698.044006 -736.398071 2454.660400 69 71 70 
696.207275 -738.518250 2461.727539 68 71 70 
693.692322 -739.938477 2466.461426 66 69 68 
47.742702 -458.329956 1527.766479 150 150 150 
45.274673 -457.512482 1525.041626 149 149 149 
42.790035 -456.427032 1521.423462 150 150 150 
40.221958 -454.271545 1514.238525 151 151 151 
37.700176 -452.402130 1508.007080 151 152 150 
35.281689 -451.605621 1505.352173 152 153 151 
32.756569 -449.232941 1497.443115 153 152 151 
30.577465 -451.605621 1505.352173 153 151 151 
27.962791 -447.404663 1491.348877 154 151 150 
24.936651 -435.257904 1450.859741 155 151 151 
22.669683 -435.257904 1450.859741 156 149 150 
20.310810 -433.297302 1444.324341 156 149 150 
18.054054 -433.297302 1444.324341 153 149 150 
15.797297 -433.297302 1444.324341 150 149 150 
13.540541 -433.297302 1444.324341 150 149 149 
11.283784 -433.297302 1444.324341 150 148 149 
-47.218296 -533.289001 1777.629883 128 132 134 
-49.685951 -529.983459 1766.611572 125 129 131 
-52.266300 -528.164734 1760.549072 122 126 128 
-54.941742 -527.440735 1758.135742 120 124 126 
-57.649315 -527.079468 1756.931519 119 123 125 
-60.394520 -527.079468 1756.931519 120 124 125 
-63.183002 -527.440735 1758.135742 119 123 124 
-65.975311 -527.802490 1759.341553 118 122 120 
-68.818680 -528.527466 1761.758301 120 115 114 
-71.719200 -529.618713 1765.395752 119 104 107 
-74.477631 -529.618713 1765.395752 133 116 120 
-77.236061 -529.618713 1765.395752 130 122 123 
-79.994492 -529.618713 1765.395752 123 123 121 
-82.809921 -529.983459 1766.611572 119 119 117 
-85.570251 -529.983459 1766.611572 119 114 114 
-88.330582 -529.983459 1766.611572 114 111 112 
-1246.933350 -1068.800049 3562.666748 74 72 70 
-1252.500000 -1068.800049 3562.666748 73 72 72 
-1263.094116 -1049.844482 3499.481689 74 74 73 
-1268.562134 -1049.844482 3499.481689 75 74 72 
-938.492981 -677.408447 2258.028076 73 72 71 
-941.192627 -676.812683 2256.042236 72 71 70 
-944.717651 -676.812683 2256.042236 71 70 69 
-947.409485 -676.217957 2254.059814 71 71 69 
-950.931458 -676.217957 2254.059814 71 70 69 
-955.292908 -676.812683 2256.042236 69 68 66 
-958.817932 -676.812683 2256.042236 63 61 58 
-962.343018 -676.812683 2256.042236 54 54 52 
-965.868103 -676.812683 2256.042236 60 62 64 
-969.393127 -676.812683 2256.042236 68 73 75 
-972.918213 -676.812683 2256.042236 71 76 75 
-975.585266 -676.217957 2254.059814 73 77 74 
-979.107178 -676.217957 2254.059814 75 76 75 
-982.629150 -676.217957 2254.059814 76 75 76 
-987.018494 -676.812683 2256.042236 75 76 76 
-990.543518 -676.812683 2256.042236 75 76 75 
-994.068604 -676.812683 2256.042236 75 76 76 
729.418030 -725.618958 2431.393311 55 55 55 
724.931824 -724.931824 2429.090820 57 57 57 
721.136353 -724.931824 2429.090820 58 58 58 
717.340881 -724.931824 2429.090820 61 61 61 
712.870361 -724.245972 2426.792725 69 69 69 
709.078552 -724.245972 2426.792725 74 74 74 
705.954529 -724.931824 2429.090820 73 73 73 
702.824646 -725.618958 2431.393311 71 71 71 
699.688782 -726.307373 2433.700195 69 71 70 
697.872498 -728.380615 2440.646973 69 71 70 
697.376648 -731.862305 2452.313477 69 71 70 
695.539795 -733.967407 2459.367188 69 71 70 
693.692322 -736.084595 2466.461426 67 69 68 
47.742702 -455.942810 1527.766479 150 150 150 
45.274673 -455.129608 1525.041626 150 150 150 
42.815430 -454.319275 1522.326416 151 151 151 
40.221958 -451.905548 1514.238525 151 151 151 
37.700176 -450.045868 1508.007080 150 153 150 
35.281689 -449.253510 1505.352173 152 154 151 
32.737457 -446.632446 1496.569458 154 153 151 
30.577465 -449.253510 1505.352173 154 152 150 
27.962791 -445.074432 1491.348877 155 151 150 
24.936651 -432.990936 1450.859741 155 151 150 
22.669683 -432.990936 1450.859741 157 149 150 
20.310810 -431.040527 1444.324341 158 149 150 
18.054054 -431.040527 1444.324341 155 150 151 
15.797297 -431.040527 1444.324341 152 149 150 
13.540541 -431.040527 1444.324341 151 149 150 
11.283784 -431.040527 1444.324341 151 148 149 
-49.995842 -530.511414 1777.629883 125 124 126 
-52.446281 -527.223145 1766.611572 125 124 126 
-54.941742 -524.693604 1758.135742 124 123 125 
-57.688828 -524.693604 1758.135742 123 122 124 
-60.435917 -524.693604 1758.135742 124 124 126 
-63.226337 -525.053528 1759.341553 121 121 123 
-65.975311 -525.053528 1759.341553 117 121 119 
-68.818680 -525.774719 1761.758301 118 115 113 
-71.719200 -526.860291 1765.395752 119 104 107 
-74.477631 -526.860291 1765.395752 134 116 120 
-77.289253 -527.223145 1766.611572 132 121 123 
-80.049583 -527.223145 1766.611572 124 122 121 
-82.809921 -527.223145 1766.611572 120 119 117 
-85.570251 -527.223145 1766.611572 119 115 114 
-88.391457 -527.586487 1767.829102 115 112 112 
-1246.933350 -1063.233276 3562.666748 76 74 74 
-1250.762817 -1061.758667 3557.725342 75 75 75 
-1256.321777 -1061.758667 3557.725342 75 75 75 
-1261.880737 -1061.758667 3557.725342 75 75 75 
-1263.094116 -1044.376587 3499.481689 76 76 76 
-1266.833740 -1042.953735 3494.713867 79 78 76 
-1272.294312 -1042.953735 3494.713867 80 79 77 
-937.667542 -673.287598 2256.042236 73 72 70 
-941.192627 -673.287598 2256.042236 73 72 70 
-943.887512 -672.695984 2254.059814 72 71 69 
-947.409485 -672.695984 2254.059814 72 71 69 
-950.931458 -672.695984 2254.059814 71 70 68 
-954.453430 -672.695984 2254.059814 68 67 65 
-958.817932 -673.287598 2256.042236 62 59 59 
-962.343018 -673.287598 2256.042236 56 54 55 
-965.868103 -673.287598 2256.042236 60 64 63 
-969.393127 -673.287598 2256.042236 66 74 71 
-972.918213 -673.287598 2256.042236 68 77 74 
-975.585266 -672.695984 2254.059814 71 77 75 
-979.107178 -672.695984 2254.059814 74 75 75 
-982.629150 -672.695984 2254.059814 77 74 75 
-987.018494 -673.287598 2256.042236 75 75 75 
-990.543518 -673.287598 2256.042236 74 76 75 
729.418030 -721.819885 2431.393311 55 55 55 
725.618958 -721.819885 2431.393311 57 57 57 
721.136353 -721.136353 2429.090820 58 58 58 
717.340881 -721.136353 2429.090820 61 61 61 
712.870361 -720.454102 2426.792725 68 68 68 
709.078552 -720.454102 2426.792725 72 72 72 
705.954529 -721.136353 2429.090820 73 73 73 
702.159119 -721.136353 2429.090820 72 72 72 
699.025574 -721.819885 2431.393311 70 71 70 
696.546997 -723.190857 2436.011475 69 71 70 
696.710632 -727.335266 2449.971436 69 71 70 
695.539795 -730.124634 2459.367188 69 71 70 
47.742702 -453.555695 1527.766479 151 151 151 
45.274673 -452.746735 1525.041626 151 151 151 
42.815430 -451.940643 1522.326416 151 151 151 
40.245716 -449.805084 1515.132935 152 152 152 
37.700176 -447.689606 1508.007080 151 153 151 
35.281689 -446.901398 1505.352173 153 154 152 
32.814034 -445.333344 1500.070190 155 154 152 
30.577465 -446.901398 1505.352173 154 153 151 
27.962791 -442.744202 1491.348877 156 152 151 
24.936651 -430.723969 1450.859741 157 152 151 
22.669683 -430.723969 1450.859741 159 151 151 
20.310810 -428.783783 1444.324341 160 150 151 
18.054054 -428.783783 1444.324341 157 150 152 
15.797297 -428.783783 1444.324341 156 150 152 
13.540541 -428.783783 1444.324341 155 149 151 
11.283784 -428.783783 1444.324341 154 149 151 
-52.446281 -524.462830 1766.611572 133 126 125 
-54.941742 -521.946533 1758.135742 132 125 124 
-57.688828 -521.946533 1758.135742 130 123 122 
-60.435917 -521.946533 1758.135742 129 122 121 
-63.226337 -522.304504 1759.341553 125 119 117 
-66.020592 -522.663025 1760.549072 118 120 117 
-68.818680 -523.021973 1761.758301 118 115 113 
-71.719200 -524.101868 1765.395752 119 104 107 
-74.528923 -524.462830 1766.611572 134 116 120 
-77.289253 -524.462830 1766.611572 132 121 123 
-80.049583 -524.462830 1766.611572 124 122 121 
-82.866989 -524.824280 1767.829102 120 119 117 
-85.629219 -524.824280 1767.829102 119 115 114 
-88.391457 -524.824280 1767.829102 115 113 113 
-1248.667603 -1059.137695 3567.621582 78 77 77 
-1252.500000 -1057.666626 3562.666748 78 78 78 
-1256.321777 -1056.199707 3557.725342 78 78 78 
-1261.880737 -1056.199707 3557.725342 78 78 78 
-1267.439697 -1056.199707 3557.725342 77 77 77 
-1269.477173 -1053.277954 3547.883789 77 77 77 
-1271.503418 -1050.372437 3538.096436 77 77 77 
-1268.284912 -1043.178101 3513.863037 78 78 77 
-1268.562134 -1038.908569 3499.481689 81 80 79 
-1272.294312 -1037.493164 3494.713867 82 81 79 
-1277.754761 -1037.493164 3494.713867 82 81 79 
-937.667542 -669.762512 2256.042236 74 73 71 
-941.192627 -669.762512 2256.042236 73 72 70 
-943.887512 -669.174011 2254.059814 72 71 69 
-947.409485 -669.174011 2254.059814 72 71 69 
-950.931458 -669.174011 2254.059814 70 69 67 
-954.453430 -669.174011 2254.059814 66 65 63 
-957.975403 -669.174011 2254.059814 61 58 58 
-962.343018 -669.762512 2256.042236 58 57 57 
-965.868103 -669.762512 2256.042236 62 66 65 
-969.393127 -669.762512 2256.042236 66 74 71 
-972.063293 -669.174011 2254.059814 67 76 73 
-975.585266 -669.174011 2254.059814 70 76 74 
-979.107178 -669.174011 2254.059814 73 74 74 
-982.629150 -669.174011 2254.059814 76 73 74 
-987.018494 -669.762512 2256.042236 74 74 74 
729.418030 -718.020874 2431.393311 55 55 55 
725.618958 -718.020874 2431.393311 57 57 57 
721.819885 -718.020874 2431.393311 57 57 57 
717.340881 -717.340881 2429.090820 61 61 61 
712.870361 -716.662231 2426.792725 67 67 67 
709.078552 -716.662231 2426.792725 71 71 71 
705.286682 -716.662231 2426.792725 73 73 73 
702.159119 -717.340881 2429.090820 72 72 72 
698.363647 -717.340881 2429.090820 70 71 71 
694.568176 -717.340881 2429.090820 69 71 70 
692.740723 -719.384644 2436.011475 69 71 70 
692.882507 -723.507141 2449.971436 69 71 70 
47.714287 -450.899994 1526.857178 151 151 151 
45.274673 -450.363861 1525.041626 151 151 151 
42.790035 -449.295380 1521.423462 152 152 152 
40.245716 -447.437683 1515.132935 153 153 153 
37.700176 -445.333344 1508.007080 152 154 152 
35.281689 -444.549286 1505.352173 153 155 152 
32.929577 -444.549286 1505.352173 155 155 153 
30.577465 -444.549286 1505.352173 155 153 152 
27.962791 -440.413940 1491.348877 157 153 152 
24.936651 -428.457001 1450.859741 158 153 153 
22.669683 -428.457001 1450.859741 160 152 153 
20.310810 -426.527039 1444.324341 161 152 153 
18.054054 -426.527039 1444.324341 160 152 153 
15.797297 -426.527039 1444.324341 159 151 153 
13.540541 -426.527039 1444.324341 158 150 153 
11.283784 -426.527039 1444.324341 157 150 152 
-52.446281 -521.702454 1766.611572 133 129 124 
-54.941742 -519.199463 1758.135742 133 128 124 
-57.688828 -519.199463 1758.135742 130 125 121 
-60.477367 -519.555542 1759.341553 128 123 118 
-63.226337 -519.555542 1759.341553 122 118 114 
-66.020592 -519.912170 1760.549072 117 120 115 
-68.865982 -520.626831 1762.969116 118 115 113 
-71.768593 -521.702454 1766.611572 119 105 107 
-74.528923 -521.702454 1766.611572 134 116 120 
-77.289253 -521.702454 1766.611572 132 121 123 
-80.104759 -522.062012 1767.829102 124 122 120 
-82.866989 -522.062012 1767.829102 120 119 117 
-85.629219 -522.062012 1767.829102 120 115 114 
-88.452415 -522.422058 1769.048218 116 113 113 
-1252.150635 -1056.502075 3577.573242 80 80 78 
-1254.242065 -1053.563232 3567.621582 80 81 80 
-1259.816406 -1053.563232 3567.621582 80 81 80 
-1263.633301 -1052.099976 3562.666748 80 81 80 
-1267.439697 -1050.640747 3557.725342 79 79 79 
-1269.477173 -1047.734497 3547.883789 79 79 79 
-1275.020752 -1047.734497 3547.883789 79 79 79 
-1277.031738 -1044.844116 3538.096436 79 79 79 
-1273.775391 -1037.687622 3513.863037 80 80 78 
-1274.030029 -1033.440674 3499.481689 81 80 78 
-1276.016357 -1030.628540 3489.959229 81 80 78 
-1279.728271 -1029.228271 3485.217285 81 80 78 
-937.667542 -666.237488 2256.042236 75 74 72 
-941.192627 -666.237488 2256.042236 74 73 71 
-943.887512 -665.652039 2254.059814 73 72 70 
-947.409485 -665.652039 2254.059814 72 71 69 
-950.931458 -665.652039 2254.059814 69 68 66 
-954.453430 -665.652039 2254.059814 65 63 61 
-957.975403 -665.652039 2254.059814 59 56 56 
-961.497375 -665.652039 2254.059814 60 59 59 
-965.019348 -665.652039 2254.059814 64 68 66 
-968.541321 -665.652039 2254.059814 66 73 71 
-972.063293 -665.652039 2254.059814 67 75 73 
-974.728699 -665.067627 2252.080811 69 75 73 
-978.247559 -665.067627 2252.080811 72 73 73 
-982.629150 -665.652039 2254.059814 75 72 73 
-987.018494 -666.237488 2256.042236 73 73 73 
725.618958 -714.221802 2431.393311 56 56 56 
721.819885 -714.221802 2431.393311 56 56 56 
717.340881 -713.545471 2429.090820 60 60 60 
712.870361 -712.870361 2426.792725 66 66 66 
708.408325 -712.196594 2424.499023 71 71 71 
704.620056 -712.196594 2424.499023 73 73 73 
701.494812 -712.870361 2426.792725 72 72 72 
697.702942 -712.870361 2426.792725 72 72 72 
693.911072 -712.870361 2426.792725 72 72 72 
690.772705 -713.545471 2429.090820 71 72 71 
687.628418 -714.221802 2431.393311 70 71 71 
47.714287 -448.514282 1526.857178 152 152 152 
45.247772 -447.714783 1524.135498 152 152 152 
42.790035 -446.918152 1521.423462 153 153 153 
40.221958 -444.807556 1514.238525 154 154 154 
37.700176 -442.977081 1508.007080 153 154 154 
35.281689 -442.197174 1505.352173 155 155 154 
32.929577 -442.197174 1505.352173 156 156 155 
30.577465 -442.197174 1505.352173 157 156 156 
28.225351 -442.197174 1505.352173 157 156 156 
25.164383 -430.082184 1464.109619 157 156 156 
22.669683 -426.190033 1450.859741 158 156 156 
20.402716 -426.190033 1450.859741 159 155 156 
18.054054 -424.270264 1444.324341 159 156 155 
15.797297 -424.270264 1444.324341 159 155 155 
13.540541 -424.270264 1444.324341 158 155 154 
11.283784 -424.270264 1444.324341 157 154 153 
-49.685951 -518.942139 1766.611572 130 132 132 
-52.302197 -517.516479 1761.758301 131 133 132 
-54.979424 -516.806580 1759.341553 130 131 131 
-57.728394 -516.806580 1759.341553 124 126 126 
-60.477367 -516.806580 1759.341553 122 123 123 
-63.269733 -517.161316 1760.549072 118 120 119 
-66.020592 -517.161316 1760.549072 119 120 117 
-68.865982 -517.872192 1762.969116 121 114 112 
-71.768593 -518.942139 1766.611572 121 106 107 
-74.528923 -518.942139 1766.611572 133 118 118 
-77.289253 -518.942139 1766.611572 128 122 120 
-80.104759 -519.299805 1767.829102 123 123 119 
-82.866989 -519.299805 1767.829102 121 119 116 
-85.688278 -519.657959 1769.048218 122 114 112 
-1258.193237 -1070.318237 3643.636475 74 81 75 
-1263.886353 -1070.318237 3643.636475 78 79 75 
-1257.740601 -1050.912109 3577.573242 80 83 75 
-1259.816406 -1047.988892 3567.621582 80 83 77 
-1263.633301 -1046.533325 3562.666748 79 82 78 
-1269.199951 -1046.533325 3562.666748 78 81 77 
-1272.998657 -1045.081787 3557.725342 79 80 78 
-1273.259644 -1040.751343 3542.983398 80 80 80 
-1275.272705 -1037.884277 3533.223145 81 79 82 
-1273.775391 -1032.197266 3513.863037 80 79 79 
-1274.030029 -1027.972656 3499.481689 79 79 77 
-1274.282593 -1023.782593 3485.217285 79 79 77 
-1277.991821 -1022.393494 3480.488525 79 79 77 
-1283.430176 -1022.393494 3480.488525 80 79 77 
-937.667542 -662.712402 2256.042236 75 75 72 
-941.192627 -662.712402 2256.042236 75 74 70 
-943.887512 -662.130066 2254.059814 75 72 68 
-947.409485 -662.130066 2254.059814 73 71 66 
-950.931458 -662.130066 2254.059814 69 66 60 
-954.453430 -662.130066 2254.059814 62 61 53 
-957.975403 -662.130066 2254.059814 55 55 52 
-961.497375 -662.130066 2254.059814 58 60 60 
-965.019348 -662.130066 2254.059814 65 69 68 
-968.541321 -662.130066 2254.059814 68 73 71 
-971.209839 -661.548706 2252.080811 69 74 72 
-974.728699 -661.548706 2252.080811 70 73 72 
-977.389465 -660.968445 2250.105225 72 72 72 
-981.766479 -661.548706 2252.080811 74 71 72 
721.136353 -709.750000 2429.090820 56 56 56 
717.340881 -709.750000 2429.090820 59 59 59 
712.196594 -708.408325 2424.499023 64 64 64 
708.408325 -708.408325 2424.499023 71 71 71 
703.954651 -707.739380 2422.209717 72 72 72 
700.831787 -708.408325 2424.499023 72 72 72 
696.385254 -707.739380 2422.209717 73 73 73 
693.255188 -708.408325 2424.499023 73 73 73 
690.119202 -709.078552 2426.792725 72 72 72 
687.628418 -710.422729 2431.393311 71 71 71 
47.714287 -446.128571 1526.857178 152 152 152 
45.220901 -445.068878 1523.230347 152 152 152 
42.790035 -444.540924 1521.423462 153 153 153 
40.221958 -442.441559 1514.238525 154 154 154 
37.700176 -440.620819 1508.007080 153 153 153 
35.281689 -439.845062 1505.352173 154 154 154 
32.929577 -439.845062 1505.352173 157 157 157 
30.577465 -439.845062 1505.352173 159 159 159 
28.225351 -439.845062 1505.352173 158 158 158 
25.164383 -427.794525 1464.109619 157 157 157 
22.669683 -423.923065 1450.859741 157 157 157 
20.402716 -423.923065 1450.859741 157 157 157 
18.054054 -422.013519 1444.324341 158 157 156 
15.797297 -422.013519 1444.324341 158 157 155 
13.540541 -422.013519 1444.324341 157 156 154 
11.283784 -422.013519 1444.324341 157 156 154 
-52.302197 -514.763733 1761.758301 127 128 129 
-54.979424 -514.057617 1759.341553 128 128 130 
-57.728394 -514.057617 1759.341553 123 124 126 
-60.477367 -514.057617 1759.341553 122 122 124 
-63.269733 -514.410461 1760.549072 120 121 122 
-66.020592 -514.410461 1760.549072 122 120 118 
-68.865982 -515.117554 1762.969116 122 112 110 
-71.768593 -516.181824 1766.611572 122 106 106 
-74.528923 -516.181824 1766.611572 134 119 119 
-77.289253 -516.181824 1766.611572 127 123 119 
-80.104759 -516.537537 1767.829102 122 124 118 
-82.924141 -516.893799 1769.048218 121 120 115 
-1258.193237 -1064.625000 3643.636475 62 78 79 
-1263.886353 -1064.625000 3643.636475 67 80 79 
-1257.740601 -1045.322144 3577.573242 82 81 75 
-1261.571045 -1043.866333 3572.590576 82 80 76 
-1263.633301 -1040.966675 3562.666748 80 78 76 
-1269.199951 -1040.966675 3562.666748 80 79 77 
-1272.998657 -1039.522827 3557.725342 80 80 79 
-1273.259644 -1035.215454 3542.983398 80 80 80 
-1275.272705 -1032.363647 3533.223145 79 80 82 
-1273.775391 -1026.706909 3513.863037 79 80 79 
-1274.030029 -1022.504761 3499.481689 79 79 77 
-1274.282593 -1018.336975 3485.217285 79 79 77 
-1277.991821 -1016.955200 3480.488525 79 79 77 
-1283.430176 -1016.955200 3480.488525 80 80 78 
-941.192627 -659.187317 2256.042236 76 75 70 
-944.717651 -659.187317 2256.042236 76 73 68 
-947.409485 -658.608093 2254.059814 73 70 64 
-950.931458 -658.608093 2254.059814 68 65 57 
-954.453430 -658.608093 2254.059814 61 59 49 
-957.975403 -658.608093 2254.059814 54 56 51 
-961.497375 -658.608093 2254.059814 58 62 61 
-965.019348 -658.608093 2254.059814 67 71 70 
-967.690979 -658.029846 2252.080811 68 72 71 
-971.209839 -658.029846 2252.080811 69 73 72 
-973.873657 -657.452637 2250.105225 71 73 72 
-977.389465 -657.452637 2250.105225 72 72 72 
-980.905273 -657.452637 2250.105225 73 71 72 
721.136353 -705.954529 2429.090820 55 55 55 
717.340881 -705.954529 2429.090820 57 57 57 
712.196594 -704.620056 2424.499023 62 62 62 
707.071716 -703.290588 2419.924561 69 69 69 
703.290588 -703.290588 2419.924561 72 72 72 
700.169983 -703.954651 2422.209717 72 72 72 
696.385254 -703.954651 2422.209717 73 73 73 
693.255188 -704.620056 2424.499023 73 73 73 
47.685902 -443.478882 1525.948853 152 152 152 
45.220901 -442.688843 1523.230347 152 152 152 
42.764671 -441.901611 1520.521606 153 153 153 
40.221958 -440.075562 1514.238525 154 154 154 
37.700176 -438.264557 1508.007080 155 155 155 
35.281689 -437.492950 1505.352173 156 156 156 
32.929577 -437.492950 1505.352173 156 156 156 
30.577465 -437.492950 1505.352173 156 156 156 
27.962791 -433.423248 1491.348877 156 156 156 
25.164383 -425.506836 1464.109619 156 156 156 
22.669683 -421.656097 1450.859741 156 156 156 
20.402716 -421.656097 1450.859741 156 156 156 
18.054054 -419.756744 1444.324341 157 156 155 
15.797297 -419.756744 1444.324341 157 156 154 
13.540541 -419.756744 1444.324341 157 156 154 
11.283784 -419.756744 1444.324341 156 155 153 
-54.979424 -511.308655 1759.341553 128 125 122 
-57.728394 -511.308655 1759.341553 124 120 118 
-60.477367 -511.308655 1759.341553 124 121 119 
-63.269733 -511.659576 1760.549072 124 121 119 
-66.020592 -511.659576 1760.549072 125 121 117 
-68.865982 -512.362915 1762.969116 123 111 109 
-71.768593 -513.421509 1766.611572 123 104 105 
-74.528923 -513.421509 1766.611572 136 120 120 
-77.342522 -513.775330 1767.829102 128 124 120 
-80.160004 -514.129639 1769.048218 121 124 118 
-98.373070 -522.782593 1798.821899 128 126 127 
-101.183731 -522.782593 1798.821899 129 127 128 
-103.994392 -522.782593 1798.821899 129 127 128 
-1258.193237 -1058.931763 3643.636475 37 63 76 
-1263.886353 -1058.931763 3643.636475 45 72 82 
-1257.740601 -1039.732178 3577.573242 72 79 79 
-1261.571045 -1038.284180 3572.590576 76 80 80 
-1263.633301 -1035.400024 3562.666748 77 79 80 
-1269.199951 -1035.400024 3562.666748 79 79 80 
-1271.235474 -1032.531860 3552.797852 80 80 80 
-1273.259644 -1029.679565 3542.983398 80 80 80 
-1275.272705 -1026.843018 3533.223145 80 80 79 
-1273.775391 -1021.216431 3513.863037 80 80 78 
-1272.294312 -1015.651245 3494.713867 80 80 78 
-1274.282593 -1012.891296 3485.217285 80 80 78 
-1277.991821 -1011.516968 3480.488525 80 80 78 
-944.717651 -655.662292 2256.042236 76 74 69 
-948.242737 -655.662292 2256.042236 73 70 64 
-951.767822 -655.662292 2256.042236 67 64 56 
-954.453430 -655.086121 2254.059814 60 58 47 
-957.975403 -655.086121 2254.059814 56 58 53 
-961.497375 -655.086121 2254.059814 61 65 64 
-965.019348 -655.086121 2254.059814 68 72 71 
-967.690979 -654.510986 2252.080811 68 72 71 
-971.209839 -654.510986 2252.080811 69 72 71 
-973.873657 -653.936829 2250.105225 71 73 72 
-976.532898 -653.363708 2248.133301 72 72 72 
-980.905273 -653.936829 2250.105225 73 71 72 
717.340881 -702.159119 2429.090820 56 56 56 
711.524109 -700.169983 2422.209717 61 61 61 
707.071716 -699.509460 2419.924561 68 68 68 
702.627686 -698.850159 2417.643799 72 72 72 
700.169983 -700.169983 2422.209717 72 72 72 
47.685902 -441.094574 1525.948853 152 152 152 
45.194065 -440.047485 1522.326416 152 152 152 
42.764671 -439.525787 1520.521606 153 153 153 
40.198231 -437.451324 1513.345093 154 154 154 
37.700176 -435.908295 1508.007080 156 156 156 
35.281689 -435.140839 1505.352173 156 156 156 
32.929577 -435.140839 1505.352173 156 156 156 
30.577465 -435.140839 1505.352173 155 155 155 
27.962791 -431.093018 1491.348877 155 155 155 
25.164383 -423.219177 1464.109619 155 155 155 
22.669683 -419.389130 1450.859741 155 155 155 
20.402716 -419.389130 1450.859741 155 155 155 
18.054054 -417.500000 1444.324341 156 156 154 
15.797297 -417.500000 1444.324341 157 156 154 
13.540541 -417.500000 1444.324341 156 155 153 
11.283784 -417.500000 1444.324341 155 154 152 
-57.728394 -508.559662 1759.341553 129 123 118 
-60.477367 -508.559662 1759.341553 131 125 120 
-63.269733 -508.908722 1760.549072 132 126 121 
-66.020592 -508.908722 1760.549072 131 124 120 
-68.865982 -509.608246 1762.969116 124 111 110 
-71.768593 -510.661163 1766.611572 122 102 103 
-74.528923 -510.661163 1766.611572 137 119 119 
-77.342522 -511.013092 1767.829102 127 124 120 
-98.304138 -519.607544 1797.561279 128 126 127 
-101.183731 -519.971924 1798.821899 129 127 128 
-103.994392 -519.971924 1798.821899 129 127 128 
-1258.193237 -1053.238647 3643.636475 15 41 61 
-1263.886353 -1053.238647 3643.636475 19 50 73 
-1264.192383 -1048.769409 3628.175293 23 58 82 
-1269.861328 -1048.769409 3628.175293 32 67 76 
-1259.497192 -1035.586548 3582.569824 41 74 75 
-1261.571045 -1032.701904 3572.590576 51 80 79 
-1263.633301 -1029.833374 3562.666748 59 83 80 
-1269.199951 -1029.833374 3562.666748 69 82 82 
-1271.235474 -1026.980591 3552.797852 76 81 82 
-1273.259644 -1024.143677 3542.983398 80 80 79 
-1275.272705 -1021.322327 3533.223145 83 79 77 
-1273.775391 -1015.726013 3513.863037 82 79 78 
-1272.294312 -1010.190735 3494.713867 81 80 79 
-1272.553589 -1006.078674 3480.488525 81 81 79 
-1277.991821 -1006.078674 3480.488525 81 81 79 
-951.767822 -652.137207 2256.042236 66 63 55 
-955.292908 -652.137207 2256.042236 58 56 47 
-958.817932 -652.137207 2256.042236 57 60 55 
-962.343018 -652.137207 2256.042236 64 68 67 
-965.019348 -651.564148 2254.059814 69 72 71 
-967.690979 -650.992126 2252.080811 68 71 70 
-970.357910 -650.421082 2250.105225 69 72 71 
-973.020142 -649.851013 2248.133301 71 73 72 
-976.532898 -649.851013 2248.133301 72 72 72 
-980.905273 -650.421082 2250.105225 73 71 72 
717.340881 -698.363647 2429.090820 56 56 56 
711.524109 -696.385254 2422.209717 60 60 60 
707.071716 -695.728333 2419.924561 67 67 67 
702.627686 -695.072571 2417.643799 72 72 72 
47.657551 -438.449463 1525.041626 152 152 152 
45.194065 -437.668854 1522.326416 152 152 152 
42.764671 -437.149963 1520.521606 153 153 153 
40.198231 -435.086731 1513.345093 153 153 153 
37.700176 -433.552032 1508.007080 154 153 153 
35.281689 -432.788727 1505.352173 155 154 153 
32.929577 -432.788727 1505.352173 156 155 153 
30.577465 -432.788727 1505.352173 156 156 154 
28.225351 -432.788727 1505.352173 157 156 155 
25.632559 -428.762787 1491.348877 157 156 155 
22.669683 -417.122162 1450.859741 157 156 155 
20.402716 -417.122162 1450.859741 157 156 155 
18.054054 -415.243256 1444.324341 157 156 152 
15.797297 -415.243256 1444.324341 156 155 151 
13.540541 -415.243256 1444.324341 156 155 151 
11.283784 -415.243256 1444.324341 156 155 151 
-60.518875 -506.157867 1760.549072 134 131 128 
-63.269733 -506.157867 1760.549072 135 132 129 
-66.020592 -506.157867 1760.549072 133 130 126 
-68.865982 -506.853607 1762.969116 125 114 112 
-71.719200 -507.551270 1765.395752 121 104 104 
-74.528923 -507.900818 1766.611572 136 121 120 
-77.342522 -508.250854 1767.829102 127 124 121 
-92.298676 -514.635010 1790.034912 114 114 114 
-95.361794 -516.075562 1795.045532 122 121 121 
-98.166550 -516.075562 1795.045532 128 127 128 
-101.183731 -517.161316 1798.821899 129 128 129 
-104.067368 -517.524231 1800.084229 129 128 129 
-1259.982910 -1049.035522 3648.819336 13 23 35 
-1263.886353 -1047.545410 3643.636475 12 22 46 
-1264.192383 -1043.100464 3628.175293 15 27 60 
-1269.861328 -1043.100464 3628.175293 16 40 72 
-1268.354492 -1037.232056 3607.763672 19 50 75 
-1265.094971 -1029.988770 3582.569824 27 61 77 
-1265.390869 -1025.691284 3567.621582 35 72 80 
-1269.199951 -1024.266724 3562.666748 46 76 80 
-1271.235474 -1021.429382 3552.797852 58 81 81 
-1273.259644 -1018.607727 3542.983398 67 83 80 
-1275.272705 -1015.801636 3533.223145 71 80 75 
-1273.775391 -1010.235596 3513.863037 78 77 77 
-1272.294312 -1004.730225 3494.713867 83 78 80 
-1272.553589 -1000.640442 3480.488525 82 78 78 
-1277.991821 -1000.640442 3480.488525 85 82 79 
-958.817932 -648.612122 2256.042236 59 62 59 
-962.343018 -648.612122 2256.042236 67 71 69 
-965.019348 -648.042175 2254.059814 71 73 71 
-967.690979 -647.473206 2252.080811 71 72 71 
-970.357910 -646.905273 2250.105225 71 72 71 
-973.020142 -646.338318 2248.133301 72 72 71 
-976.532898 -646.338318 2248.133301 73 72 71 
-980.045593 -646.338318 2248.133301 74 71 71 
47.629234 -435.807495 1524.135498 152 152 152 
45.167259 -435.032043 1521.423462 152 152 152 
42.739338 -434.516602 1519.620850 153 153 153 
40.198231 -432.722137 1513.345093 153 153 153 
37.700176 -431.195770 1508.007080 154 153 152 
35.281689 -430.436615 1505.352173 154 153 151 
32.929577 -430.436615 1505.352173 155 154 152 
30.577465 -430.436615 1505.352173 156 155 153 
28.225351 -430.436615 1505.352173 157 156 154 
25.632559 -426.432556 1491.348877 158 157 155 
22.669683 -414.855194 1450.859741 158 157 155 
20.402716 -414.855194 1450.859741 158 157 154 
18.054054 -412.986481 1444.324341 156 155 151 
15.797297 -412.986481 1444.324341 156 155 150 
13.540541 -412.986481 1444.324341 156 155 150 
11.283784 -412.986481 1444.324341 156 155 150 
-60.518875 -503.407013 1760.549072 133 132 130 
-63.269733 -503.407013 1760.549072 134 133 131 
-66.020592 -503.407013 1760.549072 133 132 128 
-68.818680 -503.752747 1761.758301 124 115 113 
-71.719200 -504.792847 1765.395752 121 106 106 
-74.528923 -505.140503 1766.611572 136 122 121 
-77.342522 -505.488617 1767.829102 127 125 121 
-83.268700 -507.939056 1776.398926 119 121 121 
-85.984772 -507.587555 1775.169556 122 115 120 
-88.819946 -507.939056 1776.398926 117 113 116 
-92.427673 -512.553467 1792.536743 114 114 114 
-95.428574 -513.630249 1796.302490 122 122 122 
-98.235291 -513.630249 1796.302490 128 128 128 
-101.183731 -514.350647 1798.821899 129 129 129 
-104.067368 -514.711609 1800.084229 129 129 129 
-1261.777832 -1044.820557 3654.017090 15 15 21 
-1263.886353 -1041.852295 3643.636475 10 9 26 
-1265.983032 -1038.900879 3633.314453 11 9 36 
-1271.660034 -1038.900879 3633.314453 7 18 48 
-1270.140869 -1033.047852 3612.844971 5 26 53 
-1266.864380 -1025.823730 3587.580322 10 35 58 
-1267.153198 -1021.537598 3572.590576 16 45 65 
-1269.199951 -1018.700012 3562.666748 23 54 71 
-1272.998657 -1017.287109 3557.725342 32 64 77 
-1275.020752 -1014.473022 3547.883789 40 72 82 
-1275.272705 -1010.281006 3533.223145 44 76 82 
-1273.775391 -1004.745178 3513.863037 53 78 81 
-1274.030029 -1000.632996 3499.481689 65 82 83 
-1272.553589 -995.202148 3480.488525 73 80 79 
-1277.991821 -995.202148 3480.488525 81 79 77 
-962.343018 -645.087097 2256.042236 70 74 70 
-965.019348 -644.520203 2254.059814 73 74 72 
-968.541321 -644.520203 2254.059814 73 73 71 
-971.209839 -643.954346 2252.080811 73 73 71 
-973.873657 -643.389465 2250.105225 73 72 70 
-976.532898 -642.825623 2248.133301 74 72 70 
-981.766479 -643.954346 2252.080811 75 71 70 
47.600948 -433.168640 1523.230347 152 152 152 
45.140488 -432.398346 1520.521606 153 153 153 
42.714031 -431.886322 1518.721191 153 153 153 
40.174530 -430.103760 1512.452881 154 154 154 
37.678024 -428.587555 1507.121094 154 153 152 
35.323151 -428.587555 1507.121094 154 153 151 
32.929577 -428.084503 1505.352173 155 154 152 
30.577465 -428.084503 1505.352173 156 155 153 
28.225351 -428.084503 1505.352173 157 156 154 
25.632559 -424.102325 1491.348877 157 156 154 
22.669683 -412.588226 1450.859741 157 156 154 
20.402716 -412.588226 1450.859741 157 156 153 
18.054054 -410.729736 1444.324341 155 154 150 
15.797297 -410.729736 1444.324341 155 154 149 
13.540541 -410.729736 1444.324341 155 154 149 
11.283784 -410.729736 1444.324341 155 154 149 
-60.518875 -500.656158 1760.549072 134 133 131 
-63.269733 -500.656158 1760.549072 134 133 131 
-66.020592 -500.656158 1760.549072 133 131 127 
-68.818680 -501.000000 1761.758301 123 115 112 
-71.719200 -502.034424 1765.395752 121 106 106 
-74.528923 -502.380157 1766.611572 137 123 122 
-77.663666 -504.813843 1775.169556 127 125 122 
-80.493073 -505.163422 1776.398926 120 125 122 
-83.268700 -505.163422 1776.398926 119 121 121 
-86.044319 -505.163422 1776.398926 122 115 120 
-95.495445 -511.181488 1797.561279 123 123 123 
-98.304138 -511.181488 1797.561279 129 129 129 
-101.254738 -511.898956 1800.084229 129 129 129 
-104.140450 -512.258423 1801.348267 129 129 129 
-1261.777832 -1039.111084 3654.017090 16 16 19 
-1263.886353 -1036.159058 3643.636475 12 10 19 
-1265.983032 -1033.223755 3633.314453 8 6 20 
-1271.660034 -1033.223755 3633.314453 4 11 22 
-1270.140869 -1027.402832 3612.844971 2 14 26 
-1266.864380 -1020.218201 3587.580322 5 17 34 
-1267.153198 -1015.955444 3572.590576 9 22 43 
-1269.199951 -1013.133362 3562.666748 10 28 52 
-1272.998657 -1011.728149 3557.725342 11 35 60 
-1275.020752 -1008.929443 3547.883789 15 45 69 
-1278.795532 -1007.535889 3542.983398 19 56 78 
-1275.522583 -1000.625488 3518.683105 25 68 82 
-1274.030029 -995.165100 3499.481689 38 77 86 
-1279.497925 -995.165100 3499.481689 51 77 83 
-968.541321 -640.998230 2254.059814 74 74 72 
-972.063293 -640.998230 2254.059814 74 74 72 
-974.728699 -640.435486 2252.080811 74 73 71 
-978.247559 -640.435486 2252.080811 75 73 71 
47.600948 -430.788605 1523.230347 153 153 153 
45.140488 -430.022522 1520.521606 153 153 153 
42.714031 -429.513336 1518.721191 154 154 154 
40.174530 -427.740570 1512.452881 155 154 154 
37.678024 -426.232666 1507.121094 154 154 152 
35.323151 -426.232666 1507.121094 154 153 152 
27.962791 -421.772095 1491.348877 156 155 153 
25.396313 -417.884796 1477.603638 156 155 153 
22.669683 -410.321259 1450.859741 156 155 153 
20.402716 -410.321259 1450.859741 156 155 153 
18.054054 -408.472961 1444.324341 155 154 150 
15.797297 -408.472961 1444.324341 154 153 148 
13.540541 -408.472961 1444.324341 154 153 148 
11.283784 -408.472961 1444.324341 154 153 149 
-60.518875 -497.905273 1760.549072 135 134 132 
-63.269733 -497.905273 1760.549072 135 134 132 
-66.020592 -497.905273 1760.549072 132 131 126 
-68.818680 -498.247253 1761.758301 123 114 111 
-71.768593 -499.619843 1766.611572 121 106 106 
-80.604713 -503.084595 1778.862671 120 125 122 
-83.268700 -502.387817 1776.398926 119 121 121 
-86.283333 -503.783325 1781.333374 122 115 120 
-95.562416 -508.729309 1798.821899 123 123 123 
-98.373070 -508.729309 1798.821899 130 130 130 
-101.325844 -509.443817 1801.348267 130 129 129 
-104.140450 -509.443817 1801.348267 129 129 129 
-1259.657104 -1036.354248 3664.457031 18 16 18 
-1259.982910 -1031.931763 3648.819336 17 15 17 
-1263.886353 -1030.465942 3643.636475 15 12 16 
-1265.983032 -1027.546753 3633.314453 11 9 12 
-1271.660034 -1027.546753 3633.314453 6 8 10 
-1270.140869 -1021.757751 3612.844971 4 7 11 
-1266.864380 -1014.612610 3587.580322 5 7 15 
-1267.153198 -1010.373291 3572.590576 7 8 21 
-1269.199951 -1007.566650 3562.666748 8 10 27 
-1272.998657 -1006.169189 3557.725342 8 13 33 
-1278.557617 -1006.169189 3557.725342 8 19 42 
-1280.793335 -999.239685 3533.223145 10 38 69 
-1274.030029 -989.697144 3499.481689 15 50 78 
-1279.497925 -989.697144 3499.481689 21 60 78 
-972.918213 -638.036926 2256.042236 74 74 72 
-976.443298 -638.036926 2256.042236 74 74 72 
47.600948 -428.408539 1523.230347 153 151 152 
45.140488 -427.646698 1520.521606 153 152 153 
42.714031 -427.140320 1518.721191 154 153 154 
40.174530 -425.377350 1512.452881 155 154 154 
37.678024 -423.877777 1507.121094 155 154 154 
35.323151 -423.877777 1507.121094 155 154 154 
27.962791 -419.441864 1491.348877 155 155 154 
25.396313 -415.576050 1477.603638 155 154 154 
22.669683 -408.054291 1450.859741 155 154 154 
20.402716 -408.054291 1450.859741 155 154 154 
18.054054 -406.216217 1444.324341 155 153 153 
15.797297 -406.216217 1444.324341 155 153 152 
13.540541 -406.216217 1444.324341 155 153 152 
11.283784 -406.216217 1444.324341 155 153 152 
-60.518875 -495.154419 1760.549072 135 134 132 
-63.226337 -494.814819 1759.341553 135 134 131 
-66.020592 -495.154419 1760.549072 133 132 124 
-68.818680 -495.494507 1761.758301 123 115 108 
-83.500000 -501.000000 1781.333374 119 122 120 
-95.696632 -506.629211 1801.348267 125 124 123 
-98.511238 -506.629211 1801.348267 131 130 129 
-101.325844 -506.629211 1801.348267 130 130 128 
-104.140450 -506.629211 1801.348267 130 130 128 
-1266.597412 -1041.038940 3701.471924 17 15 19 
-1257.860229 -1029.158325 3659.229736 16 15 19 
-1258.193237 -1024.772705 3643.636475 15 14 18 
-1260.305908 -1021.869690 3633.314453 14 12 16 
-1265.983032 -1021.869690 3633.314453 11 9 14 
-1268.354492 -1014.683533 3607.763672 7 5 12 
-1261.571045 -1004.791077 3572.590576 8 4 12 
-1265.390869 -1003.393616 3567.621582 9 4 13 
-1269.199951 -1002.000000 3562.666748 9 4 14 
-1274.766724 -1002.000000 3562.666748 8 4 15 
47.629234 -426.281647 1524.135498 153 151 152 
45.167259 -425.523132 1521.423462 153 151 152 
42.739338 -425.018951 1519.620850 154 152 153 
40.174530 -423.014160 1512.452881 155 153 154 
37.678024 -421.522919 1507.121094 155 154 154 
35.323151 -421.522919 1507.121094 155 155 155 
27.962791 -417.111633 1491.348877 154 154 154 
25.396313 -413.267273 1477.603638 154 154 154 
22.669683 -405.787323 1450.859741 154 154 154 
20.402716 -405.787323 1450.859741 154 154 154 
18.054054 -403.959473 1444.324341 155 153 154 
15.797297 -403.959473 1444.324341 155 153 154 
13.540541 -403.959473 1444.324341 155 153 154 
11.283784 -403.959473 1444.324341 155 153 154 
-60.477367 -492.065857 1759.341553 136 135 133 
-63.183002 -491.728577 1758.135742 134 133 131 
-65.975311 -492.065857 1759.341553 133 132 123 
-68.818680 -492.741760 1761.758301 124 116 108 
-95.696632 -503.814606 1801.348267 126 125 123 
-98.511238 -503.814606 1801.348267 131 130 128 
-101.325844 -503.814606 1801.348267 131 130 128 
-1264.463135 -1038.251831 3712.185303 18 18 18 
-1253.931396 -1024.902832 3664.457031 17 17 20 
-1252.500000 -1019.079529 3643.636475 17 16 21 
-1254.628906 -1016.192627 3633.314453 16 15 21 
-1260.305908 -1016.192627 3633.314453 14 13 19 
-1265.983032 -1016.192627 3633.314453 13 12 18 
-1266.279297 -1011.892822 3617.940674 11 13 18 
-1255.988892 -999.208923 3572.590576 10 12 17 
-1259.816406 -997.819214 3567.621582 9 9 15 
-1265.390869 -997.819214 3567.621582 10 7 14 
-1270.965210 -997.819214 3567.621582 13 5 14 
47.629234 -423.900177 1524.135498 153 151 152 
45.167259 -423.145905 1521.423462 153 151 152 
42.739338 -422.644562 1519.620850 154 152 153 
40.174530 -420.650940 1512.452881 155 153 154 
37.678024 -419.168030 1507.121094 154 154 154 
35.323151 -419.168030 1507.121094 154 154 154 
27.962791 -414.781403 1491.348877 154 154 154 
25.396313 -410.958527 1477.603638 154 154 154 
22.669683 -403.520355 1450.859741 154 154 154 
20.402716 -403.520355 1450.859741 154 154 154 
18.054054 -401.702698 1444.324341 155 153 154 
15.797297 -401.702698 1444.324341 155 153 154 
13.540541 -401.702698 1444.324341 155 153 154 
11.283784 -401.702698 1444.324341 155 153 154 
-60.435917 -488.981506 1758.135742 136 135 133 
-63.183002 -488.981506 1758.135742 134 133 131 
-65.975311 -489.316864 1759.341553 133 132 123 
-68.818680 -489.989014 1761.758301 125 117 108 
-1248.205688 -1019.177124 3664.457031 19 19 20 
-1246.806763 -1013.386353 3643.636475 19 18 21 
-1248.951904 -1010.515564 3633.314453 18 17 23 
-1252.854370 -1009.086304 3628.175293 18 17 23 
-1254.973145 -1006.239746 3617.940674 17 16 22 
-1248.301636 -996.402222 3582.569824 17 16 22 
-1250.406738 -993.626770 3572.590576 13 17 19 
-1254.242065 -992.244812 3567.621582 13 17 17 
-1261.571045 -993.626770 3572.590576 14 16 17 
47.600948 -421.268402 1523.230347 153 151 152 
45.167259 -420.768677 1521.423462 154 151 152 
42.764671 -420.519257 1520.521606 154 152 153 
40.174530 -418.287750 1512.452881 155 153 154 
37.678024 -416.813171 1507.121094 154 153 153 
35.323151 -416.813171 1507.121094 153 153 153 
27.962791 -412.451172 1491.348877 154 154 154 
25.396313 -408.649780 1477.603638 154 154 154 
22.669683 -401.253387 1450.859741 154 154 154 
20.402716 -401.253387 1450.859741 154 154 154 
18.054054 -399.445953 1444.324341 155 153 154 
15.797297 -399.445953 1444.324341 155 153 154 
13.540541 -399.445953 1444.324341 155 153 154 
11.283784 -399.445953 1444.324341 155 153 154 
9.027027 -399.445953 1444.324341 153 151 152 
-60.435917 -486.234406 1758.135742 136 135 133 
-63.183002 -486.234406 1758.135742 134 134 131 
-65.930092 -486.234406 1758.135742 133 132 123 
-1242.479980 -1013.451416 3664.457031 22 21 20 
-1241.113647 -1007.693176 3643.636475 21 20 21 
-1243.274780 -1004.838501 3633.314453 20 20 23 
-1247.185303 -1003.417236 3628.175293 20 19 24 
-1249.320190 -1000.586731 3617.940674 20 19 25 
-1239.242310 -988.044556 3572.590576 20 19 25 
-1241.366699 -985.299988 3562.666748 20 19 25 
-1246.933350 -985.299988 3562.666748 18 19 18 
47.600948 -418.888367 1523.230347 154 151 152 
45.167259 -418.391449 1521.423462 156 151 153 
42.764671 -418.143463 1520.521606 156 152 153 
40.174530 -415.924530 1512.452881 156 152 153 
37.678024 -414.458282 1507.121094 154 153 152 
35.323151 -414.458282 1507.121094 154 153 152 
28.225351 -413.971832 1505.352173 154 154 152 
25.396313 -406.341003 1477.603638 155 154 153 
22.669683 -398.986420 1450.859741 155 154 153 
20.402716 -398.986420 1450.859741 155 154 153 
13.540541 -397.189178 1444.324341 154 154 154 
11.283784 -397.189178 1444.324341 154 154 154 
9.027027 -397.189178 1444.324341 154 153 153 
-63.139725 -483.156158 1756.931519 135 134 133 
-65.930092 -483.487335 1758.135742 136 131 124 
-1241.113647 -1002.000000 3643.636475 26 20 23 
-1243.274780 -999.161499 3633.314453 25 19 25 
-1243.667114 -994.933716 3617.940674 23 19 22 
-1233.660156 -982.462402 3572.590576 22 19 22 
-1235.800049 -979.733337 3562.666748 21 19 24 
-1237.927979 -977.019409 3552.797852 21 20 25 
47.600948 -416.508301 1523.230347 154 152 152 
45.167259 -416.014221 1521.423462 155 152 153 
42.764671 -415.767639 1520.521606 155 152 153 
40.174530 -413.561310 1512.452881 155 152 153 
37.678024 -412.103394 1507.121094 154 153 152 
35.323151 -412.103394 1507.121094 154 153 151 
33.241707 -415.521332 1519.620850 154 153 151 
30.867298 -415.521332 1519.620850 154 153 151 
28.225351 -411.619720 1505.352173 155 154 152 
25.396313 -404.032257 1477.603638 155 154 152 
22.669683 -396.719452 1450.859741 155 154 152 
20.402716 -396.719452 1450.859741 155 154 152 
13.540541 -394.932434 1444.324341 154 154 154 
11.283784 -394.932434 1444.324341 154 154 154 
9.027027 -394.932434 1444.324341 154 154 154 
-63.139725 -480.410950 1756.931519 135 134 134 
-65.884933 -480.410950 1756.931519 137 130 124 
-1229.790771 -978.242676 3577.573242 25 19 21 
-1231.944336 -975.521545 3567.621582 23 19 20 
-1232.376709 -971.468140 3552.797852 21 19 23 
-1237.927979 -971.468140 3552.797852 20 19 24 
47.600948 -414.128265 1523.230347 153 152 152 
45.167259 -413.637024 1521.423462 154 152 153 
42.764671 -413.391815 1520.521606 154 152 153 
40.174530 -411.198120 1512.452881 154 152 153 
37.678024 -409.748535 1507.121094 154 153 152 
35.323151 -409.748535 1507.121094 154 153 151 
33.241707 -413.146912 1519.620850 154 153 151 
30.867298 -413.146912 1519.620850 154 153 151 
28.225351 -409.267609 1505.352173 155 154 152 
25.396313 -401.723511 1477.603638 155 154 152 
22.876713 -398.054810 1464.109619 155 154 152 
20.589041 -398.054810 1464.109619 155 154 152 
13.540541 -392.675690 1444.324341 154 154 154 
11.283784 -392.675690 1444.324341 154 154 154 
9.027027 -392.675690 1444.324341 154 154 154 
-1229.790771 -972.652710 3577.573242 28 23 22 
-1226.825439 -965.916870 3552.797852 26 23 21 
-1228.972412 -963.248596 3542.983398 23 22 23 
-1232.805542 -961.919983 3538.096436 22 21 23 
47.600948 -411.748230 1523.230347 153 152 152 
45.167259 -411.259796 1521.423462 153 153 153 
42.739338 -410.772522 1519.620850 153 153 153 
40.174530 -408.834900 1512.452881 153 153 153 
37.655903 -407.154419 1506.236084 154 153 152 
35.302406 -407.154419 1506.236084 154 153 151 
33.241707 -410.772522 1519.620850 154 153 151 
28.225351 -406.915497 1505.352173 155 154 152 
25.396313 -399.414734 1477.603638 155 154 152 
22.876713 -395.767120 1464.109619 155 154 152 
20.589041 -395.767120 1464.109619 155 154 152 
13.540541 -390.418915 1444.324341 154 154 154 
11.283784 -390.418915 1444.324341 154 154 154 
9.027027 -390.418915 1444.324341 154 154 154 
-1225.128662 -959.037354 3547.883789 31 28 24 
-1212.228882 -944.664856 3494.713867 28 26 24 
-1217.689331 -944.664856 3494.713867 26 24 24 
47.600948 -409.368164 1523.230347 154 153 152 
45.140488 -408.640198 1520.521606 154 153 152 
42.739338 -408.398102 1519.620850 154 153 152 
40.174530 -406.471710 1512.452881 154 153 152 
37.633804 -404.563385 1505.352173 152 151 151 
35.281689 -404.563385 1505.352173 151 150 150 
28.492891 -408.398102 1519.620850 154 152 152 
25.632559 -400.799988 1491.348877 154 153 153 
22.876713 -393.479462 1464.109619 154 153 153 
20.589041 -393.479462 1464.109619 154 153 153 
13.540541 -388.162170 1444.324341 154 153 152 
11.283784 -388.162170 1444.324341 154 153 152 
9.027027 -388.162170 1444.324341 152 152 150 
-1206.768433 -939.204346 3494.713867 39 32 27 
-1210.579590 -937.926514 3489.959229 39 27 26 
-1209.450562 -932.849792 3471.069092 37 24 25 
47.572701 -406.746582 1522.326416 154 153 151 
45.140488 -406.264374 1520.521606 154 153 151 
42.739338 -406.023712 1519.620850 154 153 151 
40.174530 -404.108490 1512.452881 154 153 151 
37.633804 -402.211273 1505.352173 152 150 151 
35.281689 -402.211273 1505.352173 151 149 150 
25.632559 -398.469757 1491.348877 154 152 153 
22.876713 -391.191772 1464.109619 154 152 153 
20.402716 -387.651581 1450.859741 154 152 153 
18.135746 -387.651581 1450.859741 154 153 152 
15.797297 -385.905396 1444.324341 154 153 151 
13.540541 -385.905396 1444.324341 154 153 151 
11.283784 -385.905396 1444.324341 154 153 151 
9.027027 -385.905396 1444.324341 152 151 149 
-1214.041504 -947.950195 3547.883789 46 47 37 
-1199.673462 -932.473450 3489.959229 44 43 34 
-1205.126587 -932.473450 3489.959229 44 39 33 
-1210.579590 -932.473450 3489.959229 44 34 32 
-1209.450562 -927.426270 3471.069092 44 30 31 
-1200.256714 -916.267395 3429.304932 35 28 29 
47.572701 -404.367950 1522.326416 154 153 151 
45.140488 -403.888550 1520.521606 154 153 151 
42.739338 -403.649292 1519.620850 154 153 151 
40.174530 -401.745270 1512.452881 154 153 151 
37.633804 -399.859161 1505.352173 153 151 151 
35.281689 -399.859161 1505.352173 151 149 150 
25.632559 -396.139526 1491.348877 154 152 153 
22.876713 -388.904114 1464.109619 154 152 153 
20.402716 -385.384613 1450.859741 154 152 153 
18.135746 -385.384613 1450.859741 154 153 152 
15.797297 -383.648651 1444.324341 154 153 151 
13.540541 -383.648651 1444.324341 154 153 151 
11.283784 -383.648651 1444.324341 154 153 151 
9.027027 -383.648651 1444.324341 153 152 150 
-1188.767334 -927.020386 3489.959229 60 51 43 
-1192.597778 -925.760864 3485.217285 53 50 42 
-1198.043457 -925.760864 3485.217285 47 45 39 
-1204.027100 -922.002686 3471.069092 46 40 38 
-1194.898438 -910.909119 3429.304932 45 37 38 
-1200.256714 -910.909119 3429.304932 42 36 36 
47.600948 -402.228027 1523.230347 154 153 151 
45.140488 -401.512756 1520.521606 154 153 151 
42.739338 -401.274872 1519.620850 154 153 151 
40.174530 -399.382080 1512.452881 154 153 151 
37.633804 -397.507050 1505.352173 153 152 151 
35.281689 -397.507050 1505.352173 152 150 151 
25.632559 -393.809296 1491.348877 154 152 153 
22.876713 -386.616425 1464.109619 154 152 153 
20.402716 -383.117645 1450.859741 154 152 153 
18.135746 -383.117645 1450.859741 154 153 152 
15.797297 -381.391907 1444.324341 154 153 151 
13.540541 -381.391907 1444.324341 154 153 151 
11.283784 -381.391907 1444.324341 154 153 151 
9.027027 -381.391907 1444.324341 154 153 151 
-1183.314331 -921.567322 3489.959229 91 62 54 
-1185.541382 -919.066467 3480.488525 78 57 50 
-1190.979614 -919.066467 3480.488525 65 51 46 
-1196.417969 -919.066467 3480.488525 57 47 44 
-1187.951904 -904.341797 3424.726318 53 44 45 
47.600948 -399.847992 1523.230347 154 153 151 
45.167259 -399.373657 1521.423462 154 153 151 
42.739338 -398.900482 1519.620850 154 153 151 
40.150856 -396.784912 1511.561523 154 153 151 
37.633804 -395.154938 1505.352173 154 153 151 
35.281689 -395.154938 1505.352173 153 152 151 
25.632559 -391.479065 1491.348877 154 153 152 
22.876713 -384.328766 1464.109619 154 153 152 
20.402716 -380.850677 1450.859741 154 153 152 
18.135746 -380.850677 1450.859741 154 153 151 
15.797297 -379.135132 1444.324341 154 153 151 
13.540541 -379.135132 1444.324341 154 153 151 
11.283784 -379.135132 1444.324341 154 153 151 
9.027027 -379.135132 1444.324341 153 152 150 
-1176.260864 -914.869568 3485.217285 110 93 82 
-1180.103149 -913.628235 3480.488525 104 83 69 
-1183.934937 -912.390259 3475.772461 97 72 58 
-1189.365845 -912.390259 3475.772461 89 61 47 
-1193.179932 -911.155640 3471.069092 83 55 45 
-1184.181763 -900.192505 3429.304932 75 51 46 
-1187.951904 -898.990662 3424.726318 67 48 49 
47.629234 -397.704102 1524.135498 154 153 151 
45.167259 -396.996429 1521.423462 154 153 151 
42.739338 -396.526062 1519.620850 154 153 151 
40.150856 -394.423096 1511.561523 154 153 151 
37.633804 -392.802826 1505.352173 155 154 152 
35.281689 -392.802826 1505.352173 154 153 151 
25.632559 -389.148834 1491.348877 154 153 151 
23.087557 -385.562225 1477.603638 154 153 151 
20.402716 -378.583710 1450.859741 154 153 151 
18.135746 -378.583710 1450.859741 154 153 151 
15.797297 -376.878387 1444.324341 154 153 151 
13.540541 -376.878387 1444.324341 154 153 151 
11.283784 -376.878387 1444.324341 154 153 151 
9.027027 -376.878387 1444.324341 153 152 150 
-1170.815186 -909.423889 3485.217285 108 107 105 
-1174.664917 -908.189941 3480.488525 110 107 99 
-1178.504028 -906.959351 3475.772461 109 100 89 
-1183.934937 -906.959351 3475.772461 110 93 81 
-1189.365845 -906.959351 3475.772461 109 84 71 
-1189.959473 -903.287476 3461.700439 104 73 61 
-1184.181763 -894.834229 3429.304932 94 65 55 
47.657551 -395.557678 1525.041626 154 153 151 
45.167259 -394.619232 1521.423462 154 153 151 
42.739338 -394.151672 1519.620850 154 153 151 
40.174530 -392.292450 1512.452881 154 153 151 
37.633804 -390.450714 1505.352173 155 154 152 
35.281689 -390.450714 1505.352173 155 154 152 
25.632559 -386.818604 1491.348877 154 153 151 
23.087557 -383.253448 1477.603638 154 153 151 
20.402716 -376.316742 1450.859741 154 153 151 
18.135746 -376.316742 1450.859741 154 153 151 
15.797297 -374.621613 1444.324341 154 153 151 
13.540541 -374.621613 1444.324341 154 153 151 
11.283784 -374.621613 1444.324341 154 153 151 
9.027027 -374.621613 1444.324341 153 152 150 
-1165.369507 -903.978271 3485.217285 112 112 110 
-1169.226562 -902.751709 3480.488525 112 112 110 
-1173.073120 -901.528442 3475.772461 109 111 107 
-1178.504028 -901.528442 3475.772461 108 107 102 
-1186.151367 -899.091919 3466.378418 113 101 97 
-1180.401611 -890.666687 3433.895508 113 92 85 
47.685902 -393.408691 1525.948853 155 154 152 
45.194065 -392.474792 1522.326416 154 153 151 
42.764671 -392.009491 1520.521606 154 153 151 
40.174530 -389.929260 1512.452881 154 153 151 
37.633804 -388.098602 1505.352173 156 155 153 
35.281689 -388.098602 1505.352173 155 154 152 
25.632559 -384.488373 1491.348877 154 153 151 
23.087557 -380.944702 1477.603638 154 153 151 
20.402716 -374.049774 1450.859741 154 153 151 
18.135746 -374.049774 1450.859741 154 153 151 
15.797297 -372.364868 1444.324341 154 153 151 
13.540541 -372.364868 1444.324341 154 153 151 
11.283784 -372.364868 1444.324341 154 153 151 
9.027027 -372.364868 1444.324341 153 152 150 
-1159.923950 -898.532593 3485.217285 112 112 110 
-1163.788330 -897.313416 3480.488525 112 112 110 
-1169.226562 -897.313416 3480.488525 112 112 110 
-1174.664917 -897.313416 3480.488525 111 113 109 
-1175.036133 -885.301208 3433.895508 114 107 107 
47.685902 -391.024384 1525.948853 154 153 153 
45.194065 -390.096130 1522.326416 153 153 152 
42.764671 -389.633667 1520.521606 153 153 152 
40.174530 -387.566040 1512.452881 153 153 152 
37.633804 -385.746490 1505.352173 155 154 154 
35.281689 -385.746490 1505.352173 155 153 153 
25.632559 -382.158142 1491.348877 154 152 152 
23.087557 -378.635956 1477.603638 154 152 152 
20.402716 -371.782806 1450.859741 154 152 152 
18.135746 -371.782806 1450.859741 154 152 152 
15.797297 -370.108124 1444.324341 154 152 152 
13.540541 -370.108124 1444.324341 154 152 153 
11.283784 -370.108124 1444.324341 154 153 153 
9.027027 -370.108124 1444.324341 153 151 151 
-1159.923950 -893.086975 3485.217285 114 114 112 
-1165.369507 -893.086975 3485.217285 114 114 112 
-1169.226562 -891.875183 3480.488525 113 114 111 
-1173.732788 -887.060730 3461.700439 111 111 108 
-1169.670654 -879.935730 3433.895508 111 110 108 
-1175.036133 -879.935730 3433.895508 112 110 108 
47.685902 -388.640106 1525.948853 153 153 153 
45.194065 -387.717499 1522.326416 153 153 153 
42.764671 -387.257843 1520.521606 153 153 153 
40.174530 -385.202820 1512.452881 153 153 153 
37.633804 -383.394379 1505.352173 154 153 154 
35.281689 -383.394379 1505.352173 155 153 154 
25.632559 -379.827911 1491.348877 154 152 153 
23.087557 -376.327179 1477.603638 154 152 153 
20.402716 -369.515839 1450.859741 154 152 153 
18.135746 -369.515839 1450.859741 153 151 152 
15.797297 -367.851349 1444.324341 153 151 152 
13.540541 -367.851349 1444.324341 154 152 153 
11.283784 -367.851349 1444.324341 155 153 154 
9.027027 -367.851349 1444.324341 153 151 152 
-1162.748657 -873.401062 3429.304932 113 113 111 
-1164.991943 -871.072021 3420.159912 112 112 110 
47.657551 -386.026154 1525.041626 153 153 153 
45.167259 -385.110321 1521.423462 153 153 153 
42.739338 -384.654022 1519.620850 153 153 153 
40.150856 -382.614014 1511.561523 153 153 153 
37.633804 -381.042267 1505.352173 154 153 154 
35.281689 -381.042267 1505.352173 155 153 154 
25.632559 -377.497681 1491.348877 154 152 153 
23.087557 -374.018433 1477.603638 154 152 153 
20.402716 -367.248871 1450.859741 154 152 153 
18.135746 -367.248871 1450.859741 153 151 152 
15.797297 -365.594604 1444.324341 153 151 152 
13.540541 -365.594604 1444.324341 154 152 153 
11.283784 -365.594604 1444.324341 155 153 154 
9.027027 -365.594604 1444.324341 153 151 152 
-1154.303955 -865.728027 3420.159912 117 117 115 
-1159.647949 -865.728027 3420.159912 114 114 112 
-1164.991943 -865.728027 3420.159912 113 113 111 
47.657551 -383.643280 1525.041626 154 153 153 
45.167259 -382.733093 1521.423462 153 153 153 
42.739338 -382.279633 1519.620850 153 153 153 
40.150856 -380.252197 1511.561523 153 153 153 
37.633804 -378.690155 1505.352173 154 153 153 
35.281689 -378.690155 1505.352173 155 153 153 
25.632559 -375.167450 1491.348877 154 152 153 
23.087557 -371.709686 1477.603638 154 152 153 
20.402716 -364.981903 1450.859741 154 152 153 
18.135746 -364.981903 1450.859741 153 151 152 
15.797297 -363.337830 1444.324341 153 151 152 
13.540541 -363.337830 1444.324341 154 152 153 
11.283784 -363.337830 1444.324341 155 153 154 
9.027027 -363.337830 1444.324341 153 151 152 
-1158.939819 -863.839355 3433.895508 118 118 116 
47.657551 -381.260406 1525.041626 156 152 152 
45.167259 -380.355865 1521.423462 156 152 152 
42.739338 -379.905212 1519.620850 156 152 152 
40.150856 -377.890381 1511.561523 156 152 152 
37.633804 -376.338043 1505.352173 154 152 151 
35.281689 -376.338043 1505.352173 154 152 151 
25.632559 -372.837219 1491.348877 154 152 151 
23.087557 -369.400909 1477.603638 153 152 151 
20.402716 -362.714935 1450.859741 153 151 150 
18.135746 -362.714935 1450.859741 154 151 151 
15.797297 -361.081085 1444.324341 155 150 151 
13.540541 -361.081085 1444.324341 155 151 151 
11.283784 -361.081085 1444.324341 156 151 151 
9.027027 -361.081085 1444.324341 155 150 151 
47.629234 -378.652405 1524.135498 157 151 151 
45.140488 -377.754608 1520.521606 157 151 151 
42.688759 -377.084015 1517.822510 157 151 151 
40.150856 -375.528595 1511.561523 157 151 151 
37.633804 -373.985901 1505.352173 155 152 151 
35.281689 -373.985901 1505.352173 153 152 150 
25.632559 -370.506989 1491.348877 154 153 151 
23.087557 -367.092163 1477.603638 153 152 150 
20.402716 -360.447968 1450.859741 153 152 150 
18.135746 -360.447968 1450.859741 155 151 150 
15.797297 -358.824310 1444.324341 156 150 150 
13.540541 -358.824310 1444.324341 156 150 150 
11.283784 -358.824310 1444.324341 156 150 150 
9.027027 -358.824310 1444.324341 156 150 150 
47.600948 -376.047516 1523.230347 158 152 152 
45.113743 -375.156403 1519.620850 158 152 152 
42.638298 -374.269501 1516.028320 158 152 152 
40.127209 -372.946991 1510.671387 158 152 152 
37.633804 -371.633789 1505.352173 156 153 152 
35.281689 -371.633789 1505.352173 154 153 151 
25.632559 -368.176758 1491.348877 155 154 152 
23.087557 -364.783417 1477.603638 154 153 151 
20.402716 -358.181000 1450.859741 154 152 150 
18.135746 -358.181000 1450.859741 156 152 151 
15.797297 -356.567566 1444.324341 157 151 151 
13.540541 -356.567566 1444.324341 157 151 151 
11.283784 -356.567566 1444.324341 157 151 151 
9.027027 -356.567566 1444.324341 157 151 151 
47.572701 -373.445709 1522.326416 159 153 153 
45.087032 -372.561279 1518.721191 159 153 153 
42.613113 -371.681030 1515.132935 159 153 153 
40.127209 -370.586578 1510.671387 159 153 153 
37.633804 -369.281677 1505.352173 156 154 152 
35.281689 -369.281677 1505.352173 155 154 152 
28.225351 -369.281677 1505.352173 156 155 153 
25.632559 -365.846527 1491.348877 155 154 153 
22.876713 -359.164398 1464.109619 155 154 152 
20.402716 -355.914032 1450.859741 154 153 151 
18.135746 -355.914032 1450.859741 157 152 152 
15.797297 -354.310822 1444.324341 158 152 152 
13.540541 -354.310822 1444.324341 158 152 152 
11.283784 -354.310822 1444.324341 158 152 152 
9.027027 -354.310822 1444.324341 158 152 152 
47.572701 -371.067078 1522.326416 157 154 154 
45.087032 -370.188263 1518.721191 157 153 154 
42.613113 -369.313660 1515.132935 157 154 155 
40.127209 -368.226135 1510.671387 158 154 155 
37.633804 -366.929565 1505.352173 157 155 155 
35.281689 -366.929565 1505.352173 156 155 155 
28.225351 -366.929565 1505.352173 156 155 155 
25.632559 -363.516266 1491.348877 157 155 155 
22.876713 -356.876709 1464.109619 157 155 155 
20.402716 -353.647064 1450.859741 156 154 154 
18.135746 -353.647064 1450.859741 157 154 154 
15.797297 -352.054047 1444.324341 157 155 153 
13.540541 -352.054047 1444.324341 157 155 153 
11.283784 -352.054047 1444.324341 157 155 153 
9.027027 -352.054047 1444.324341 157 155 153 
47.629234 -369.126556 1524.135498 156 154 155 
45.140488 -368.251343 1520.521606 156 154 155 
42.638298 -367.163116 1516.028320 157 155 156 
40.150856 -366.081329 1511.561523 157 155 156 
37.655903 -364.791534 1506.236084 157 155 156 
35.302406 -364.791534 1506.236084 157 155 156 
28.225351 -364.577454 1505.352173 157 155 156 
25.632559 -361.186035 1491.348877 158 156 157 
22.876713 -354.589050 1464.109619 158 156 157 
20.402716 -351.380096 1450.859741 157 155 156 
18.135746 -351.380096 1450.859741 157 156 155 
15.797297 -349.797302 1444.324341 157 156 154 
13.540541 -349.797302 1444.324341 157 156 154 
11.283784 -349.797302 1444.324341 157 156 154 
9.027027 -349.797302 1444.324341 157 156 154 
47.714287 -367.399994 1526.857178 157 155 156 
45.167259 -366.092529 1521.423462 157 155 156 
42.688759 -365.226044 1517.822510 157 155 156 
40.174530 -363.933960 1512.452881 158 156 157 
37.678024 -362.651001 1507.121094 158 156 157 
35.302406 -362.438049 1506.236084 158 156 157 
28.225351 -362.225342 1505.352173 158 156 157 
25.632559 -358.855804 1491.348877 159 157 158 
22.876713 -352.301361 1464.109619 159 157 158 
20.402716 -349.113129 1450.859741 158 156 157 
18.135746 -349.113129 1450.859741 158 157 155 
15.797297 -347.540527 1444.324341 158 157 155 
13.540541 -347.540527 1444.324341 158 157 155 
11.283784 -347.540527 1444.324341 158 157 155 
9.027027 -347.540527 1444.324341 158 157 155 
45.220901 -364.147278 1523.230347 157 155 156 
42.714031 -363.069275 1518.721191 158 156 157 
40.198231 -361.784058 1513.345093 159 157 157 
37.700176 -360.507935 1508.007080 159 157 158 
35.323151 -360.296112 1507.121094 159 157 158 
28.225351 -359.873230 1505.352173 158 156 157 
25.164383 -350.013702 1464.109619 159 157 158 
22.669683 -346.846161 1450.859741 160 158 159 
20.402716 -346.846161 1450.859741 159 157 157 
18.054054 -345.283783 1444.324341 159 157 156 
15.797297 -345.283783 1444.324341 159 158 156 
13.540541 -345.283783 1444.324341 159 158 156 
11.283784 -345.283783 1444.324341 159 158 156 
9.027027 -345.283783 1444.324341 159 158 156 
45.274673 -362.197388 1525.041626 157 156 155 
42.764671 -361.123901 1520.521606 157 156 155 
40.221958 -359.631653 1514.238525 158 156 155 
37.744556 -358.573273 1509.782227 159 157 158 
35.364704 -358.362366 1508.894165 159 157 158 
27.705069 -350.930878 1477.603638 159 157 158 
24.936651 -344.579193 1450.859741 159 157 158 
22.669683 -344.579193 1450.859741 159 157 158 
20.310810 -343.027039 1444.324341 159 157 158 
18.054054 -343.027039 1444.324341 160 158 157 
15.797297 -343.027039 1444.324341 159 158 156 
13.540541 -343.027039 1444.324341 159 158 156 
11.283784 -343.027039 1444.324341 158 157 155 
9.027027 -343.027039 1444.324341 159 158 156 
42.891796 -359.814514 1525.041626 157 156 154 
40.388855 -358.748077 1520.521606 157 156 154 
37.878323 -357.476654 1515.132935 158 156 156 
27.296255 -343.477875 1455.800171 158 156 157 
24.936651 -342.312225 1450.859741 158 156 157 
22.567568 -340.770264 1444.324341 159 157 158 
20.310810 -340.770264 1444.324341 159 157 158 
18.054054 -340.770264 1444.324341 160 158 157 
15.797297 -340.770264 1444.324341 159 158 156 
13.540541 -340.770264 1444.324341 158 157 155 
11.283784 -340.770264 1444.324341 158 157 155 
9.027027 -340.770264 1444.324341 158 157 155 
27.296255 -341.203186 1455.800171 157 155 156 
24.824324 -338.513519 1444.324341 157 155 156 
22.567568 -338.513519 1444.324341 158 156 157 
20.310810 -338.513519 1444.324341 159 157 157 
18.054054 -338.513519 1444.324341 159 157 156 
15.797297 -338.513519 1444.324341 158 157 155 
13.540541 -338.513519 1444.324341 158 157 155 
11.283784 -338.513519 1444.324341 157 156 154 
24.824324 -336.256744 1444.324341 156 155 155 
22.567568 -336.256744 1444.324341 157 156 156 
20.310810 -336.256744 1444.324341 158 156 157 
18.054054 -336.256744 1444.324341 158 157 156 
36.986576 -474.100677 2151.946289 155 154 152 
33.539749 -472.910461 2146.543945 155 155 153 
30.160536 -472.515045 2144.749268 154 156 153 
26.764608 -471.726196 2141.168701 155 156 153 
40.382870 -471.133514 2153.753174 157 153 152 
36.955574 -470.343658 2150.142578 158 154 153 
33.511707 -469.163879 2144.749268 158 155 154 
30.085072 -467.989990 2139.382812 159 156 155 
26.719999 -467.600006 2137.600098 157 155 153 
23.341099 -466.821960 2134.043213 155 154 152 
19.990025 -466.433929 2132.269287 155 154 152 
43.784874 -468.161346 2155.562988 158 155 153 
40.382870 -467.768250 2153.753174 158 154 153 
36.924622 -466.592957 2148.341797 158 155 153 
33.483707 -465.423553 2142.957275 159 155 154 
30.059999 -464.260010 2137.600098 159 156 155 
26.675541 -463.487518 2134.043213 156 155 153 
23.282988 -462.333618 2128.730225 155 154 152 
19.923779 -461.567535 2125.202881 155 154 152 
16.561983 -460.423126 2119.933838 155 154 152 
47.152943 -464.793274 2155.562988 157 156 154 
43.784874 -464.793274 2155.562988 157 156 154 
40.382870 -464.403015 2153.753174 157 156 154 
36.924622 -463.236176 2148.341797 157 156 154 
33.483707 -462.075195 2142.957275 157 156 154 
30.059999 -460.920013 2137.600098 156 156 154 
26.675541 -460.153076 2134.043213 155 155 153 
23.282988 -459.007477 2128.730225 155 154 152 
19.874380 -457.110748 2119.933838 155 154 152 
16.548307 -456.733276 2118.183350 155 154 152 
13.249587 -457.110748 2119.933838 155 154 152 
47.152943 -461.425201 2155.562988 157 157 154 
43.784874 -461.425201 2155.562988 157 157 154 
40.416805 -461.425201 2155.562988 157 157 155 
36.924622 -459.879395 2148.341797 157 156 154 
33.511707 -459.110382 2144.749268 156 156 154 
30.059999 -457.579987 2137.600098 156 155 153 
26.675541 -456.818634 2134.043213 155 154 152 
23.282988 -455.681335 2128.730225 155 154 152 
19.857969 -453.423615 2118.183350 155 154 152 
16.534653 -453.049500 2116.435547 155 154 152 
13.227723 -453.049500 2116.435547 156 155 153 
9.920792 -453.049500 2116.435547 156 155 153 
47.192600 -458.442383 2157.375977 155 155 152 
43.821697 -458.442383 2157.375977 157 155 151 
40.416805 -458.057129 2155.562988 155 156 152 
36.924622 -456.522614 2148.341797 152 154 150 
33.511707 -455.759186 2144.749268 157 154 153 
30.059999 -454.239990 2137.600098 159 153 153 
26.697752 -453.861786 2135.820068 159 151 152 
23.282988 -452.355194 2128.730225 158 151 151 
19.857969 -450.113953 2118.183350 155 152 152 
16.534653 -449.742584 2116.435547 154 154 154 
13.227723 -449.742584 2116.435547 153 155 156 
9.920792 -449.742584 2116.435547 154 154 155 
47.351898 -456.607605 2164.658203 143 158 159 
43.858585 -455.454559 2159.191895 148 160 160 
40.450798 -455.071503 2157.375977 151 160 162 
36.924622 -453.165833 2148.341797 150 156 156 
33.511707 -452.408020 2144.749268 152 155 153 
30.085072 -451.276062 2139.382812 156 155 151 
26.697752 -450.524567 2135.820068 157 153 153 
23.282988 -449.029053 2128.730225 155 151 153 
19.874380 -447.173553 2119.933838 153 151 152 
16.548307 -446.804291 2118.183350 155 155 155 
13.238646 -446.804291 2118.183350 154 155 157 
9.928985 -446.804291 2118.183350 154 154 155 
6.517073 -439.902435 2085.463379 156 152 152 
3.255889 -439.545074 2083.769287 157 151 150 
-0.000000 -439.188324 2082.077881 157 153 152 
47.431953 -453.991547 2168.317871 105 129 139 
43.932545 -452.843170 2162.833008 115 138 147 
40.484848 -452.080811 2159.191895 131 147 158 
36.955574 -450.186096 2150.142578 141 155 164 
33.511707 -449.056854 2144.749268 146 159 162 
30.085072 -447.933289 2139.382812 147 159 158 
26.697752 -447.187347 2135.820068 151 160 162 
23.282988 -445.702911 2128.730225 152 158 161 
19.874380 -443.861145 2119.933838 153 156 157 
16.561983 -443.861145 2119.933838 155 156 155 
13.249587 -443.861145 2119.933838 156 155 155 
9.937190 -443.861145 2119.933838 155 155 153 
6.517073 -436.643890 2085.463379 156 154 151 
3.255889 -436.289185 2083.769287 156 153 149 
-0.000000 -435.935059 2082.077881 155 154 151 
-3.253247 -435.935059 2082.077881 155 154 152 
-6.506494 -435.935059 2082.077881 155 154 152 
-1333.460083 -510.524719 2438.326904 68 66 64 
47.592876 -452.132324 2175.674316 69 84 104 
44.006756 -450.222961 2166.486572 72 88 105 
40.553120 -449.463745 2162.833008 79 97 114 
37.017632 -447.576813 2153.753174 95 115 131 
33.539749 -446.078674 2146.543945 110 131 145 
30.085072 -444.590485 2139.382812 120 141 154 
26.697752 -443.850128 2135.820068 130 150 158 
23.282988 -442.376770 2128.730225 141 156 161 
19.874380 -440.548767 2119.933838 149 158 160 
16.561983 -440.548767 2119.933838 152 155 155 
6.522376 -433.738007 2087.160400 155 155 151 
3.255889 -433.033295 2083.769287 155 154 148 
-0.000000 -432.681824 2082.077881 154 153 149 
-3.253247 -432.681824 2082.077881 154 153 151 
-6.506494 -432.681824 2082.077881 155 155 152 
-1329.650146 -506.714844 2438.326904 68 68 66 
-1328.409058 -504.795441 2429.090820 69 67 65 
-1332.204590 -504.795441 2429.090820 70 66 64 
47.877132 -451.412964 2188.668945 68 91 112 
44.081219 -447.593903 2170.152344 68 90 111 
40.587341 -446.460754 2164.658203 67 86 105 
37.017632 -444.211578 2153.753174 68 86 102 
33.539749 -442.724701 2146.543945 69 88 101 
30.085072 -441.247711 2139.382812 71 91 100 
26.675541 -440.146423 2134.043213 82 102 113 
23.282988 -439.050629 2128.730225 101 122 134 
19.874380 -437.236359 2119.933838 114 134 148 
16.561983 -437.236359 2119.933838 122 143 157 
3.258537 -430.126831 2085.463379 155 156 154 
-0.000000 -429.777405 2083.769287 154 156 149 
-3.253247 -429.428558 2082.077881 151 153 146 
-6.506494 -429.428558 2082.077881 153 155 148 
-1329.650146 -502.904938 2438.326904 65 70 69 
-1328.409058 -501.000000 2429.090820 67 70 64 
-1328.430542 -499.580750 2422.209717 68 69 61 
-1332.215332 -499.580750 2422.209717 69 66 63 
-1337.252075 -495.835052 2404.048828 64 64 62 
-1338.499512 -494.907379 2399.551025 63 62 60 
47.958973 -448.758972 2192.410156 53 82 107 
44.118546 -444.579163 2171.989746 59 85 111 
40.587341 -443.078491 2164.658203 67 88 111 
37.048740 -441.216797 2155.562988 71 90 109 
33.539749 -439.370697 2146.543945 70 90 106 
30.085072 -437.904907 2139.382812 68 88 100 
26.675541 -436.811981 2134.043213 65 84 98 
23.282988 -435.724487 2128.730225 65 85 101 
19.857969 -433.565643 2118.183350 64 85 102 
16.548307 -433.565643 2118.183350 72 94 113 
13.260546 -434.282867 2121.687256 90 112 131 
3.258537 -426.868286 2085.463379 134 146 157 
-0.000000 -426.521515 2083.769287 141 154 159 
-3.253247 -426.175323 2082.077881 142 154 156 
-6.506494 -426.175323 2082.077881 146 155 154 
-1328.387451 -498.621094 2436.011475 52 70 70 
-1328.409058 -497.204559 2429.090820 56 73 66 
-1328.430542 -495.796021 2422.209717 60 74 63 
-1332.215332 -495.796021 2422.209717 66 71 65 
-1336.000000 -495.796021 2422.209717 68 68 66 
-1336.000000 -493.002808 2408.563477 66 66 64 
-1334.750244 -491.158081 2399.551025 65 65 63 
-1337.248657 -490.699066 2397.308350 65 64 62 
-1339.742310 -490.240906 2395.070068 65 63 62 
-1343.484619 -490.240906 2395.070068 66 62 61 
-1345.970093 -489.783569 2392.835938 63 62 60 
48.000000 -445.714294 2194.285645 40 69 96 
44.118546 -441.185425 2171.989746 44 71 99 
40.587341 -439.696198 2164.658203 50 75 101 
37.048740 -437.848755 2155.562988 54 78 102 
33.539749 -436.016724 2146.543945 59 83 106 
30.085072 -434.562134 2139.382812 64 89 111 
26.675541 -433.477539 2134.043213 67 90 111 
23.282988 -432.398346 2128.730225 68 90 109 
19.857969 -430.255981 2118.183350 68 85 103 
16.548307 -430.255981 2118.183350 68 84 99 
13.260546 -430.967743 2121.687256 69 84 101 
3.258537 -423.609772 2085.463379 82 102 124 
-0.000000 -423.265625 2083.769287 97 119 138 
-3.253247 -422.922089 2082.077881 111 131 146 
-6.506494 -422.922089 2082.077881 127 142 153 
-1169.000000 -516.904785 2544.761963 80 56 49 
-1170.653442 -515.881165 2539.722656 76 49 46 
-1328.387451 -494.814819 2436.011475 34 63 73 
-1328.409058 -493.409088 2429.090820 40 71 73 
-1329.686157 -492.476379 2424.499023 45 77 73 
-1332.215332 -492.011322 2422.209717 57 75 69 
-1334.739624 -491.547180 2419.924561 62 71 66 
-1336.000000 -490.621460 2415.367188 63 69 65 
-1336.000000 -489.239441 2408.563477 64 67 64 
-1336.000000 -487.865173 2401.797852 65 66 64 
-1338.499512 -487.408783 2399.551025 66 66 64 
-1340.994385 -486.953278 2397.308350 67 65 63 
-1343.484619 -486.498596 2395.070068 68 63 63 
-1345.970093 -486.044769 2392.835938 65 63 62 
-1349.708984 -486.044769 2392.835938 63 63 61 
48.000000 -442.285706 2194.285645 33 63 86 
44.118546 -437.791718 2171.989746 38 66 90 
40.587341 -436.313934 2164.658203 40 69 91 
37.048740 -434.480682 2155.562988 40 70 93 
33.539749 -432.662750 2146.543945 43 73 96 
30.085072 -431.219360 2139.382812 47 77 101 
26.675541 -430.143097 2134.043213 51 81 108 
23.282988 -429.072205 2128.730225 56 83 110 
19.857969 -426.946320 2118.183350 64 85 107 
16.534653 -426.594055 2116.435547 72 87 104 
13.227723 -426.594055 2116.435547 74 87 105 
3.255889 -420.009735 2083.769287 67 84 108 
-0.000000 -419.668823 2082.077881 68 86 107 
-3.253247 -419.668823 2082.077881 72 90 108 
-1164.513428 -514.459717 2552.358154 102 98 81 
-1165.023804 -512.928589 2544.761963 101 91 75 
-1166.685181 -511.912872 2539.722656 99 78 68 
-1170.653442 -511.912872 2539.722656 95 64 58 
-1174.621826 -511.912872 2539.722656 86 56 47 
-1327.127197 -490.542694 2433.700195 14 44 69 
-1328.409058 -489.613647 2429.090820 21 56 73 
-1330.944214 -489.150421 2426.792725 28 66 75 
-1333.474487 -488.688080 2424.499023 44 70 68 
-1334.739624 -487.766052 2419.924561 54 71 65 
-1336.000000 -486.847473 2415.367188 59 71 66 
-1338.513672 -486.389465 2413.094971 64 71 67 
-1339.763428 -485.476044 2408.563477 67 69 66 
-1339.752808 -484.112366 2401.797852 68 67 65 
-1342.248779 -483.659485 2399.551025 68 66 65 
-1344.740234 -483.207489 2397.308350 69 65 64 
-1345.970093 -482.305969 2392.835938 66 64 63 
-1349.708984 -482.305969 2392.835938 64 64 62 
48.000000 -438.857147 2194.285645 28 58 83 
44.118546 -434.397980 2171.989746 30 60 85 
40.587341 -432.931641 2164.658203 30 60 85 
37.079899 -431.475189 2157.375977 30 61 86 
33.539749 -429.308777 2146.543945 33 63 89 
30.085072 -427.876556 2139.382812 36 66 92 
26.675541 -426.808655 2134.043213 40 68 92 
23.282988 -425.746063 2128.730225 45 71 94 
19.857969 -423.636658 2118.183350 50 75 97 
16.521023 -422.938171 2114.690918 54 77 98 
13.216818 -422.938171 2114.690918 57 80 101 
3.255889 -416.753845 2083.769287 65 92 117 
-0.000000 -416.415588 2082.077881 70 94 110 
-3.253247 -416.415588 2082.077881 74 94 106 
-1159.572632 -517.161316 2585.806396 107 107 106 
-1163.612915 -517.161316 2585.806396 108 107 105 
-1160.525391 -510.471649 2552.358154 106 106 97 
-1162.200562 -509.457794 2547.289062 105 105 94 
-1163.869141 -508.447968 2542.239746 104 103 92 
-1166.685181 -507.944550 2539.722656 102 96 87 
-1170.653442 -507.944550 2539.722656 96 86 78 
-1179.284424 -501.489746 2507.448730 50 48 47 
-1182.046875 -501.000000 2505.000000 48 46 43 
-1185.960938 -501.000000 2505.000000 46 46 40 
-1325.840332 -487.665405 2438.326904 6 13 29 
-1327.127197 -486.740051 2433.700195 7 23 41 
-1328.409058 -485.818176 2429.090820 11 37 54 
-1332.204590 -485.818176 2429.090820 15 47 63 
-1334.736084 -485.358551 2426.792725 24 57 69 
-1337.262817 -484.899811 2424.499023 36 65 71 
-1338.520752 -483.984894 2419.924561 47 70 70 
-1339.774048 -483.073456 2415.367188 54 72 68 
-1343.547974 -483.073456 2415.367188 62 71 67 
-1344.789429 -482.165405 2410.827148 67 70 68 
-1343.505615 -480.359558 2401.797852 70 69 67 
-1344.740234 -479.461670 2397.308350 71 67 66 
-1345.970093 -478.567169 2392.835938 67 65 65 
-1349.708984 -478.567169 2392.835938 65 65 64 
48.041096 -435.801361 2196.164307 24 53 78 
44.118546 -431.004242 2171.989746 25 54 79 
40.621620 -429.912170 2166.486572 26 55 80 
37.079899 -428.104279 2157.375977 26 55 80 
33.539749 -425.954803 2146.543945 27 56 81 
30.085072 -424.533783 2139.382812 31 60 84 
26.675541 -423.474213 2134.043213 36 61 81 
23.263681 -422.069641 2126.965088 37 62 81 
19.857969 -420.326996 2118.183350 38 65 86 
16.507414 -419.288300 2112.948975 39 67 89 
13.205931 -419.288300 2112.948975 40 69 92 
3.255889 -413.497955 2083.769287 47 81 108 
-0.000000 -413.162354 2082.077881 51 87 109 
-3.253247 -413.162354 2082.077881 57 91 112 
-6.506494 -413.162354 2082.077881 64 93 115 
-1157.866699 -514.157593 2591.030273 108 108 108 
-1158.404785 -512.604248 2583.202393 107 107 107 
-1161.271606 -512.088562 2580.603516 107 108 104 
-1165.303833 -512.088562 2580.603516 107 108 102 
-1158.843506 -507.493530 2557.447754 106 107 101 
-1158.220459 -505.477661 2547.289062 106 107 101 
-1161.047607 -504.976196 2544.761963 106 107 101 
-1162.716797 -503.976227 2539.722656 106 107 101 
-1166.685181 -503.976227 2539.722656 104 105 99 
-1169.817871 -498.546509 2512.360352 94 78 66 
-1171.448730 -497.571838 2507.448730 82 65 57 
-1174.218750 -497.085938 2505.000000 70 57 53 
-1176.983398 -496.600983 2502.556152 63 53 49 
-1179.742676 -496.116974 2500.116943 57 50 43 
-1183.649170 -496.116974 2500.116943 54 49 40 
-1189.875000 -497.085938 2505.000000 49 48 43 
-1320.774902 -483.396027 2436.011475 9 6 11 
-1323.324463 -482.937378 2433.700195 6 8 15 
-1327.127197 -482.937378 2433.700195 4 12 22 
-1328.409058 -482.022736 2429.090820 3 18 31 
-1332.204590 -482.022736 2429.090820 4 26 44 
-1336.000000 -482.022736 2429.090820 7 36 58 
-1338.527954 -481.566711 2426.792725 17 47 66 
-1339.784668 -480.657227 2422.209717 29 57 68 
-1342.301880 -480.203766 2419.924561 39 64 68 
-1346.083008 -480.203766 2419.924561 49 69 67 
-1344.764771 -477.053436 2404.048828 63 74 68 
-1345.998169 -476.160889 2399.551025 66 73 67 
-1345.970093 -474.828369 2392.835938 68 70 68 
-1349.708984 -474.828369 2392.835938 69 69 69 
48.123501 -433.111481 2199.931396 22 49 70 
44.155933 -427.972870 2173.830566 23 50 71 
40.621620 -426.527039 2166.486572 24 51 72 
37.079899 -424.733398 2157.375977 23 51 72 
33.539749 -422.600830 2146.543945 24 51 72 
30.110184 -421.542572 2141.168701 27 54 75 
26.675541 -420.139771 2134.043213 32 56 75 
23.282988 -419.093781 2128.730225 33 57 77 
19.857969 -417.017334 2118.183350 32 59 80 
16.507414 -415.986816 2112.948975 33 60 82 
13.205931 -415.986816 2112.948975 32 61 84 
3.255889 -410.242065 2083.769287 34 68 96 
-0.000000 -410.242065 2083.769287 34 73 102 
-3.253247 -409.909088 2082.077881 36 77 105 
-6.506494 -409.909088 2082.077881 40 79 108 
-1158.404785 -508.567963 2583.202393 110 110 110 
-1158.939819 -507.036133 2575.421631 109 109 108 
-1154.847412 -503.497498 2557.447754 108 108 107 
-1154.240356 -501.497528 2547.289062 107 107 106 
-1157.071411 -501.000000 2544.761963 106 106 106 
-1158.748535 -500.007935 2539.722656 104 104 103 
-1160.418945 -499.019775 2534.703613 104 104 104 
-1164.379395 -499.019775 2534.703613 106 106 105 
-1168.339966 -499.019775 2534.703613 105 105 103 
-1165.892212 -494.620972 2512.360352 102 97 88 
-1167.530762 -493.653961 2507.448730 101 93 84 
-1170.304688 -493.171875 2505.000000 93 82 72 
-1173.073120 -492.690735 2502.556152 85 71 60 
-1175.836304 -492.210541 2500.116943 79 63 52 
-1179.742676 -492.210541 2500.116943 72 55 46 
-1183.649170 -492.210541 2500.116943 67 50 43 
-1315.719116 -479.134735 2433.700195 5 3 9 
-1319.521851 -479.134735 2433.700195 5 5 10 
-1323.324463 -479.134735 2433.700195 3 6 11 
-1327.127197 -479.134735 2433.700195 2 7 16 
-1328.409058 -478.227264 2429.090820 1 7 22 
-1332.204590 -478.227264 2429.090820 1 9 29 
-1336.000000 -478.227264 2429.090820 1 17 41 
-1338.527954 -477.774841 2426.792725 6 27 51 
-1341.051025 -477.323242 2424.499023 15 38 59 
-1342.301880 -476.422638 2419.924561 25 50 66 
-1346.083008 -476.422638 2419.924561 34 59 67 
-1346.054565 -475.078094 2413.094971 42 67 68 
-1344.764771 -473.297089 2404.048828 50 74 70 
-1345.998169 -472.411591 2399.551025 55 77 70 
-1345.970093 -471.089539 2392.835938 66 73 70 
-1349.708984 -471.089539 2392.835938 70 70 70 
44.230900 -425.297119 2177.521240 22 48 66 
40.690357 -423.857880 2170.152344 23 49 67 
37.111111 -421.717163 2159.191895 22 49 67 
33.567841 -419.597992 2148.341797 22 49 67 
30.110184 -418.196991 2141.168701 24 50 68 
26.675541 -416.805328 2134.043213 28 52 71 
23.282988 -415.767639 2128.730225 28 53 73 
19.857969 -413.707672 2118.183350 27 54 75 
16.521023 -413.025543 2114.690918 27 55 77 
13.216818 -413.025543 2114.690918 27 56 79 
-0.000000 -406.986176 2083.769287 30 62 86 
-3.253247 -406.655853 2082.077881 31 62 85 
-1150.851440 -499.501495 2557.447754 110 109 112 
-1151.403564 -498.011932 2549.821045 108 108 111 
-1153.095215 -497.023804 2544.761963 108 107 110 
-1154.780151 -496.039612 2539.722656 107 106 110 
-1157.602417 -495.548950 2537.210693 104 104 107 
-1160.418945 -495.059296 2534.703613 104 104 107 
-1163.229980 -494.570587 2532.201416 105 104 108 
-1166.035522 -494.082855 2529.704102 104 103 107 
-1161.966675 -490.695404 2512.360352 101 104 105 
-1164.751465 -490.215271 2509.902100 99 102 99 
-1166.390625 -489.257812 2505.000000 102 101 94 
-1169.162964 -488.780487 2502.556152 103 97 86 
-1171.929810 -488.304108 2500.116943 102 88 73 
-1174.691284 -487.828613 2497.682617 98 79 63 
-1178.593994 -487.828613 2497.682617 91 67 56 
-1315.719116 -475.332062 2433.700195 4 2 10 
-1318.271118 -474.881531 2431.393311 2 3 9 
-1322.070190 -474.881531 2431.393311 1 4 8 
-1325.869141 -474.881531 2431.393311 2 5 12 
-1328.409058 -474.431824 2429.090820 2 3 17 
-1332.204590 -474.431824 2429.090820 3 2 21 
-1334.736084 -473.982971 2426.792725 2 5 28 
-1337.262817 -473.534973 2424.499023 3 10 34 
-1339.784668 -473.087830 2422.209717 5 18 41 
-1342.301880 -472.641510 2419.924561 10 29 51 
-1342.284058 -471.307617 2413.094971 16 39 59 
-1341.008423 -469.540771 2404.048828 23 49 63 
-1343.505615 -469.101135 2401.797852 32 60 67 
-1344.740234 -468.224304 2397.308350 40 68 68 
-1345.970093 -467.350739 2392.835938 56 66 66 
-1349.708984 -467.350739 2392.835938 64 66 66 
40.690357 -420.467010 2170.152344 23 48 67 
37.205063 -419.402527 2164.658203 23 49 67 
33.595978 -416.590118 2150.142578 22 49 69 
30.135338 -415.197998 2142.957275 21 49 70 
26.697752 -413.815155 2135.820068 22 50 70 
23.282988 -412.441498 2128.730225 22 50 70 
19.874380 -410.737183 2119.933838 22 51 72 
16.548307 -410.398010 2118.183350 23 52 73 
-1147.419434 -494.027832 2549.821045 112 112 110 
-1149.119019 -493.047607 2544.761963 110 110 108 
-1150.811890 -492.071289 2539.722656 109 110 107 
-1153.637939 -491.584564 2537.210693 109 109 107 
-1156.458496 -491.098816 2534.703613 108 108 107 
-1160.418945 -491.098816 2534.703613 108 107 108 
-1162.082886 -490.130188 2529.704102 107 107 109 
-1159.176514 -487.247070 2514.823486 106 106 109 
-1160.829712 -486.293549 2509.902100 103 107 110 
-1162.476562 -485.343750 2505.000000 102 107 107 
-1166.390625 -485.343750 2505.000000 104 105 102 
-1168.023438 -484.397675 2500.116943 105 104 98 
-1170.788696 -483.925995 2497.682617 106 100 90 
-1172.408203 -482.985413 2492.827881 106 94 82 
-1176.303223 -482.985413 2492.827881 102 86 73 
-1180.198242 -482.985413 2492.827881 99 78 64 
-1314.472046 -471.082458 2431.393311 4 3 9 
-1318.271118 -471.082458 2431.393311 5 3 10 
-1322.070190 -471.082458 2431.393311 7 5 8 
-1324.613647 -470.636353 2429.090820 6 4 7 
-1328.409058 -470.636353 2429.090820 7 2 8 
-1332.204590 -470.636353 2429.090820 7 0 9 
-1334.736084 -470.191101 2426.792725 5 1 16 
-1337.262817 -469.746704 2424.499023 3 3 21 
-1339.784668 -469.303131 2422.209717 1 6 21 
-1342.301880 -468.860382 2419.924561 3 13 27 
-1342.284058 -467.537170 2413.094971 6 22 37 
-1341.008423 -465.784454 2404.048828 11 30 47 
-1342.248779 -464.912994 2399.551025 18 40 58 
-1344.740234 -464.478516 2397.308350 25 50 68 
-1345.970093 -463.611938 2392.835938 36 58 69 
-1349.708984 -463.611938 2392.835938 47 67 71 
40.759323 -417.783051 2173.830566 26 47 66 
37.205063 -416.020264 2164.658203 25 48 67 
33.652393 -413.924438 2153.753174 23 48 70 
30.160536 -412.193970 2144.749268 22 49 71 
26.719999 -410.820007 2137.600098 22 49 70 
23.321695 -409.795502 2132.269287 22 49 70 
19.973421 -409.455139 2130.498291 23 50 71 
-1145.142822 -489.071442 2544.761963 114 115 110 
-1147.980225 -488.586731 2542.239746 112 113 107 
-1150.811890 -488.102966 2539.722656 112 113 107 
-1152.498047 -487.138336 2534.703613 111 112 106 
-1156.458496 -487.138336 2534.703613 110 111 106 
-1158.130127 -486.177521 2529.704102 109 109 108 
-1154.115601 -482.844269 2512.360352 109 109 109 
-1156.908081 -482.371826 2509.902100 108 108 111 
-1158.562500 -481.429688 2505.000000 105 108 111 
-1162.476562 -481.429688 2505.000000 105 108 109 
-1165.252686 -480.959991 2502.556152 106 107 106 
-1166.886108 -480.023376 2497.682617 106 106 103 
-1169.649780 -479.556427 2495.252930 107 104 99 
-1171.269897 -478.625244 2490.407715 108 102 96 
-1174.021362 -478.161011 2487.992188 109 99 89 
-1174.491333 -476.773682 2480.773682 107 93 81 
-1174.958496 -475.394409 2473.596924 108 82 69 
-1176.554321 -474.479309 2468.835449 102 72 62 
-1179.276978 -474.023071 2466.461426 90 65 59 
-1183.130737 -474.023071 2466.461426 75 56 53 
-1318.271118 -467.283417 2431.393311 11 8 13 
-1320.818237 -466.840912 2429.090820 13 8 11 
-1324.613647 -466.840912 2429.090820 11 6 8 
-1328.409058 -466.840912 2429.090820 13 4 8 
-1332.204590 -466.840912 2429.090820 12 2 7 
-1334.736084 -466.399231 2426.792725 8 1 12 
-1337.262817 -465.958405 2424.499023 6 1 14 
-1339.784668 -465.518402 2422.209717 2 1 10 
-1343.569458 -465.518402 2422.209717 1 5 11 
-1344.814331 -464.640900 2417.643799 2 10 18 
-1341.008423 -462.028107 2404.048828 3 15 28 
-1342.248779 -461.163696 2399.551025 6 22 42 
-1344.740234 -460.732697 2397.308350 12 32 55 
-1345.970093 -459.873138 2392.835938 15 42 60 
-1349.708984 -459.873138 2392.835938 26 55 66 
33.652393 -410.559204 2153.753174 28 48 68 
30.160536 -408.842804 2144.749268 26 48 70 
26.719999 -407.480011 2137.600098 25 48 70 
23.379999 -407.480011 2137.600098 25 47 70 
-1145.142822 -485.095245 2544.761963 116 117 112 
-1146.843506 -484.134644 2539.722656 115 116 110 
-1150.811890 -484.134644 2539.722656 115 116 110 
-1152.498047 -483.177856 2534.703613 114 115 109 
-1155.316895 -482.700897 2532.201416 112 113 108 
-1151.317627 -479.388245 2514.823486 111 111 109 
-1152.986328 -478.450104 2509.902100 110 110 111 
-1154.648438 -477.515625 2505.000000 109 109 112 
-1158.562500 -477.515625 2505.000000 108 108 112 
-1161.342407 -477.049744 2502.556152 107 108 109 
-1164.116943 -476.584808 2500.116943 108 107 107 
-1166.886108 -476.120728 2497.682617 108 106 104 
-1168.513062 -475.195343 2492.827881 108 104 102 
-1170.133911 -474.273529 2487.992188 109 104 101 
-1170.615112 -472.897491 2480.773682 109 104 100 
-1171.093506 -471.529419 2473.596924 108 101 96 
-1172.696777 -470.621765 2468.835449 108 97 89 
-1175.423096 -470.169220 2466.461426 106 91 81 
-1178.144043 -469.717590 2464.092285 102 85 74 
-1181.994263 -469.717590 2464.092285 93 75 63 
-1185.844360 -469.717590 2464.092285 84 65 59 
-1319.521851 -463.924103 2433.700195 13 10 13 
-1322.070190 -463.484375 2431.393311 15 10 14 
-1324.613647 -463.045441 2429.090820 14 8 13 
-1328.409058 -463.045441 2429.090820 16 8 13 
-1332.204590 -463.045441 2429.090820 17 6 13 
-1334.736084 -462.607391 2426.792725 15 2 11 
-1337.262817 -462.170135 2424.499023 10 0 8 
-1339.784668 -461.733704 2422.209717 6 1 5 
-1343.569458 -461.733704 2422.209717 4 2 4 
-1342.248779 -457.414398 2399.551025 1 11 25 
-1344.740234 -456.986908 2397.308350 3 16 35 
-1345.970093 -456.134338 2392.835938 6 24 44 
-1349.708984 -456.134338 2392.835938 14 35 54 
37.789040 -285.779602 1511.561523 39 43 57 
35.137348 -283.441254 1499.193481 38 45 61 
32.737457 -282.945160 1496.569458 36 46 63 
30.287153 -407.193970 2153.753174 29 48 69 
26.809364 -405.491638 2144.749268 28 47 69 
-1145.142822 -481.119049 2544.761963 118 119 114 
-1146.843506 -480.166351 2539.722656 118 119 113 
-1150.811890 -480.166351 2539.722656 117 118 112 
-1152.498047 -479.217407 2534.703613 116 117 111 
-1148.514282 -475.925415 2517.291504 114 114 110 
-1150.190063 -474.993134 2512.360352 112 112 111 
-1152.986328 -474.528381 2509.902100 112 112 112 
-1154.648438 -473.601562 2505.000000 111 111 113 
-1157.432251 -473.139526 2502.556152 109 109 113 
-1160.210571 -472.678375 2500.116943 109 108 110 
-1162.983398 -472.218109 2497.682617 110 107 107 
-1165.750977 -471.758759 2495.252930 110 106 105 
-1167.378662 -470.842712 2490.407715 108 105 105 
-1166.738892 -469.021271 2480.773682 108 106 106 
-1168.355225 -468.115845 2475.984619 108 106 107 
-1168.839233 -466.764191 2468.835449 106 105 106 
-1171.569214 -466.315399 2466.461426 103 103 105 
-1174.293945 -465.867432 2464.092285 103 100 98 
-1175.885010 -464.974121 2459.367188 107 97 89 
-1179.727661 -464.974121 2459.367188 108 91 78 
-1183.570435 -464.974121 2459.367188 102 81 66 
-1322.070190 -459.685303 2431.393311 15 11 15 
-1324.613647 -459.250000 2429.090820 15 9 15 
-1328.409058 -459.250000 2429.090820 18 9 17 
-1332.204590 -459.250000 2429.090820 19 9 16 
-1334.736084 -458.815521 2426.792725 20 5 12 
-1336.000000 -457.949005 2422.209717 16 1 5 
-1338.520752 -457.516968 2419.924561 13 3 4 
-1342.301880 -457.516968 2419.924561 11 4 2 
-1342.248779 -453.665100 2399.551025 0 4 15 
-1344.740234 -453.241119 2397.308350 2 9 24 
-1345.970093 -452.395538 2392.835938 9 11 31 
-1349.708984 -452.395538 2392.835938 13 17 39 
40.245716 -284.087433 1515.132935 64 40 42 
37.766785 -283.250885 1510.671387 54 36 43 
35.075848 -280.606781 1496.569458 49 37 48 
32.528694 -278.817383 1487.026123 45 38 52 
30.205217 -278.817383 1487.026123 41 38 55 
-1151.317627 -471.529419 2514.823486 114 114 114 
-1152.986328 -470.606659 2509.902100 113 113 114 
-1154.648438 -469.687500 2505.000000 113 113 113 
-1157.432251 -469.229279 2502.556152 112 112 113 
-1160.210571 -468.771942 2500.116943 111 111 112 
-1162.983398 -468.315491 2497.682617 110 109 110 
-1165.750977 -467.859924 2495.252930 110 108 108 
-1163.988403 -465.595367 2483.175293 109 108 108 
-1165.611572 -464.695648 2478.376709 108 108 108 
-1166.104004 -463.352600 2471.213867 107 107 108 
-1167.715332 -462.461548 2466.461426 106 106 108 
-1169.320557 -461.573883 2461.727539 104 105 108 
-1172.042236 -461.131348 2459.367188 103 103 105 
-1173.634399 -460.248810 2454.660400 105 102 100 
-1176.344116 -459.808807 2452.313477 107 101 94 
-1173.444824 -457.186310 2438.326904 104 97 82 
-1175.020874 -456.318787 2433.700195 100 89 72 
-1177.706177 -455.886261 2431.393311 97 79 65 
-1181.505249 -455.886261 2431.393311 90 67 55 
-1185.304321 -455.886261 2431.393311 84 56 51 
-1189.103271 -455.886261 2431.393311 76 51 48 
-1192.902344 -455.886261 2431.393311 63 49 44 
-1322.070190 -455.886261 2431.393311 15 13 16 
-1324.613647 -455.454559 2429.090820 14 12 16 
-1328.409058 -455.454559 2429.090820 15 12 16 
-1332.204590 -455.454559 2429.090820 16 12 17 
-1334.736084 -455.023651 2426.792725 13 11 18 
-1336.000000 -454.164307 2422.209717 11 8 14 
-1338.520752 -453.735840 2419.924561 12 7 10 
-1342.301880 -453.735840 2419.924561 14 5 5 
-1345.998169 -449.915802 2399.551025 1 4 21 
-1347.226929 -449.075623 2395.070068 4 5 22 
-1349.708984 -448.656708 2392.835938 6 9 25 
42.613113 -281.720032 1515.132935 131 121 114 
40.150856 -281.055969 1511.561523 114 101 93 
37.678024 -280.230316 1507.121094 101 78 74 
35.075848 -278.268372 1496.569458 86 61 60 
32.491024 -276.173706 1485.303955 68 47 49 
30.170237 -276.173706 1485.303955 57 40 45 
-1165.750977 -463.961090 2495.252930 110 110 110 
-1161.739136 -460.823181 2478.376709 109 109 109 
-1163.363525 -459.934418 2473.596924 108 108 108 
-1163.861572 -458.607697 2466.461426 108 108 108 
-1166.593628 -458.167145 2464.092285 107 107 107 
-1169.320557 -457.727448 2461.727539 106 105 108 
-1172.042236 -457.288605 2459.367188 105 105 107 
-1173.634399 -456.413391 2454.660400 104 104 104 
-1169.635010 -453.376434 2438.326904 104 104 101 
-1171.218262 -452.516144 2433.700195 103 104 93 
-1172.795410 -451.659088 2429.090820 102 99 86 
-1176.590942 -451.659088 2429.090820 106 94 81 
-1180.386353 -451.659088 2429.090820 105 85 73 
-1184.181763 -451.659088 2429.090820 101 73 65 
-1187.977295 -451.659088 2429.090820 92 65 59 
-1191.772705 -451.659088 2429.090820 76 57 50 
-1195.568237 -451.659088 2429.090820 63 52 44 
-1324.613647 -451.659088 2429.090820 14 14 16 
-1328.409058 -451.659088 2429.090820 14 14 16 
-1332.204590 -451.659088 2429.090820 14 14 17 
-1336.000000 -451.659088 2429.090820 10 15 21 
-1337.262817 -450.805298 2424.499023 10 14 20 
-1339.784668 -450.379608 2422.209717 13 11 15 
-1343.569458 -450.379608 2422.209717 16 9 10 
-1347.258423 -446.584259 2401.797852 1 3 19 
-1348.485962 -445.749542 2397.308350 0 4 17 
-1350.969238 -445.333344 2395.070068 0 7 19 
-1354.711426 -445.333344 2395.070068 1 12 24 
42.613113 -279.352631 1515.132935 137 143 138 
40.150856 -278.694153 1511.561523 139 142 135 
37.678024 -277.875427 1507.121094 143 134 126 
35.075848 -275.929993 1496.569458 140 124 117 
32.472221 -273.694458 1484.444458 125 108 103 
30.152779 -273.694458 1484.444458 109 90 87 
22.567568 -266.297302 1444.324341 62 45 50 
20.310810 -266.297302 1444.324341 58 40 47 
-1160.617798 -456.509644 2475.984619 111 111 111 
-1161.124146 -455.191528 2468.835449 110 110 110 
-1162.743530 -454.317017 2464.092285 109 109 109 
-1165.474121 -453.881012 2461.727539 109 108 109 
-1169.320557 -453.881012 2461.727539 109 106 109 
-1172.512451 -452.145325 2452.313477 105 105 105 
-1167.415527 -448.713470 2433.700195 102 106 102 
-1169.000000 -447.863647 2429.090820 101 105 98 
-1171.685913 -447.439911 2426.792725 102 102 94 
-1175.477783 -447.439911 2426.792725 107 102 94 
-1179.269653 -447.439911 2426.792725 108 97 89 
-1183.061523 -447.439911 2426.792725 108 91 80 
-1187.977295 -447.863647 2429.090820 102 84 73 
-1191.772705 -447.863647 2429.090820 91 73 64 
-1195.568237 -447.863647 2429.090820 80 62 55 
-1324.613647 -447.863647 2429.090820 15 15 17 
-1328.409058 -447.863647 2429.090820 15 15 17 
-1332.204590 -447.863647 2429.090820 15 15 17 
-1336.000000 -447.863647 2429.090820 13 16 18 
-1337.262817 -447.017029 2424.499023 14 16 18 
-1339.784668 -446.594910 2422.209717 16 14 16 
-1343.569458 -446.594910 2422.209717 17 13 14 
-1351.011230 -442.831451 2401.797852 3 3 16 
-1350.969238 -441.591034 2395.070068 1 4 17 
-1354.711426 -441.591034 2395.070068 1 6 20 
42.638298 -277.148926 1516.028320 135 134 137 
40.174530 -276.495270 1512.452881 134 135 135 
37.678024 -275.520569 1507.121094 131 137 136 
35.075848 -273.591614 1496.569458 133 138 138 
32.472221 -271.375000 1484.444458 137 137 138 
30.152779 -271.375000 1484.444458 139 135 136 
22.567568 -264.040527 1444.324341 113 103 94 
20.310810 -264.040527 1444.324341 99 84 74 
-1162.242798 -451.768799 2471.213867 111 111 111 
-1163.861572 -450.899994 2466.461426 111 111 111 
-1166.593628 -450.466858 2464.092285 110 110 110 
-1166.934326 -446.180786 2440.646973 105 106 105 
-1165.204590 -444.068176 2429.090820 101 107 103 
-1167.894043 -443.648071 2426.792725 101 107 103 
-1171.685913 -443.648071 2426.792725 101 105 101 
-1175.477783 -443.648071 2426.792725 105 105 100 
-1179.269653 -443.648071 2426.792725 105 102 96 
-1183.061523 -443.648071 2426.792725 106 101 87 
-1324.613647 -444.068176 2429.090820 16 16 18 
-1328.409058 -444.068176 2429.090820 16 16 18 
-1332.204590 -444.068176 2429.090820 16 16 18 
-1336.000000 -444.068176 2429.090820 14 15 14 
-1337.262817 -443.228729 2424.499023 13 14 13 
-1341.051025 -443.228729 2424.499023 14 14 14 
-1344.839355 -443.228729 2424.499023 15 14 15 
-1354.764038 -439.078644 2401.797852 7 1 16 
42.638298 -274.780151 1516.028320 125 123 125 
40.174530 -274.132080 1512.452881 124 123 125 
37.678024 -273.165680 1507.121094 121 125 127 
35.075848 -271.253204 1496.569458 122 127 130 
32.472221 -269.055542 1484.444458 126 129 132 
30.152779 -269.055542 1484.444458 128 130 133 
22.567568 -261.783783 1444.324341 135 134 130 
20.310810 -261.783783 1444.324341 134 130 125 
18.054054 -261.783783 1444.324341 132 122 118 
-1165.204590 -440.272736 2429.090820 106 108 105 
-1169.000000 -440.272736 2429.090820 106 108 105 
-1320.818237 -440.272736 2429.090820 17 17 18 
-1324.613647 -440.272736 2429.090820 17 17 17 
-1328.409058 -440.272736 2429.090820 17 17 17 
-1332.204590 -440.272736 2429.090820 17 17 17 
-1336.000000 -440.272736 2429.090820 15 16 16 
-1338.527954 -439.856201 2426.792725 15 15 16 
-1341.051025 -439.440460 2424.499023 15 15 16 
-1344.839355 -439.440460 2424.499023 15 15 17 
42.638298 -272.411346 1516.028320 121 121 121 
40.174530 -271.768860 1512.452881 120 120 120 
37.655903 -270.651794 1506.236084 119 119 120 
35.055393 -268.758026 1495.696777 119 119 121 
32.453442 -266.581848 1483.585938 121 121 123 
30.135338 -266.581848 1483.585938 122 122 124 
22.567568 -259.527039 1444.324341 125 125 127 
20.310810 -259.527039 1444.324341 125 125 127 
18.054054 -259.527039 1444.324341 124 124 127 
-1320.818237 -436.477264 2429.090820 18 18 18 
-1324.613647 -436.477264 2429.090820 17 17 17 
-1328.409058 -436.477264 2429.090820 17 17 17 
-1332.204590 -436.477264 2429.090820 17 17 17 
-1336.000000 -436.477264 2429.090820 17 17 18 
-1339.795410 -436.477264 2429.090820 16 16 18 
-1342.319824 -436.064331 2426.792725 16 16 18 
-1346.111694 -436.064331 2426.792725 16 16 18 
-1351.181763 -436.477264 2429.090820 15 15 17 
45.060356 -270.362122 1517.822510 122 122 122 
42.663513 -270.202240 1516.924927 121 121 121 
40.174530 -269.405670 1512.452881 120 120 120 
37.655903 -268.298309 1506.236084 119 119 121 
35.034966 -266.265747 1494.825195 119 119 121 
32.434681 -264.110992 1482.728271 120 120 122 
30.117920 -264.110992 1482.728271 120 120 122 
22.567568 -257.270264 1444.324341 120 120 122 
20.310810 -257.270264 1444.324341 119 119 122 
18.054054 -257.270264 1444.324341 116 118 122 
15.797297 -257.270264 1444.324341 116 119 122 
-1320.818237 -432.681824 2429.090820 19 19 19 
-1324.613647 -432.681824 2429.090820 18 18 18 
-1328.409058 -432.681824 2429.090820 18 18 18 
-1332.204590 -432.681824 2429.090820 18 18 18 
-1336.000000 -432.681824 2429.090820 18 18 19 
-1339.795410 -432.681824 2429.090820 17 17 19 
-1342.319824 -432.272461 2426.792725 17 17 19 
-1346.111694 -432.272461 2426.792725 17 17 19 
-1351.181763 -432.681824 2429.090820 16 16 18 
47.544483 -268.626343 1521.423462 122 121 122 
45.060356 -267.990540 1517.822510 122 122 122 
42.663513 -267.832062 1516.924927 121 121 121 
40.174530 -267.042450 1512.452881 120 120 120 
37.655903 -265.944794 1506.236084 121 121 122 
35.034966 -263.930084 1494.825195 121 121 123 
32.415943 -261.642975 1481.871704 121 121 122 
30.100519 -261.642975 1481.871704 121 120 122 
22.567568 -255.013519 1444.324341 118 118 120 
20.310810 -255.013519 1444.324341 118 118 119 
18.054054 -255.013519 1444.324341 118 119 120 
15.797297 -255.013519 1444.324341 117 119 118 
-1324.613647 -428.886353 2429.090820 19 19 19 
-1328.409058 -428.886353 2429.090820 19 19 19 
-1332.204590 -428.886353 2429.090820 19 19 19 
-1336.000000 -428.886353 2429.090820 18 18 20 
-1339.795410 -428.886353 2429.090820 18 18 20 
-1343.590942 -428.886353 2429.090820 18 18 20 
-1347.386353 -428.886353 2429.090820 18 18 20 
47.544483 -266.249115 1521.423462 123 122 122 
45.060356 -265.618927 1517.822510 123 121 122 
42.663513 -265.461853 1516.924927 121 120 120 
40.174530 -264.679260 1512.452881 120 118 119 
37.655903 -263.591309 1506.236084 119 118 118 
35.014561 -261.442047 1493.954590 119 118 118 
32.415943 -259.327545 1481.871704 118 118 117 
30.100519 -259.327545 1481.871704 117 117 116 
22.567568 -252.756760 1444.324341 116 115 114 
20.310810 -252.756760 1444.324341 116 115 115 
18.054054 -252.756760 1444.324341 115 116 115 
15.797297 -252.756760 1444.324341 113 116 114 
13.540541 -252.756760 1444.324341 112 115 113 
-1324.613647 -425.090912 2429.090820 22 18 23 
-1328.409058 -425.090912 2429.090820 21 18 23 
-1332.204590 -425.090912 2429.090820 20 19 23 
-1334.736084 -424.688751 2426.792725 19 19 21 
-1338.527954 -424.688751 2426.792725 19 19 20 
-1343.590942 -425.090912 2429.090820 19 19 19 
47.544483 -263.871887 1521.423462 127 125 126 
45.060356 -263.247345 1517.822510 127 125 126 
42.663513 -263.091675 1516.924927 126 124 125 
40.174530 -262.316040 1512.452881 124 122 123 
37.655903 -261.237823 1506.236084 122 121 120 
35.014561 -259.107758 1493.954590 120 119 117 
32.397228 -256.863739 1481.016113 117 116 114 
30.083141 -256.863739 1481.016113 115 114 112 
22.567568 -250.500000 1444.324341 113 112 110 
20.310810 -250.500000 1444.324341 112 111 109 
18.054054 -250.500000 1444.324341 111 111 110 
15.797297 -250.500000 1444.324341 110 111 111 
13.540541 -250.500000 1444.324341 109 110 110 
-1328.409058 -421.295441 2429.090820 21 19 25 
-1330.944214 -420.896881 2426.792725 20 20 25 
-1333.474487 -420.499054 2424.499023 20 20 22 
-1337.262817 -420.499054 2424.499023 20 20 20 
47.544483 -261.494659 1521.423462 131 129 130 
45.060356 -260.875732 1517.822510 131 129 130 
42.663513 -260.721466 1516.924927 130 128 129 
40.150856 -259.799652 1511.561523 130 128 129 
37.655903 -258.884308 1506.236084 127 126 125 
35.240330 -258.429077 1503.587280 126 125 123 
32.642235 -256.474701 1492.216431 125 124 122 
30.083141 -254.549652 1481.016113 124 123 121 
27.499142 -252.075470 1466.620972 122 121 119 
24.936651 -249.366516 1450.859741 119 118 116 
22.567568 -248.243240 1444.324341 116 115 113 
20.310810 -248.243240 1444.324341 113 112 110 
18.054054 -248.243240 1444.324341 113 110 110 
15.797297 -248.243240 1444.324341 113 109 110 
13.540541 -248.243240 1444.324341 112 108 109 
-1327.152344 -417.105011 2426.792725 20 21 26 
-1329.686157 -416.710785 2424.499023 19 21 26 
-1333.474487 -416.710785 2424.499023 20 20 22 
-1337.262817 -416.710785 2424.499023 20 20 20 
47.544483 -259.117432 1521.423462 131 129 130 
45.060356 -258.504150 1517.822510 131 129 130 
42.663513 -258.351257 1516.924927 131 130 130 
40.150856 -257.437836 1511.561523 132 130 130 
37.633804 -256.380280 1505.352173 131 129 128 
35.240330 -256.079712 1503.587280 130 129 127 
32.661236 -254.291031 1493.084961 129 127 126 
30.013824 -251.654373 1477.603638 128 127 125 
27.265306 -247.659866 1454.149658 127 126 124 
24.936651 -247.099548 1450.859741 126 124 122 
22.567568 -245.986481 1444.324341 124 122 121 
20.310810 -245.986481 1444.324341 122 121 119 
18.054054 -245.986481 1444.324341 122 117 118 
15.797297 -245.986481 1444.324341 122 115 117 
13.540541 -245.986481 1444.324341 121 114 116 
11.283784 -245.986481 1444.324341 120 113 116 
-1329.686157 -412.922485 2424.499023 19 22 26 
-1332.215332 -412.532593 2422.209717 20 20 22 
47.544483 -256.740204 1521.423462 130 128 127 
45.060356 -256.132538 1517.822510 130 129 128 
42.663513 -255.981079 1516.924927 130 129 128 
40.150856 -255.076019 1511.561523 131 129 128 
37.589684 -253.730362 1503.587280 132 129 128 
35.240330 -253.730362 1503.587280 132 127 127 
32.661236 -251.958084 1493.084961 130 126 125 
27.203619 -244.832581 1450.859741 131 126 126 
24.936651 -244.832581 1450.859741 132 127 126 
22.567568 -243.729736 1444.324341 131 127 126 
20.310810 -243.729736 1444.324341 131 127 126 
18.054054 -243.729736 1444.324341 129 126 128 
15.797297 -243.729736 1444.324341 128 125 129 
13.540541 -243.729736 1444.324341 127 124 128 
11.283784 -243.729736 1444.324341 126 124 127 
-1333.474487 -409.134216 2424.499023 23 18 19 
47.572701 -254.513947 1522.326416 132 131 129 
45.087032 -253.911194 1518.721191 132 131 129 
42.688759 -253.760941 1517.822510 132 131 129 
40.150856 -252.714203 1511.561523 132 130 128 
37.589684 -251.381012 1503.587280 133 128 128 
34.994179 -249.625153 1493.084961 133 127 127 
32.661236 -249.625153 1493.084961 132 126 126 
27.705069 -247.036865 1477.603638 132 126 126 
24.936651 -242.565613 1450.859741 132 126 126 
22.567568 -241.472977 1444.324341 132 126 126 
20.310810 -241.472977 1444.324341 132 126 126 
18.054054 -241.472977 1444.324341 129 126 128 
15.797297 -241.472977 1444.324341 128 126 129 
13.540541 -241.472977 1444.324341 127 126 128 
11.283784 -241.472977 1444.324341 127 125 127 
47.600948 -252.285034 1523.230347 138 137 135 
45.113743 -251.687210 1519.620850 136 135 133 
42.688759 -251.389343 1517.822510 136 135 133 
40.150856 -250.352386 1511.561523 136 135 133 
37.567661 -248.885757 1502.706543 137 133 132 
34.994179 -247.292206 1493.084961 137 131 131 
32.661236 -247.292206 1493.084961 136 130 130 
24.936651 -240.298645 1450.859741 133 127 127 
22.567568 -239.216217 1444.324341 133 127 127 
20.310810 -239.216217 1444.324341 133 127 127 
18.054054 -239.216217 1444.324341 131 126 125 
15.797297 -239.216217 1444.324341 130 125 123 
13.540541 -239.216217 1444.324341 129 124 122 
11.283784 -239.216217 1444.324341 129 123 121 
47.629234 -250.053482 1524.135498 143 142 140 
45.140488 -249.460587 1520.521606 142 141 139 
42.714031 -249.165192 1518.721191 142 141 139 
40.150856 -247.990570 1511.561523 142 141 139 
37.545666 -246.393448 1501.826660 143 139 138 
34.994179 -244.959259 1493.084961 144 138 138 
32.661236 -244.959259 1493.084961 143 137 137 
27.452055 -240.205475 1464.109619 140 135 134 
24.936651 -238.031677 1450.859741 139 134 133 
22.669683 -238.031677 1450.859741 139 134 133 
20.310810 -236.959457 1444.324341 139 133 133 
18.054054 -236.959457 1444.324341 139 131 129 
15.797297 -236.959457 1444.324341 138 130 126 
13.540541 -236.959457 1444.324341 137 129 125 
11.283784 -236.959457 1444.324341 137 129 125 
47.629234 -247.672012 1524.135498 147 146 144 
45.167259 -247.231323 1521.423462 146 145 143 
42.739338 -246.938385 1519.620850 145 144 142 
40.150856 -245.628754 1511.561523 145 144 142 
37.545666 -244.046844 1501.826660 145 143 141 
35.178467 -243.904037 1500.947876 144 142 140 
32.929577 -244.619720 1505.352173 144 141 140 
24.936651 -235.764709 1450.859741 142 139 138 
22.669683 -235.764709 1450.859741 141 139 137 
20.310810 -234.702698 1444.324341 141 138 137 
18.054054 -234.702698 1444.324341 141 138 136 
15.797297 -234.702698 1444.324341 142 139 136 
13.540541 -234.702698 1444.324341 142 139 136 
11.283784 -234.702698 1444.324341 141 138 135 
47.657551 -245.436386 1525.041626 151 150 148 
45.167259 -244.854095 1521.423462 150 149 147 
42.764671 -244.708954 1520.521606 148 147 145 
40.150856 -243.266937 1511.561523 149 148 146 
37.633804 -242.267609 1505.352173 148 147 145 
35.281689 -242.267609 1505.352173 147 146 144 
32.929577 -242.267609 1505.352173 147 146 144 
30.577465 -242.267609 1505.352173 147 146 144 
25.164383 -235.630142 1464.109619 146 145 143 
22.669683 -233.497742 1450.859741 145 144 142 
20.310810 -232.445953 1444.324341 144 143 141 
18.054054 -232.445953 1444.324341 143 142 140 
15.797297 -232.445953 1444.324341 144 143 141 
13.540541 -232.445953 1444.324341 144 143 141 
11.283784 -232.445953 1444.324341 143 142 140 
47.714287 -243.342865 1526.857178 153 152 150 
45.220901 -242.764847 1523.230347 152 151 149 
42.764671 -242.333130 1520.521606 151 150 148 
40.174530 -241.047165 1512.452881 152 151 149 
37.633804 -239.915497 1505.352173 151 150 148 
35.281689 -239.915497 1505.352173 150 149 147 
32.929577 -239.915497 1505.352173 150 149 147 
25.632559 -237.683716 1491.348877 150 149 147 
22.669683 -231.230774 1450.859741 149 148 146 
20.402716 -231.230774 1450.859741 149 148 146 
18.054054 -230.189194 1444.324341 147 146 144 
15.797297 -230.189194 1444.324341 147 146 144 
13.540541 -230.189194 1444.324341 148 147 145 
11.283784 -230.189194 1444.324341 147 146 144 
47.714287 -240.957138 1526.857178 152 151 149 
45.220901 -240.384796 1523.230347 151 150 148 
42.790035 -240.099640 1521.423462 150 149 147 
40.174530 -238.683960 1512.452881 151 149 148 
37.633804 -237.563385 1505.352173 151 150 148 
35.281689 -237.563385 1505.352173 151 150 148 
32.929577 -237.563385 1505.352173 151 150 148 
25.632559 -235.353485 1491.348877 151 150 148 
22.876713 -231.054794 1464.109619 150 149 147 
20.402716 -228.963806 1450.859741 149 148 146 
18.135746 -228.963806 1450.859741 149 148 146 
15.797297 -227.932434 1444.324341 150 149 147 
13.540541 -227.932434 1444.324341 151 150 148 
11.283784 -227.932434 1444.324341 150 149 147 
47.714287 -238.571426 1526.857178 151 149 149 
45.220901 -238.004745 1523.230347 151 149 149 
42.790035 -237.722427 1521.423462 150 149 149 
40.174530 -236.320755 1512.452881 151 149 149 
37.633804 -235.211273 1505.352173 152 151 149 
35.281689 -235.211273 1505.352173 151 150 148 
25.632559 -233.023254 1491.348877 151 150 148 
23.087557 -230.875580 1477.603638 150 149 147 
20.402716 -226.696838 1450.859741 149 148 146 
18.135746 -226.696838 1450.859741 149 148 146 
15.797297 -225.675674 1444.324341 151 150 148 
13.540541 -225.675674 1444.324341 151 150 148 
11.283784 -225.675674 1444.324341 150 149 147 
9.027027 -225.675674 1444.324341 149 148 146 
47.714287 -236.185715 1526.857178 151 149 150 
45.220901 -235.624710 1523.230347 151 149 150 
42.790035 -235.345200 1521.423462 151 149 150 
40.174530 -233.957550 1512.452881 151 149 150 
37.789040 -233.819687 1511.561523 152 151 150 
35.616116 -235.066345 1519.620850 151 150 148 
33.241707 -235.066345 1519.620850 150 149 147 
23.087557 -228.566818 1477.603638 150 149 147 
20.402716 -224.429871 1450.859741 149 148 146 
18.135746 -224.429871 1450.859741 149 148 146 
15.797297 -223.418915 1444.324341 150 149 147 
13.540541 -223.418915 1444.324341 151 150 148 
11.283784 -223.418915 1444.324341 150 149 147 
9.027027 -223.418915 1444.324341 148 147 145 
47.685902 -233.660919 1525.948853 152 150 151 
45.194065 -233.106232 1522.326416 151 149 150 
42.764671 -232.829880 1520.521606 151 149 150 
40.150856 -231.457870 1511.561523 151 149 150 
37.789040 -231.457870 1511.561523 151 150 149 
35.616116 -232.691940 1519.620850 150 149 147 
33.241707 -232.691940 1519.620850 150 149 147 
23.302326 -228.362793 1491.348877 150 149 147 
20.589041 -224.191788 1464.109619 150 149 147 
18.135746 -222.162903 1450.859741 150 149 147 
15.797297 -221.162155 1444.324341 150 149 147 
13.540541 -221.162155 1444.324341 151 150 148 
11.283784 -221.162155 1444.324341 150 149 147 
9.027027 -221.162155 1444.324341 148 147 145 
47.685902 -231.276627 1525.948853 152 150 151 
45.167259 -230.590744 1521.423462 151 149 150 
42.739338 -230.317535 1519.620850 151 149 150 
40.103592 -228.826370 1509.782227 151 149 150 
37.744556 -228.826370 1509.782227 151 149 148 
35.616116 -230.317535 1519.620850 150 149 147 
33.241707 -230.317535 1519.620850 150 149 147 
23.521128 -228.154922 1505.352173 150 149 147 
20.589041 -221.904114 1464.109619 151 150 148 
18.135746 -219.895935 1450.859741 150 149 147 
15.868778 -219.895935 1450.859741 151 149 147 
13.540541 -218.905411 1444.324341 151 150 148 
11.283784 -218.905411 1444.324341 150 148 147 
9.027027 -218.905411 1444.324341 149 147 146 
47.657551 -228.756241 1525.041626 151 150 149 
45.140488 -228.078247 1520.521606 150 149 148 
42.688759 -227.673370 1517.822510 150 148 147 
40.103592 -226.467331 1509.782227 149 148 147 
37.744556 -226.467331 1509.782227 150 149 147 
35.616116 -227.943130 1519.620850 151 150 148 
25.873240 -225.802811 1505.352173 151 150 148 
23.302326 -223.702332 1491.348877 151 150 148 
20.589041 -219.616440 1464.109619 151 150 148 
18.135746 -217.628952 1450.859741 152 148 147 
15.868778 -217.628952 1450.859741 152 148 147 
13.540541 -216.648651 1444.324341 152 148 147 
11.283784 -216.648651 1444.324341 152 148 147 
9.027027 -216.648651 1444.324341 153 148 148 
47.600948 -226.104507 1523.230347 152 151 149 
45.087032 -225.435165 1518.721191 150 149 147 
42.638298 -225.035461 1516.028320 150 149 147 
40.080002 -223.976471 1508.894165 149 148 146 
37.722355 -223.976471 1508.894165 150 149 147 
35.616116 -225.568726 1519.620850 151 150 148 
25.873240 -223.450699 1505.352173 150 149 147 
23.302326 -221.372101 1491.348877 150 149 147 
20.589041 -217.328766 1464.109619 150 149 147 
18.135746 -215.361984 1450.859741 152 148 147 
15.868778 -215.361984 1450.859741 153 147 147 
13.540541 -214.391891 1444.324341 153 147 147 
11.283784 -214.391891 1444.324341 153 147 147 
9.027027 -214.391891 1444.324341 155 149 149 
47.516300 -223.326614 1520.521606 153 152 150 
45.033707 -222.798340 1516.924927 152 151 149 
42.587959 -222.403778 1514.238525 151 150 148 
40.080002 -221.618820 1508.894165 151 150 148 
37.722355 -221.618820 1508.894165 150 149 147 
35.616116 -223.194321 1519.620850 151 150 148 
25.873240 -221.098587 1505.352173 150 149 147 
23.302326 -219.041855 1491.348877 150 149 147 
20.589041 -215.041092 1464.109619 150 149 147 
18.135746 -213.095016 1450.859741 153 148 148 
15.868778 -213.095016 1450.859741 154 148 148 
13.540541 -212.135132 1444.324341 154 148 148 
11.283784 -212.135132 1444.324341 154 148 148 
9.027027 -212.135132 1444.324341 155 149 149 
47.431953 -220.558578 1517.822510 154 153 151 
45.007092 -220.297867 1516.028320 153 152 150 
42.587959 -220.037781 1514.238525 153 152 150 
40.080002 -219.261169 1508.894165 152 151 149 
37.722355 -219.261169 1508.894165 152 151 149 
35.616116 -220.819901 1519.620850 153 152 150 
25.873240 -218.746475 1505.352173 153 152 150 
23.302326 -216.711624 1491.348877 153 152 150 
20.589041 -212.753418 1464.109619 153 151 150 
18.135746 -210.828049 1450.859741 154 150 149 
15.868778 -210.828049 1450.859741 155 149 149 
13.540541 -209.878372 1444.324341 155 149 149 
11.283784 -209.878372 1444.324341 155 149 149 
9.027027 -209.878372 1444.324341 155 149 149 
47.403904 -218.057953 1516.924927 154 153 153 
44.953957 -217.671783 1514.238525 155 153 153 
42.562832 -217.543365 1513.345093 154 153 153 
40.080002 -216.903534 1508.894165 154 153 153 
37.722355 -216.903534 1508.894165 155 154 152 
35.616116 -218.445496 1519.620850 154 153 151 
25.873240 -216.394363 1505.352173 154 153 151 
23.302326 -214.381393 1491.348877 154 153 151 
20.589041 -210.465759 1464.109619 154 153 151 
18.135746 -208.561081 1450.859741 154 152 151 
15.868778 -208.561081 1450.859741 154 152 150 
13.540541 -207.621628 1444.324341 154 152 150 
11.283784 -207.621628 1444.324341 154 152 150 
9.027027 -207.621628 1444.324341 154 152 150 
47.403904 -215.687759 1516.924927 154 152 153 
44.927433 -215.178757 1513.345093 155 153 154 
42.562832 -215.178757 1513.345093 155 153 154 
40.080002 -214.545883 1508.894165 155 153 154 
37.722355 -214.545883 1508.894165 155 154 153 
35.616116 -216.071091 1519.620850 154 153 151 
25.873240 -214.042252 1505.352173 154 153 151 
23.302326 -212.051163 1491.348877 154 153 151 
20.589041 -208.178085 1464.109619 154 153 151 
18.135746 -206.294113 1450.859741 154 153 151 
15.868778 -206.294113 1450.859741 154 153 151 
13.540541 -205.364868 1444.324341 154 153 151 
11.283784 -205.364868 1444.324341 154 153 151 
9.027027 -205.364868 1444.324341 154 153 151 
47.375885 -213.191483 1516.028320 155 153 154 
44.927433 -212.814163 1513.345093 155 153 154 
42.537735 -212.688675 1512.452881 155 153 154 
40.080002 -212.188232 1508.894165 155 153 154 
37.722355 -212.188232 1508.894165 155 153 152 
35.616116 -213.696686 1519.620850 153 152 150 
33.241707 -213.696686 1519.620850 153 152 150 
28.492891 -213.696686 1519.620850 155 154 152 
26.118483 -213.696686 1519.620850 155 154 152 
23.521128 -211.690140 1505.352173 155 154 152 
20.589041 -205.890411 1464.109619 155 154 152 
18.135746 -204.027145 1450.859741 154 153 151 
15.868778 -204.027145 1450.859741 154 153 151 
13.540541 -203.108109 1444.324341 154 153 151 
11.283784 -203.108109 1444.324341 154 153 151 
9.027027 -203.108109 1444.324341 154 153 151 
47.319954 -210.573792 1514.238525 155 153 154 
44.900944 -210.325470 1512.452881 155 153 154 
42.537735 -210.325470 1512.452881 155 153 154 
40.056438 -209.707230 1508.007080 155 153 154 
37.700176 -209.707230 1508.007080 154 153 152 
35.616116 -211.322281 1519.620850 153 152 150 
33.241707 -211.322281 1519.620850 153 152 150 
30.867298 -211.322281 1519.620850 155 154 152 
28.492891 -211.322281 1519.620850 156 155 153 
26.118483 -211.322281 1519.620850 156 155 153 
23.521128 -209.338028 1505.352173 156 155 153 
20.589041 -203.602737 1464.109619 156 155 153 
18.135746 -201.760178 1450.859741 155 154 152 
15.868778 -201.760178 1450.859741 154 153 151 
13.540541 -200.851349 1444.324341 154 153 151 
11.283784 -200.851349 1444.324341 154 153 151 
9.027027 -200.851349 1444.324341 154 153 151 
47.319954 -208.207794 1514.238525 156 153 153 
44.900944 -207.962265 1512.452881 157 152 152 
42.512669 -207.839722 1511.561523 157 152 152 
40.056438 -207.350967 1508.007080 156 152 152 
37.700176 -207.350967 1508.007080 154 151 152 
35.616116 -208.947861 1519.620850 154 152 152 
33.241707 -208.947861 1519.620850 155 153 153 
30.867298 -208.947861 1519.620850 155 153 153 
28.492891 -208.947861 1519.620850 155 153 153 
26.118483 -208.947861 1519.620850 155 154 154 
23.521128 -206.985916 1505.352173 155 154 154 
20.589041 -201.315063 1464.109619 155 154 154 
18.135746 -199.493210 1450.859741 154 153 152 
15.868778 -199.493210 1450.859741 154 153 151 
13.540541 -198.594589 1444.324341 154 153 151 
11.283784 -198.594589 1444.324341 154 153 151 
9.027027 -198.594589 1444.324341 154 153 151 
47.292034 -205.720352 1513.345093 158 155 154 
44.900944 -205.599060 1512.452881 158 155 154 
42.512669 -205.477905 1511.561523 158 155 154 
40.056438 -204.994705 1508.007080 158 155 154 
37.700176 -204.994705 1508.007080 155 153 153 
35.616116 -206.573456 1519.620850 155 153 154 
33.241707 -206.573456 1519.620850 155 153 154 
30.867298 -206.573456 1519.620850 154 152 153 
28.492891 -206.573456 1519.620850 154 152 153 
25.873240 -204.633804 1505.352173 155 153 154 
23.302326 -202.730240 1491.348877 155 153 154 
20.589041 -199.027405 1464.109619 155 153 154 
18.135746 -197.226242 1450.859741 155 153 152 
15.868778 -197.226242 1450.859741 154 153 151 
13.540541 -196.337845 1444.324341 154 153 151 
11.283784 -196.337845 1444.324341 154 153 151 
9.027027 -196.337845 1444.324341 154 153 151 
47.292034 -203.355759 1513.345093 159 157 156 
44.900944 -203.235855 1512.452881 159 158 156 
42.537735 -203.235855 1512.452881 159 158 156 
40.080002 -202.757645 1508.894165 159 158 156 
37.722355 -202.757645 1508.894165 157 155 155 
35.616116 -204.199051 1519.620850 156 154 155 
33.241707 -204.199051 1519.620850 156 154 155 
30.867298 -204.199051 1519.620850 154 152 153 
28.492891 -204.199051 1519.620850 154 152 153 
25.873240 -202.281693 1505.352173 155 153 154 
23.302326 -200.399994 1491.348877 155 153 154 
20.589041 -196.739731 1464.109619 155 153 154 
18.301371 -196.739731 1464.109619 155 154 153 
11.283784 -194.081085 1444.324341 155 154 152 
9.027027 -194.081085 1444.324341 156 155 153 
47.292034 -200.991150 1513.345093 158 156 155 
44.900944 -200.872635 1512.452881 157 156 154 
42.537735 -200.872635 1512.452881 157 156 155 
40.080002 -200.399994 1508.894165 157 156 155 
37.722355 -200.399994 1508.894165 157 156 156 
35.616116 -201.824646 1519.620850 158 156 157 
33.241707 -201.824646 1519.620850 156 154 155 
30.867298 -201.824646 1519.620850 154 152 153 
28.492891 -201.824646 1519.620850 154 152 153 
25.873240 -199.929581 1505.352173 155 153 154 
23.087557 -196.244247 1477.603638 155 153 154 
20.589041 -194.452057 1464.109619 155 153 154 
18.301371 -194.452057 1464.109619 156 154 154 
11.283784 -191.824326 1444.324341 156 155 153 
9.027027 -191.824326 1444.324341 156 155 153 
47.264153 -198.509430 1512.452881 158 153 154 
44.900944 -198.509430 1512.452881 157 153 154 
42.512669 -198.392456 1511.561523 158 154 155 
40.080002 -198.042358 1508.894165 158 154 155 
37.722355 -198.042358 1508.894165 158 155 156 
35.616116 -199.450241 1519.620850 158 156 157 
33.241707 -199.450241 1519.620850 158 156 157 
30.867298 -199.450241 1519.620850 157 155 156 
28.492891 -199.450241 1519.620850 157 155 156 
25.873240 -197.577469 1505.352173 157 155 156 
23.087557 -193.935486 1477.603638 156 154 155 
20.589041 -192.164383 1464.109619 156 154 155 
18.301371 -192.164383 1464.109619 158 155 156 
11.283784 -189.567566 1444.324341 157 153 154 
9.027027 -189.567566 1444.324341 155 153 153 
47.264153 -196.146225 1512.452881 158 152 154 
44.900944 -196.146225 1512.452881 158 152 154 
42.512669 -196.030640 1511.561523 159 153 155 
40.080002 -195.684708 1508.894165 159 153 155 
37.722355 -195.684708 1508.894165 158 155 156 
35.616116 -197.075836 1519.620850 158 156 157 
33.241707 -197.075836 1519.620850 158 156 157 
25.873240 -195.225357 1505.352173 156 154 155 
23.087557 -191.626724 1477.603638 157 155 156 
20.402716 -188.158371 1450.859741 158 156 157 
18.135746 -188.158371 1450.859741 158 155 156 
11.283784 -187.310806 1444.324341 159 156 157 
9.027027 -187.310806 1444.324341 157 155 156 
47.264153 -193.783020 1512.452881 158 152 154 
44.900944 -193.783020 1512.452881 157 151 153 
42.537735 -193.783020 1512.452881 158 152 154 
40.080002 -193.327057 1508.894165 159 153 155 
37.722355 -193.327057 1508.894165 158 155 156 
35.616116 -194.701416 1519.620850 158 156 157 
33.241707 -194.701416 1519.620850 157 155 156 
25.873240 -192.873245 1505.352173 157 155 156 
23.087557 -189.317978 1477.603638 157 155 156 
20.402716 -185.891403 1450.859741 156 154 155 
18.135746 -185.891403 1450.859741 155 154 154 
11.283784 -185.054062 1444.324341 159 157 158 
9.027027 -185.054062 1444.324341 158 156 157 
47.292034 -191.532745 1513.345093 157 151 153 
44.900944 -191.419815 1512.452881 157 151 153 
42.537735 -191.419815 1512.452881 157 152 153 
40.103592 -191.081818 1509.782227 158 152 154 
37.744556 -191.081818 1509.782227 158 155 156 
35.616116 -192.327011 1519.620850 158 156 156 
33.241707 -192.327011 1519.620850 156 154 155 
30.867298 -192.327011 1519.620850 154 152 153 
28.492891 -192.327011 1519.620850 156 154 155 
25.873240 -190.521133 1505.352173 157 155 156 
23.087557 -187.009216 1477.603638 157 155 156 
20.402716 -183.624435 1450.859741 157 155 155 
18.135746 -183.624435 1450.859741 157 156 156 
11.283784 -182.797302 1444.324341 155 155 155 
9.027027 -182.797302 1444.324341 156 153 154 
47.319954 -189.279816 1514.238525 156 153 152 
44.927433 -189.168137 1513.345093 155 152 151 
42.537735 -189.056610 1512.452881 155 153 152 
40.127209 -188.833923 1510.671387 155 153 152 
37.766785 -188.833923 1510.671387 156 154 153 
35.616116 -189.952606 1519.620850 157 156 155 
33.241707 -189.952606 1519.620850 157 156 155 
30.867298 -189.952606 1519.620850 154 153 152 
28.492891 -189.952606 1519.620850 154 153 152 
25.873240 -188.169022 1505.352173 156 155 154 
23.087557 -184.700455 1477.603638 157 156 155 
20.402716 -181.357468 1450.859741 157 156 155 
18.135746 -181.357468 1450.859741 157 156 155 
11.283784 -180.540543 1444.324341 154 153 152 
9.027027 -180.540543 1444.324341 156 154 153 
47.319954 -186.913818 1514.238525 156 155 153 
44.927433 -186.803543 1513.345093 155 154 152 
42.562832 -186.803543 1513.345093 155 154 152 
40.127209 -186.473495 1510.671387 155 154 152 
37.766785 -186.473495 1510.671387 155 154 152 
35.616116 -187.578201 1519.620850 157 156 154 
33.241707 -187.578201 1519.620850 156 155 153 
30.867298 -187.578201 1519.620850 154 153 151 
28.225351 -185.816895 1505.352173 155 154 152 
25.873240 -185.816895 1505.352173 156 155 153 
23.087557 -182.391708 1477.603638 157 156 154 
20.402716 -179.090500 1450.859741 156 155 153 
18.135746 -179.090500 1450.859741 156 155 153 
11.283784 -178.283783 1444.324341 154 153 151 
9.027027 -178.283783 1444.324341 155 154 152 
47.347904 -184.656830 1515.132935 158 157 155 
44.953957 -184.547821 1514.238525 158 157 155 
42.562832 -184.438934 1513.345093 158 157 155 
40.150856 -184.221573 1511.561523 157 156 154 
37.700176 -183.788361 1508.007080 155 154 152 
35.343914 -183.788361 1508.007080 153 152 150 
33.241707 -185.203796 1519.620850 152 151 149 
30.867298 -185.203796 1519.620850 152 151 149 
28.225351 -183.464783 1505.352173 155 154 152 
25.873240 -183.464783 1505.352173 157 156 154 
22.876713 -178.438354 1464.109619 157 156 154 
20.402716 -176.823532 1450.859741 155 154 152 
18.135746 -176.823532 1450.859741 154 153 151 
15.797297 -176.027023 1444.324341 155 154 152 
13.540541 -176.027023 1444.324341 155 154 152 
11.283784 -176.027023 1444.324341 155 154 152 
9.027027 -176.027023 1444.324341 155 154 152 
47.403904 -182.505020 1516.924927 160 158 156 
44.980507 -182.289429 1515.132935 160 158 157 
42.587959 -182.181824 1514.238525 160 158 157 
40.174530 -181.966980 1512.452881 160 158 157 
37.700176 -181.432098 1508.007080 159 157 155 
35.343914 -181.432098 1508.007080 155 154 152 
28.225351 -181.112671 1505.352173 157 156 154 
25.632559 -179.427902 1491.348877 158 157 155 
22.876713 -176.150681 1464.109619 157 156 154 
20.402716 -174.556564 1450.859741 154 153 151 
18.135746 -174.556564 1450.859741 153 152 150 
15.797297 -173.770264 1444.324341 154 153 151 
13.540541 -173.770264 1444.324341 155 154 152 
11.283784 -173.770264 1444.324341 156 155 153 
9.027027 -173.770264 1444.324341 156 155 153 
47.431953 -180.241425 1517.822510 161 157 156 
45.033707 -180.134827 1516.924927 161 157 156 
42.613113 -179.922028 1515.132935 161 157 156 
40.174530 -179.603775 1512.452881 161 157 156 
37.722355 -179.181183 1508.894165 162 156 156 
35.364704 -179.181183 1508.894165 160 156 155 
33.241707 -180.454971 1519.620850 157 156 154 
30.867298 -180.454971 1519.620850 155 157 154 
28.225351 -178.760559 1505.352173 155 158 154 
25.632559 -177.097672 1491.348877 156 157 154 
22.669683 -172.289597 1450.859741 158 155 154 
20.402716 -172.289597 1450.859741 159 153 153 
18.135746 -172.289597 1450.859741 155 152 151 
15.797297 -171.513519 1444.324341 154 153 151 
13.540541 -171.513519 1444.324341 155 154 152 
11.283784 -171.513519 1444.324341 157 156 154 
9.027027 -171.513519 1444.324341 156 155 153 
47.488152 -178.080566 1519.620850 162 156 156 
45.033707 -177.764633 1516.924927 162 156 156 
42.638298 -177.659576 1516.028320 162 156 156 
40.174530 -177.240570 1512.452881 162 156 156 
37.744556 -176.927612 1509.782227 163 155 156 
35.364704 -176.823532 1508.894165 161 155 155 
32.929577 -176.408447 1505.352173 157 156 154 
30.577465 -176.408447 1505.352173 153 157 154 
28.225351 -176.408447 1505.352173 153 158 154 
25.873240 -176.408447 1505.352173 155 157 154 
22.669683 -170.022629 1450.859741 159 155 154 
20.402716 -170.022629 1450.859741 161 153 154 
18.135746 -170.022629 1450.859741 157 154 153 
15.797297 -169.256760 1444.324341 154 153 151 
13.540541 -169.256760 1444.324341 155 154 152 
11.283784 -169.256760 1444.324341 158 157 155 
9.027027 -169.256760 1444.324341 159 158 156 
47.516300 -175.810318 1520.521606 162 156 156 
45.060356 -175.498230 1517.822510 162 156 156 
42.638298 -175.290787 1516.028320 162 156 156 
40.174530 -174.877365 1512.452881 162 156 156 
37.744556 -174.568573 1509.782227 163 155 156 
35.385521 -174.568573 1509.782227 162 156 156 
32.929577 -174.056335 1505.352173 158 157 155 
30.577465 -174.056335 1505.352173 154 158 154 
28.225351 -174.056335 1505.352173 153 158 154 
25.164383 -169.287674 1464.109619 155 157 154 
22.669683 -167.755661 1450.859741 159 155 154 
20.402716 -167.755661 1450.859741 161 154 154 
18.054054 -167.000000 1444.324341 159 155 154 
15.797297 -167.000000 1444.324341 157 156 154 
13.540541 -167.000000 1444.324341 157 156 154 
11.283784 -167.000000 1444.324341 158 157 155 
9.027027 -167.000000 1444.324341 159 158 156 
47.572701 -173.640350 1522.326416 162 157 156 
45.087032 -173.229126 1518.721191 162 156 156 
42.663513 -173.024246 1516.924927 162 156 156 
40.198231 -172.615936 1513.345093 162 156 156 
37.744556 -172.209534 1509.782227 164 156 157 
35.385521 -172.209534 1509.782227 163 157 156 
32.987656 -172.007050 1508.007080 159 157 156 
30.577465 -171.704224 1505.352173 155 158 155 
28.225351 -171.704224 1505.352173 154 158 155 
25.164383 -167.000000 1464.109619 155 157 154 
22.669683 -165.488693 1450.859741 159 155 154 
20.402716 -165.488693 1450.859741 161 154 154 
18.054054 -164.743240 1444.324341 161 157 156 
15.797297 -164.743240 1444.324341 159 158 156 
13.540541 -164.743240 1444.324341 158 157 155 
11.283784 -164.743240 1444.324341 159 158 156 
9.027027 -164.743240 1444.324341 159 158 156 
47.629234 -171.465240 1524.135498 160 161 157 
45.140488 -171.058685 1520.521606 160 158 154 
42.714031 -170.856125 1518.721191 162 155 154 
40.293316 -170.654053 1516.924927 166 156 156 
37.833630 -170.251328 1513.345093 167 159 157 
35.406361 -169.950531 1510.671387 165 158 157 
32.987656 -169.650787 1508.007080 163 156 156 
29.739727 -164.712326 1464.109619 162 157 158 
27.452055 -164.712326 1464.109619 160 157 157 
24.936651 -163.221725 1450.859741 158 155 155 
22.669683 -163.221725 1450.859741 159 154 154 
20.310810 -162.486481 1444.324341 162 155 155 
18.054054 -162.486481 1444.324341 161 158 157 
15.797297 -162.486481 1444.324341 160 159 157 
13.540541 -162.486481 1444.324341 159 158 156 
11.283784 -162.486481 1444.324341 159 158 156 
9.027027 -162.486481 1444.324341 158 157 155 
47.657551 -169.184311 1525.041626 158 158 152 
45.194065 -168.883087 1522.326416 156 150 144 
42.790035 -168.782913 1521.423462 158 145 141 
40.412811 -168.782913 1521.423462 169 150 147 
32.987656 -167.294540 1508.007080 173 159 157 
29.739727 -162.424652 1464.109619 171 158 157 
27.203619 -160.954758 1450.859741 167 157 156 
24.936651 -160.954758 1450.859741 165 157 155 
22.669683 -160.954758 1450.859741 165 157 155 
20.310810 -160.229736 1444.324341 165 158 157 
18.054054 -160.229736 1444.324341 161 158 156 
15.797297 -160.229736 1444.324341 158 157 155 
13.540541 -160.229736 1444.324341 158 157 155 
11.283784 -160.229736 1444.324341 158 157 155 
9.027027 -160.229736 1444.324341 157 156 154 
45.220901 -166.603333 1523.230347 154 140 131 
42.840855 -166.603333 1523.230347 161 136 129 
32.027397 -160.136993 1464.109619 181 158 150 
29.739727 -160.136993 1464.109619 180 159 152 
27.203619 -158.687790 1450.859741 174 158 151 
24.936651 -158.687790 1450.859741 171 157 152 
22.567568 -157.972977 1444.324341 168 157 153 
20.310810 -157.972977 1444.324341 164 156 154 
18.054054 -157.972977 1444.324341 158 155 153 
15.797297 -157.972977 1444.324341 156 155 153 
13.540541 -157.972977 1444.324341 157 156 154 
11.283784 -157.972977 1444.324341 158 157 155 
9.027027 -157.972977 1444.324341 157 156 154 
32.027397 -157.849319 1464.109619 175 143 131 
29.739727 -157.849319 1464.109619 175 147 135 
27.203619 -156.420822 1450.859741 177 154 143 
24.936651 -156.420822 1450.859741 178 159 149 
22.567568 -155.716217 1444.324341 173 159 153 
20.310810 -155.716217 1444.324341 167 157 154 
18.054054 -155.716217 1444.324341 159 155 153 
15.797297 -155.716217 1444.324341 157 155 153 
13.540541 -155.716217 1444.324341 158 157 155 
11.283784 -155.716217 1444.324341 160 158 157 
9.027027 -155.716217 1444.324341 158 156 155 
34.512054 -156.454651 1472.514404 177 145 131 
32.100685 -155.917618 1467.459961 175 142 126 
29.739727 -155.561646 1464.109619 174 140 122 
27.203619 -154.153839 1450.859741 175 142 126 
24.936651 -154.153839 1450.859741 177 148 135 
22.567568 -153.459457 1444.324341 177 155 147 
20.310810 -153.459457 1444.324341 175 159 155 
18.054054 -153.459457 1444.324341 169 157 156 
15.797297 -153.459457 1444.324341 164 154 154 
13.540541 -153.459457 1444.324341 162 154 155 
11.283784 -153.459457 1444.324341 162 156 157 
9.027027 -153.459457 1444.324341 161 154 156 
34.512054 -154.153839 1472.514404 174 146 133 
32.119061 -153.712646 1468.299927 177 146 129 
29.739727 -153.273972 1464.109619 179 144 125 
27.203619 -151.886871 1450.859741 179 144 125 
24.824324 -151.202698 1444.324341 176 143 128 
22.567568 -151.202698 1444.324341 172 146 135 
20.310810 -151.202698 1444.324341 173 152 145 
18.054054 -151.202698 1444.324341 174 155 150 
15.797297 -151.202698 1444.324341 172 155 152 
13.540541 -151.202698 1444.324341 169 154 153 
11.283784 -151.202698 1444.324341 165 151 151 
9.027027 -151.202698 1444.324341 164 152 152 
47.714287 -157.457138 1526.857178 165 141 132 
45.328571 -157.457138 1526.857178 166 143 130 
34.512054 -151.853043 1472.514404 172 146 134 
32.119061 -151.418427 1468.299927 177 147 132 
29.688889 -150.728210 1461.606812 180 147 129 
27.249859 -149.874222 1453.325806 179 145 126 
24.824324 -148.945953 1444.324341 180 148 130 
22.567568 -148.945953 1444.324341 180 151 136 
20.310810 -148.945953 1444.324341 176 150 137 
18.054054 -148.945953 1444.324341 174 148 137 
15.797297 -148.945953 1444.324341 176 151 142 
13.540541 -148.945953 1444.324341 177 154 147 
11.283784 -148.945953 1444.324341 175 154 148 
9.027027 -148.945953 1444.324341 172 155 149 
47.685902 -154.979172 1525.948853 151 126 119 
45.301605 -154.979172 1525.948853 155 132 121 
34.531879 -149.638138 1473.360107 172 147 137 
32.119061 -149.124207 1468.299927 176 148 134 
29.671982 -148.359909 1460.774536 177 147 130 
27.249859 -147.603394 1453.325806 178 146 126 
24.824324 -146.689194 1444.324341 178 146 126 
22.567568 -146.689194 1444.324341 178 147 129 
20.310810 -146.689194 1444.324341 179 150 132 
18.054054 -146.689194 1444.324341 182 151 134 
15.797297 -146.689194 1444.324341 180 149 134 
13.540541 -146.689194 1444.324341 178 149 136 
11.283784 -146.689194 1444.324341 180 153 141 
47.657551 -152.504166 1525.041626 149 124 113 
45.247772 -152.413544 1524.135498 146 122 114 
34.571594 -147.505463 1475.054688 162 141 130 
32.137459 -146.914093 1469.140869 168 146 134 
29.655094 -145.994308 1459.943115 171 148 135 
27.249859 -145.332581 1453.325806 175 147 132 
24.824324 -144.432434 1444.324341 179 149 133 
22.567568 -144.432434 1444.324341 178 149 133 
20.310810 -144.432434 1444.324341 177 148 132 
18.054054 -144.432434 1444.324341 178 149 126 
15.797297 -144.432434 1444.324341 179 149 125 
13.540541 -144.432434 1444.324341 179 148 130 
11.283784 -144.432434 1444.324341 179 147 134 
47.629234 -150.032089 1524.135498 150 124 112 
45.220901 -149.942993 1523.230347 147 123 114 
42.840855 -149.942993 1523.230347 144 124 117 
32.137459 -144.618561 1469.140869 153 133 122 
29.655094 -143.713150 1459.943115 161 140 130 
27.249859 -143.061752 1453.325806 168 144 132 
24.824324 -142.175674 1444.324341 175 149 136 
22.567568 -142.175674 1444.324341 175 150 137 
20.310810 -142.175674 1444.324341 176 151 137 
18.054054 -142.175674 1444.324341 177 149 127 
15.797297 -142.175674 1444.324341 179 147 124 
13.540541 -142.175674 1444.324341 173 139 120 
11.283784 -142.175674 1444.324341 174 136 123 
47.629234 -147.650620 1524.135498 150 124 111 
45.194065 -147.475372 1522.326416 147 123 112 
42.815430 -147.475372 1522.326416 144 124 116 
32.155872 -142.404587 1469.982788 145 125 117 
29.655094 -141.431992 1459.943115 147 127 118 
27.249859 -140.790939 1453.325806 150 130 121 
24.824324 -139.918915 1444.324341 159 140 130 
22.567568 -139.918915 1444.324341 165 146 136 
20.310810 -139.918915 1444.324341 169 150 139 
18.054054 -139.918915 1444.324341 173 148 133 
15.797297 -139.918915 1444.324341 175 145 128 
13.540541 -139.918915 1444.324341 176 141 123 
11.283784 -139.918915 1444.324341 176 137 120 
45.194065 -145.096741 1522.326416 147 124 110 
42.790035 -145.010681 1521.423462 144 124 113 
32.155872 -140.107742 1469.982788 146 126 119 
29.638226 -139.071671 1459.112671 145 126 119 
27.234428 -138.441681 1452.502808 141 125 117 
24.824324 -137.662155 1444.324341 140 125 117 
22.567568 -137.662155 1444.324341 142 127 119 
20.310810 -137.662155 1444.324341 152 137 128 
18.054054 -137.662155 1444.324341 161 144 132 
15.797297 -137.662155 1444.324341 168 146 131 
13.540541 -137.662155 1444.324341 173 145 127 
11.283784 -137.662155 1444.324341 178 144 123 
45.167259 -142.633453 1521.423462 150 122 109 
42.739338 -142.464462 1519.620850 148 123 108 
40.364929 -142.464462 1519.620850 147 124 109 
32.174313 -137.889908 1470.825684 144 124 116 
29.638226 -136.791809 1459.112671 143 123 115 
27.219015 -136.095078 1451.680786 142 123 115 
24.824324 -135.405411 1444.324341 141 123 115 
22.567568 -135.405411 1444.324341 140 122 114 
20.310810 -135.405411 1444.324341 141 124 115 
18.054054 -135.405411 1444.324341 145 127 117 
15.797297 -135.405411 1444.324341 152 132 122 
13.540541 -135.405411 1444.324341 159 137 126 
11.283784 -135.405411 1444.324341 167 143 130 
45.140488 -140.173096 1520.521606 149 122 109 
42.663513 -139.841507 1516.924927 148 123 107 
40.293316 -139.841507 1516.924927 147 124 106 
32.192772 -135.669540 1471.669556 143 123 114 
29.655094 -134.588501 1459.943115 143 123 114 
27.219015 -133.826828 1451.680786 143 123 114 
24.824324 -133.148651 1444.324341 143 123 114 
22.567568 -133.148651 1444.324341 143 123 114 
20.310810 -133.148651 1444.324341 143 123 114 
18.054054 -133.148651 1444.324341 144 124 114 
15.797297 -133.148651 1444.324341 143 123 114 
13.540541 -133.148651 1444.324341 144 124 115 
11.283784 -133.148651 1444.324341 147 127 118 
45.140488 -137.797272 1520.521606 145 122 110 
42.638298 -137.390076 1516.028320 144 124 108 
40.269505 -137.390076 1516.028320 142 124 107 
32.211250 -133.446609 1472.514404 143 123 114 
29.655094 -132.307343 1459.943115 143 123 114 
27.219015 -131.558578 1451.680786 143 123 114 
24.824324 -130.891891 1444.324341 143 123 114 
22.567568 -130.891891 1444.324341 143 123 114 
20.310810 -130.891891 1444.324341 143 123 114 
18.054054 -130.891891 1444.324341 145 126 115 
15.797297 -130.891891 1444.324341 144 125 113 
13.540541 -130.891891 1444.324341 143 123 111 
11.283784 -130.891891 1444.324341 143 124 112 
45.140488 -135.421463 1520.521606 141 122 111 
42.638298 -135.021271 1516.028320 140 124 109 
40.269505 -135.021271 1516.028320 139 124 108 
32.211250 -131.145813 1472.514404 143 123 113 
29.655094 -130.026184 1459.943115 143 123 114 
27.219015 -129.290329 1451.680786 143 123 114 
24.824324 -128.635132 1444.324341 143 123 114 
22.567568 -128.635132 1444.324341 143 123 114 
20.310810 -128.635132 1444.324341 143 123 114 
18.054054 -128.635132 1444.324341 145 125 113 
15.797297 -128.635132 1444.324341 144 125 111 
13.540541 -128.635132 1444.324341 143 124 110 
11.283784 -128.635132 1444.324341 144 125 111 
45.167259 -133.124557 1521.423462 129 114 108 
42.663513 -132.730927 1516.924927 132 116 110 
40.293316 -132.730927 1516.924927 137 120 113 
32.192772 -128.771088 1471.669556 145 123 111 
29.638226 -127.672356 1459.112671 144 122 110 
27.203619 -126.950226 1450.859741 144 122 110 
24.824324 -126.378380 1444.324341 146 124 111 
22.567568 -126.378380 1444.324341 146 124 112 
20.310810 -126.378380 1444.324341 145 123 111 
18.054054 -126.378380 1444.324341 145 125 111 
15.797297 -126.378380 1444.324341 144 125 111 
13.540541 -126.378380 1444.324341 143 124 110 
11.283784 -126.378380 1444.324341 144 125 110 
47.629234 -130.980392 1524.135498 138 127 124 
45.167259 -130.747330 1521.423462 129 116 113 
42.663513 -130.360733 1516.924927 124 109 106 
40.293316 -130.360733 1516.924927 128 110 107 
32.192772 -126.471603 1471.669556 143 121 110 
29.638226 -125.392494 1459.112671 142 120 108 
27.203619 -124.683258 1450.859741 143 121 109 
24.824324 -124.121620 1444.324341 145 123 111 
22.567568 -124.121620 1444.324341 145 124 112 
20.310810 -124.121620 1444.324341 144 122 110 
18.054054 -124.121620 1444.324341 143 123 110 
15.797297 -124.121620 1444.324341 143 124 110 
13.540541 -124.121620 1444.324341 143 124 110 
11.283784 -124.121620 1444.324341 143 124 110 
47.629234 -128.598938 1524.135498 149 139 135 
45.167259 -128.370102 1521.423462 151 140 136 
42.663513 -127.990540 1516.924927 147 134 131 
40.293316 -127.990540 1516.924927 136 121 118 
32.192772 -124.172119 1471.669556 127 109 101 
29.638226 -123.112625 1459.112671 133 115 107 
27.203619 -122.416290 1450.859741 138 119 112 
24.824324 -121.864868 1444.324341 140 122 114 
22.567568 -121.864868 1444.324341 140 122 115 
20.310810 -121.864868 1444.324341 139 121 113 
18.054054 -121.864868 1444.324341 141 122 110 
15.797297 -121.864868 1444.324341 142 123 109 
13.540541 -121.864868 1444.324341 142 123 109 
11.283784 -121.864868 1444.324341 142 123 109 
47.629234 -126.217468 1524.135498 152 143 138 
45.140488 -125.918198 1520.521606 152 144 139 
42.638298 -125.546097 1516.028320 154 143 139 
40.269505 -125.546097 1516.028320 154 141 138 
32.192772 -121.872635 1471.669556 127 113 107 
29.638226 -120.832764 1459.112671 121 108 101 
27.219015 -120.217316 1451.680786 123 109 103 
24.824324 -119.608109 1444.324341 128 114 108 
22.567568 -119.608109 1444.324341 132 118 112 
20.310810 -119.608109 1444.324341 135 121 114 
18.054054 -119.608109 1444.324341 139 122 110 
15.797297 -119.608109 1444.324341 141 122 108 
13.540541 -119.608109 1444.324341 141 122 108 
11.283784 -119.608109 1444.324341 141 122 108 
47.657551 -123.909630 1525.041626 158 150 145 
45.140488 -123.542381 1520.521606 156 147 142 
42.638298 -123.177307 1516.028320 152 143 138 
40.269505 -123.177307 1516.028320 150 140 136 
32.174313 -119.504585 1470.825684 146 138 134 
29.638226 -118.552902 1459.112671 136 127 122 
27.219015 -117.949066 1451.680786 127 115 110 
24.824324 -117.351349 1444.324341 122 109 103 
22.567568 -117.351349 1444.324341 123 108 101 
20.310810 -117.351349 1444.324341 129 113 105 
18.054054 -117.351349 1444.324341 134 116 107 
15.797297 -117.351349 1444.324341 136 118 108 
13.540541 -117.351349 1444.324341 139 121 109 
11.283784 -117.351349 1444.324341 140 123 109 
47.657551 -121.526756 1525.041626 160 151 149 
45.140488 -121.166565 1520.521606 158 148 146 
42.638298 -120.808510 1516.028320 154 145 142 
40.269505 -120.808510 1516.028320 151 142 139 
32.155872 -117.139252 1469.982788 147 140 137 
29.621376 -116.206940 1458.283081 150 141 137 
27.219015 -115.680817 1451.680786 152 141 137 
24.824324 -115.094597 1444.324341 144 131 126 
22.567568 -115.094597 1444.324341 130 116 109 
20.310810 -115.094597 1444.324341 123 107 99 
18.054054 -115.094597 1444.324341 122 106 98 
15.797297 -115.094597 1444.324341 126 111 103 
13.540541 -115.094597 1444.324341 133 117 107 
11.283784 -115.094597 1444.324341 136 121 108 
47.714287 -119.285713 1526.857178 162 153 155 
45.167259 -118.861214 1521.423462 161 150 154 
42.638298 -118.439720 1516.028320 158 148 151 
40.269505 -118.439720 1516.028320 156 145 148 
32.155872 -114.842407 1469.982788 149 139 137 
29.621376 -113.928368 1458.283081 148 137 134 
27.219015 -113.412567 1451.680786 150 140 135 
24.824324 -112.837837 1444.324341 153 142 136 
22.567568 -112.837837 1444.324341 152 139 131 
20.310810 -112.837837 1444.324341 145 131 123 
18.054054 -112.837837 1444.324341 134 122 117 
15.797297 -112.837837 1444.324341 124 112 108 
13.540541 -112.837837 1444.324341 118 107 100 
11.283784 -112.837837 1444.324341 121 111 101 
47.714287 -116.900002 1526.857178 163 154 160 
45.167259 -116.483986 1521.423462 163 153 159 
42.638298 -116.070923 1516.028320 161 151 157 
40.269505 -116.070923 1516.028320 159 149 155 
32.155872 -112.545555 1469.982788 157 145 144 
29.638226 -111.713310 1459.112671 154 141 138 
27.234428 -111.207245 1452.502808 150 140 136 
24.824324 -110.581078 1444.324341 149 140 133 
22.567568 -110.581078 1444.324341 150 139 131 
20.310810 -110.581078 1444.324341 153 141 133 
18.054054 -110.581078 1444.324341 152 141 138 
15.797297 -110.581078 1444.324341 144 135 133 
13.540541 -110.581078 1444.324341 133 124 120 
11.283784 -110.581078 1444.324341 123 115 109 
47.742702 -114.582489 1527.766479 160 157 155 
45.167259 -114.106758 1521.423462 160 156 153 
42.663513 -113.769371 1516.924927 159 156 151 
40.293316 -113.769371 1516.924927 159 155 149 
32.174313 -110.311928 1470.825684 162 148 148 
29.638226 -109.433449 1459.112671 161 147 146 
27.234428 -108.937714 1452.502808 156 143 141 
24.824324 -108.324326 1444.324341 154 141 139 
22.567568 -108.324326 1444.324341 153 140 137 
20.310810 -108.324326 1444.324341 153 139 136 
18.054054 -108.324326 1444.324341 154 140 139 
15.797297 -108.324326 1444.324341 155 141 141 
13.540541 -108.324326 1444.324341 154 140 139 
11.283784 -108.324326 1444.324341 149 135 133 
47.799641 -112.329163 1529.588501 160 159 155 
45.194065 -111.795845 1522.326416 160 159 153 
42.739338 -111.597160 1519.620850 160 159 151 
40.364929 -111.597160 1519.620850 160 159 150 
34.731369 -108.824959 1481.871704 165 154 152 
32.174313 -108.013763 1470.825684 163 152 150 
29.739727 -107.520546 1464.109619 162 150 148 
27.234428 -106.668175 1452.502808 161 149 147 
24.824324 -106.067566 1444.324341 160 148 146 
22.567568 -106.067566 1444.324341 158 146 145 
20.310810 -106.067566 1444.324341 157 145 143 
18.054054 -106.067566 1444.324341 155 142 140 
15.797297 -106.067566 1444.324341 154 140 138 
13.540541 -106.067566 1444.324341 153 139 137 
11.283784 -106.067566 1444.324341 152 139 136 
47.856716 -110.070450 1531.414917 160 159 158 
45.274673 -109.612366 1525.041626 161 159 158 
42.815430 -109.417213 1522.326416 161 160 156 
40.388855 -109.287491 1520.521606 161 160 155 
37.789040 -108.643486 1511.561523 165 159 155 
34.691288 -106.386612 1480.161621 165 158 155 
32.174313 -105.715599 1470.825684 163 156 152 
29.739727 -105.232880 1464.109619 161 154 151 
27.203619 -104.280540 1450.859741 161 153 150 
24.824324 -103.810814 1444.324341 160 152 149 
22.567568 -103.810814 1444.324341 158 151 148 
20.310810 -103.810814 1444.324341 157 149 146 
18.054054 -103.810814 1444.324341 155 146 141 
15.797297 -103.810814 1444.324341 153 144 138 
13.540541 -103.810814 1444.324341 151 142 136 
11.283784 -103.810814 1444.324341 150 141 134 
47.885303 -107.741936 1532.329712 158 156 159 
45.301605 -107.293282 1525.948853 159 156 159 
42.891796 -107.229492 1525.041626 159 157 157 
40.388855 -106.911674 1520.521606 159 157 155 
37.655903 -105.907219 1506.236084 159 156 152 
34.711315 -104.133949 1481.016113 159 156 151 
32.359863 -104.013840 1479.307983 160 157 152 
29.859026 -103.358170 1469.982788 161 157 153 
27.203619 -102.013573 1450.859741 160 156 152 
24.936651 -102.013573 1450.859741 158 155 150 
22.567568 -101.554054 1444.324341 157 153 149 
20.310810 -101.554054 1444.324341 156 152 148 
18.054054 -101.554054 1444.324341 156 152 144 
15.797297 -101.554054 1444.324341 156 151 141 
13.540541 -101.554054 1444.324341 153 148 139 
11.283784 -101.554054 1444.324341 151 146 137 
47.971275 -105.536804 1535.080811 159 154 155 
45.301605 -104.908981 1525.948853 159 154 155 
42.764671 -104.535866 1520.521606 159 155 155 
40.221958 -104.103897 1514.238525 161 156 156 
37.655903 -103.553726 1506.236084 162 155 155 
35.281689 -103.492958 1505.352173 161 154 153 
32.397228 -101.819862 1481.016113 162 155 154 
27.452055 -100.657532 1464.109619 162 155 154 
24.936651 -99.746605 1450.859741 162 155 154 
22.567568 -99.297295 1444.324341 163 155 154 
20.310810 -99.297295 1444.324341 162 155 153 
18.054054 -99.297295 1444.324341 160 154 150 
15.797297 -99.297295 1444.324341 159 154 148 
13.540541 -99.297295 1444.324341 157 152 146 
11.283784 -99.297295 1444.324341 156 151 145 
47.971275 -103.138237 1535.080811 162 156 156 
45.328571 -102.585716 1526.857178 160 154 154 
42.764671 -102.160049 1520.521606 161 155 155 
40.221958 -101.737900 1514.238525 163 157 157 
37.700176 -101.319221 1508.007080 164 156 157 
35.302406 -101.200233 1506.236084 163 155 156 
24.936651 -97.479637 1450.859741 165 156 157 
22.669683 -97.479637 1450.859741 166 158 158 
20.310810 -97.040543 1444.324341 165 157 157 
18.054054 -97.040543 1444.324341 163 157 154 
15.797297 -97.040543 1444.324341 162 157 153 
13.540541 -97.040543 1444.324341 161 156 152 
11.283784 -97.040543 1444.324341 160 155 151 
9.027027 -97.040543 1444.324341 157 152 148 
47.971275 -100.739677 1535.080811 164 158 158 
45.328571 -100.199997 1526.857178 162 156 156 
42.790035 -99.843414 1521.423462 161 155 155 
40.245716 -99.430595 1515.132935 162 156 156 
37.744556 -99.079460 1509.782227 162 158 157 
35.343914 -98.962967 1508.007080 161 158 157 
32.987656 -98.962967 1508.007080 160 157 156 
30.867298 -99.725121 1519.620850 159 156 155 
27.452055 -96.082191 1464.109619 158 155 154 
24.936651 -95.212669 1450.859741 160 156 155 
22.669683 -95.212669 1450.859741 161 158 157 
20.310810 -94.783783 1444.324341 161 157 156 
18.054054 -94.783783 1444.324341 162 158 155 
15.797297 -94.783783 1444.324341 163 158 154 
13.540541 -94.783783 1444.324341 163 158 154 
11.283784 -94.783783 1444.324341 162 157 153 
9.027027 -94.783783 1444.324341 160 155 151 
47.971275 -98.341110 1535.080811 164 159 158 
45.355568 -97.872543 1527.766479 163 157 157 
42.840855 -97.581947 1523.230347 161 156 156 
40.317162 -97.235504 1517.822510 162 156 156 
37.811321 -96.891510 1512.452881 160 158 157 
35.448112 -96.891510 1512.452881 160 160 158 
33.241707 -97.350708 1519.620850 159 159 157 
30.867298 -97.350708 1519.620850 156 156 154 
28.225351 -96.436623 1505.352173 156 156 154 
25.164383 -93.794518 1464.109619 158 158 156 
22.669683 -92.945702 1450.859741 159 159 157 
20.402716 -92.945702 1450.859741 158 158 156 
18.054054 -92.527031 1444.324341 161 157 154 
15.797297 -92.527031 1444.324341 162 157 153 
13.540541 -92.527031 1444.324341 161 156 152 
11.283784 -92.527031 1444.324341 161 156 152 
9.027027 -92.527031 1444.324341 161 156 153 
48.028759 -96.057518 1536.920288 161 158 157 
45.382599 -95.542313 1528.677002 162 160 158 
42.866310 -95.258469 1524.135498 162 159 158 
40.388855 -95.032600 1520.521606 161 158 157 
37.878323 -94.695808 1515.132935 160 157 156 
35.510929 -94.695808 1515.132935 161 158 157 
33.241707 -94.976303 1519.620850 162 159 158 
30.867298 -94.976303 1519.620850 161 157 156 
28.492891 -94.976303 1519.620850 160 156 155 
25.164383 -91.506851 1464.109619 162 159 158 
22.669683 -90.678734 1450.859741 161 158 157 
20.402716 -90.678734 1450.859741 160 156 155 
13.540541 -90.270271 1444.324341 161 156 154 
11.283784 -90.270271 1444.324341 161 156 154 
9.027027 -90.270271 1444.324341 162 157 155 
48.057552 -93.712227 1537.841675 160 159 157 
45.382599 -93.153755 1528.677002 161 160 158 
42.866310 -92.877007 1524.135498 162 161 159 
40.388855 -92.656784 1520.521606 161 159 157 
37.878323 -92.328415 1515.132935 161 156 155 
35.510929 -92.328415 1515.132935 162 156 156 
33.241707 -92.601898 1519.620850 164 158 158 
30.867298 -92.601898 1519.620850 163 157 157 
22.669683 -88.411766 1450.859741 161 155 155 
20.402716 -88.411766 1450.859741 160 154 154 
13.540541 -88.013512 1444.324341 162 156 156 
11.283784 -88.013512 1444.324341 162 156 156 
9.027027 -88.013512 1444.324341 163 157 157 
48.057552 -91.309349 1537.841675 160 159 157 
45.382599 -90.765198 1528.677002 161 160 158 
42.866310 -90.495544 1524.135498 162 161 159 
40.388855 -90.280975 1520.521606 161 159 157 
37.855961 -89.907913 1514.238525 161 157 156 
35.489964 -89.907913 1514.238525 163 157 157 
33.241707 -90.227486 1519.620850 163 157 157 
30.867298 -90.227486 1519.620850 161 155 155 
28.492891 -90.227486 1519.620850 162 156 156 
25.632559 -88.548836 1491.348877 162 156 156 
22.669683 -86.144798 1450.859741 159 153 153 
20.402716 -86.144798 1450.859741 160 154 154 
13.540541 -85.756760 1444.324341 162 156 156 
11.283784 -85.756760 1444.324341 162 156 156 
9.027027 -85.756760 1444.324341 160 154 154 
48.057552 -88.906471 1537.841675 160 158 156 
45.382599 -88.376640 1528.677002 161 160 158 
42.866310 -88.114082 1524.135498 162 161 159 
40.388855 -87.905159 1520.521606 161 159 157 
37.811321 -87.438683 1512.452881 161 157 156 
35.448112 -87.438683 1512.452881 163 157 157 
33.241707 -87.853081 1519.620850 162 156 156 
30.867298 -87.853081 1519.620850 160 154 154 
28.225351 -87.028168 1505.352173 162 156 156 
25.396313 -85.423965 1477.603638 161 155 155 
22.669683 -83.877831 1450.859741 157 151 151 
20.402716 -83.877831 1450.859741 160 154 154 
13.540541 -83.500000 1444.324341 162 156 156 
11.283784 -83.500000 1444.324341 162 156 155 
9.027027 -83.500000 1444.324341 159 153 153 
48.057552 -86.503601 1537.841675 161 157 156 
45.382599 -85.988083 1528.677002 161 157 156 
42.866310 -85.732620 1524.135498 162 157 157 
40.388855 -85.529343 1520.521606 161 156 156 
37.811321 -85.075470 1512.452881 163 157 157 
35.448112 -85.075470 1512.452881 164 158 158 
33.241707 -85.478676 1519.620850 164 158 158 
30.867298 -85.478676 1519.620850 163 157 157 
28.225351 -84.676056 1505.352173 163 157 157 
25.396313 -83.115204 1477.603638 160 154 154 
22.876713 -82.356163 1464.109619 156 150 150 
20.402716 -81.610863 1450.859741 159 153 153 
13.540541 -81.243240 1444.324341 158 153 150 
11.283784 -81.243240 1444.324341 160 154 152 
9.027027 -81.243240 1444.324341 160 155 152 
48.028759 -84.050331 1536.920288 162 156 156 
45.355568 -83.549728 1527.766479 162 156 156 
42.840855 -83.301666 1523.230347 162 156 156 
40.364929 -83.104263 1519.620850 161 155 155 
37.811321 -82.712265 1512.452881 163 157 157 
35.448112 -82.712265 1512.452881 164 158 158 
33.241707 -83.104263 1519.620850 164 158 158 
30.867298 -83.104263 1519.620850 164 158 158 
28.492891 -83.104263 1519.620850 164 158 158 
25.873240 -82.323944 1505.352173 160 154 154 
22.876713 -80.068497 1464.109619 158 152 152 
20.402716 -79.343895 1450.859741 160 154 153 
18.135746 -79.343895 1450.859741 161 156 153 
15.797297 -78.986488 1444.324341 157 152 148 
13.540541 -78.986488 1444.324341 156 151 147 
11.283784 -78.986488 1444.324341 161 156 152 
9.027027 -78.986488 1444.324341 162 157 153 
48.028759 -81.648895 1536.920288 162 156 156 
45.328571 -81.114288 1526.857178 163 157 157 
42.815430 -80.873589 1522.326416 163 157 157 
40.317162 -80.634323 1517.822510 162 156 156 
37.811321 -80.349060 1512.452881 163 157 157 
35.448112 -80.349060 1512.452881 163 157 157 
33.241707 -80.729858 1519.620850 163 157 157 
30.867298 -80.729858 1519.620850 163 157 157 
28.492891 -80.729858 1519.620850 161 155 155 
25.873240 -79.971832 1505.352173 159 153 153 
22.876713 -77.780823 1464.109619 158 152 152 
20.402716 -77.076920 1450.859741 158 152 152 
18.135746 -77.076920 1450.859741 158 153 150 
15.797297 -76.729729 1444.324341 158 153 149 
13.540541 -76.729729 1444.324341 159 154 150 
11.283784 -76.729729 1444.324341 160 155 151 
9.027027 -76.729729 1444.324341 159 154 150 
48.028759 -79.247452 1536.920288 162 156 156 
45.328571 -78.728569 1526.857178 163 157 157 
42.815430 -78.494957 1522.326416 164 158 158 
40.293316 -78.216438 1516.924927 163 157 157 
37.789040 -77.939896 1511.561523 163 158 158 
35.427223 -77.939896 1511.561523 164 158 158 
28.225351 -77.619720 1505.352173 161 155 155 
25.632559 -76.897675 1491.348877 161 155 155 
22.876713 -75.493149 1464.109619 162 156 156 
20.402716 -74.809952 1450.859741 161 155 155 
18.135746 -74.809952 1450.859741 161 155 153 
15.797297 -74.472977 1444.324341 161 156 152 
13.540541 -74.472977 1444.324341 160 155 151 
11.283784 -74.472977 1444.324341 157 151 148 
9.027027 -74.472977 1444.324341 157 152 148 
48.028759 -76.846016 1536.920288 160 157 156 
45.328571 -76.342857 1526.857178 161 159 157 
42.790035 -76.071175 1521.423462 162 160 158 
40.269505 -75.801422 1516.028320 162 160 159 
37.766785 -75.533569 1510.671387 163 160 159 
35.406361 -75.533569 1510.671387 164 161 160 
28.225351 -75.267609 1505.352173 161 159 157 
25.632559 -74.567444 1491.348877 162 159 158 
22.876713 -73.205482 1464.109619 163 160 159 
20.402716 -72.542984 1450.859741 163 160 159 
18.135746 -72.542984 1450.859741 163 157 156 
15.797297 -72.216217 1444.324341 162 155 154 
13.540541 -72.216217 1444.324341 161 153 153 
11.283784 -72.216217 1444.324341 160 153 152 
9.027027 -72.216217 1444.324341 160 156 154 
47.942585 -74.311005 1534.162720 160 159 157 
45.301605 -73.913147 1525.948853 160 159 157 
42.764671 -73.650269 1520.521606 161 160 158 
40.245716 -73.389252 1515.132935 162 161 159 
37.766785 -73.173141 1510.671387 162 161 159 
35.406361 -73.173141 1510.671387 163 162 160 
28.225351 -72.915497 1505.352173 159 158 156 
25.632559 -72.237213 1491.348877 158 157 155 
22.876713 -70.917809 1464.109619 159 158 156 
20.402716 -70.276016 1450.859741 160 158 157 
18.135746 -70.276016 1450.859741 162 157 157 
15.797297 -69.959457 1444.324341 163 156 157 
13.540541 -69.959457 1444.324341 163 156 157 
11.283784 -69.959457 1444.324341 163 156 157 
9.027027 -69.959457 1444.324341 161 158 157 
47.771156 -71.656731 1528.677002 162 161 159 
45.194065 -71.359047 1522.326416 161 160 158 
42.688759 -71.147926 1517.822510 161 160 158 
40.221958 -70.979927 1514.238525 161 160 158 
37.744556 -70.771042 1509.782227 161 160 158 
35.385521 -70.771042 1509.782227 162 161 159 
28.225351 -70.563377 1505.352173 159 158 156 
25.632559 -69.906975 1491.348877 157 156 154 
22.876713 -68.630135 1464.109619 157 156 154 
20.402716 -68.009048 1450.859741 157 156 154 
18.135746 -68.009048 1450.859741 160 157 156 
15.797297 -67.702705 1444.324341 161 158 157 
13.540541 -67.702705 1444.324341 161 158 157 
11.283784 -67.702705 1444.324341 161 157 157 
9.027027 -67.702705 1444.324341 162 157 157 
47.685902 -69.144554 1525.948853 162 161 159 
45.087032 -68.817055 1518.721191 162 161 159 
42.663513 -68.735657 1516.924927 161 160 158 
40.174530 -68.533020 1512.452881 160 159 157 
37.722355 -68.371765 1508.894165 160 159 157 
35.364704 -68.371765 1508.894165 162 160 158 
28.225351 -68.211266 1505.352173 160 159 157 
25.632559 -67.576744 1491.348877 160 158 157 
22.876713 -66.342468 1464.109619 159 158 156 
20.402716 -65.742081 1450.859741 158 157 155 
18.135746 -65.742081 1450.859741 157 156 154 
15.797297 -65.445946 1444.324341 157 155 154 
13.540541 -65.445946 1444.324341 157 155 153 
11.283784 -65.445946 1444.324341 157 155 154 
9.027027 -65.445946 1444.324341 162 156 156 
47.600948 -66.641327 1523.230347 163 162 160 
45.060356 -66.404732 1517.822510 163 162 160 
42.638298 -66.326241 1516.028320 162 161 159 
40.174530 -66.169815 1512.452881 161 160 158 
37.722355 -66.014114 1508.894165 161 158 157 
35.364704 -66.014114 1508.894165 160 156 157 
28.225351 -65.859154 1505.352173 163 159 159 
25.632559 -65.246513 1491.348877 162 158 158 
22.876713 -64.054794 1464.109619 163 158 159 
20.402716 -63.475113 1450.859741 162 157 158 
18.135746 -63.475113 1450.859741 159 154 154 
15.797297 -63.189190 1444.324341 158 154 153 
13.540541 -63.189190 1444.324341 158 153 153 
11.283784 -63.189190 1444.324341 158 153 153 
9.027027 -63.189190 1444.324341 160 154 154 
47.572701 -64.223145 1522.326416 162 161 159 
45.060356 -64.033134 1517.822510 162 161 159 
42.638298 -63.957447 1516.028320 162 161 159 
40.174530 -63.806602 1512.452881 162 161 159 
37.722355 -63.656471 1508.894165 162 157 158 
35.364704 -63.656471 1508.894165 160 154 156 
28.225351 -63.507042 1505.352173 162 156 158 
25.632559 -62.916279 1491.348877 160 154 156 
22.876713 -61.767124 1464.109619 161 155 157 
20.402716 -61.208145 1450.859741 161 155 157 
18.135746 -61.208145 1450.859741 159 153 154 
15.797297 -60.932434 1444.324341 159 153 153 
13.540541 -60.932434 1444.324341 159 153 153 
11.283784 -60.932434 1444.324341 160 154 154 
9.027027 -60.932434 1444.324341 161 155 155 
47.544483 -61.807831 1521.423462 160 159 157 
45.033707 -61.625072 1516.924927 160 159 157 
42.613113 -61.552273 1515.132935 161 160 158 
40.174530 -61.443398 1512.452881 162 161 159 
37.700176 -61.262787 1508.007080 163 158 159 
35.343914 -61.262787 1508.007080 161 155 157 
25.632559 -60.586048 1491.348877 157 151 153 
23.087557 -60.027649 1477.603638 160 154 156 
20.402716 -58.941177 1450.859741 161 155 156 
18.135746 -58.941177 1450.859741 159 153 154 
15.797297 -58.675674 1444.324341 159 153 153 
13.540541 -58.675674 1444.324341 160 154 154 
11.283784 -58.675674 1444.324341 161 155 155 
9.027027 -58.675674 1444.324341 163 157 157 
47.516300 -59.395378 1520.521606 158 157 155 
45.007092 -59.219860 1516.028320 158 157 155 
42.587959 -59.149940 1514.238525 160 159 157 
40.150856 -59.045376 1511.561523 162 160 159 
37.700176 -58.906525 1508.007080 163 159 159 
35.343914 -58.906525 1508.007080 161 156 157 
25.632559 -58.255814 1491.348877 158 153 154 
23.087557 -57.718895 1477.603638 162 156 158 
20.402716 -56.674210 1450.859741 163 157 158 
18.135746 -56.674210 1450.859741 159 154 154 
15.797297 -56.418919 1444.324341 159 153 153 
13.540541 -56.418919 1444.324341 161 155 155 
11.283784 -56.418919 1444.324341 162 157 157 
9.027027 -56.418919 1444.324341 162 156 156 
47.431953 -56.918343 1517.822510 161 157 156 
44.980507 -56.817482 1515.132935 162 157 157 
42.562832 -56.750443 1513.345093 162 158 157 
40.150856 -56.683559 1511.561523 162 158 157 
37.678024 -56.517040 1507.121094 160 157 156 
35.323151 -56.517040 1507.121094 159 156 156 
25.632559 -55.925583 1491.348877 160 157 156 
23.087557 -55.410137 1477.603638 160 158 157 
20.402716 -54.407238 1450.859741 160 157 157 
18.135746 -54.407238 1450.859741 158 156 154 
15.797297 -54.162163 1444.324341 158 156 154 
13.540541 -54.162163 1444.324341 159 157 156 
11.283784 -54.162163 1444.324341 160 158 156 
9.027027 -54.162163 1444.324341 160 157 156 
47.403904 -54.514488 1516.924927 163 157 157 
44.953957 -54.417946 1514.238525 163 157 157 
42.537735 -54.353775 1512.452881 161 155 155 
40.103592 -54.257797 1509.782227 159 153 153 
37.655903 -54.130360 1506.236084 158 155 154 
35.302406 -54.130360 1506.236084 158 157 155 
25.632559 -53.595348 1491.348877 160 159 157 
23.087557 -53.101383 1477.603638 159 158 156 
20.402716 -52.140270 1450.859741 158 157 155 
18.135746 -52.140270 1450.859741 159 158 156 
15.797297 -51.905407 1444.324341 159 158 156 
13.540541 -51.905407 1444.324341 160 159 157 
11.283784 -51.905407 1444.324341 160 159 157 
9.027027 -51.905407 1444.324341 159 158 156 
47.375885 -52.113476 1516.028320 162 156 156 
44.927433 -52.021240 1513.345093 162 156 156 
42.537735 -51.990566 1512.452881 160 154 154 
40.103592 -51.898766 1509.782227 158 152 152 
37.633804 -51.746479 1505.352173 158 155 154 
35.281689 -51.746479 1505.352173 159 158 156 
25.632559 -51.265118 1491.348877 160 159 157 
23.087557 -50.792625 1477.603638 159 158 156 
20.402716 -49.873302 1450.859741 158 157 155 
18.135746 -49.873302 1450.859741 157 156 154 
15.797297 -49.648647 1444.324341 157 156 154 
13.540541 -49.648647 1444.324341 157 156 154 
11.283784 -49.648647 1444.324341 158 157 155 
9.027027 -49.648647 1444.324341 158 157 155 
47.375885 -49.744682 1516.028320 161 155 155 
44.927433 -49.656639 1513.345093 162 156 156 
42.537735 -49.627357 1512.452881 163 157 157 
40.103592 -49.539730 1509.782227 164 158 158 
37.633804 -49.394367 1505.352173 161 158 157 
35.281689 -49.394367 1505.352173 160 158 156 
25.632559 -48.934883 1491.348877 160 159 157 
23.087557 -48.483871 1477.603638 159 158 156 
20.402716 -47.606335 1450.859741 158 157 155 
18.135746 -47.606335 1450.859741 157 156 154 
15.797297 -47.391891 1444.324341 156 155 153 
13.540541 -47.391891 1444.324341 157 156 154 
11.283784 -47.391891 1444.324341 158 157 155 
9.027027 -47.391891 1444.324341 158 157 155 
47.375885 -47.375885 1516.028320 163 157 157 
44.927433 -47.292034 1513.345093 164 158 158 
42.537735 -47.264153 1512.452881 165 159 159 
40.103592 -47.180695 1509.782227 166 160 160 
37.633804 -47.042255 1505.352173 164 158 159 
35.281689 -47.042255 1505.352173 163 157 158 
162.486481 -270.810822 8665.946289 160 157 158 
25.632559 -46.604652 1491.348877 162 160 160 
23.087557 -46.175114 1477.603638 161 159 159 
20.402716 -45.339367 1450.859741 159 158 158 
18.135746 -45.339367 1450.859741 160 159 157 
15.797297 -45.135136 1444.324341 159 158 156 
13.540541 -45.135136 1444.324341 159 158 156 
11.283784 -45.135136 1444.324341 158 157 155 
9.027027 -45.135136 1444.324341 158 157 155 
47.375885 -45.007092 1516.028320 164 158 158 
44.953957 -44.953957 1514.238525 164 158 158 
42.562832 -44.927433 1513.345093 165 159 159 
40.103592 -44.821659 1509.782227 165 159 159 
37.633804 -44.690140 1505.352173 164 158 159 
35.281689 -44.690140 1505.352173 163 156 159 
200.399994 -271.971436 9161.142578 162 156 158 
162.486481 -257.270264 8665.946289 161 157 159 
25.632559 -44.274418 1491.348877 163 160 161 
23.087557 -43.866360 1477.603638 160 157 159 
20.402716 -43.072399 1450.859741 160 157 158 
18.135746 -43.072399 1450.859741 160 159 158 
15.797297 -42.878380 1444.324341 160 159 157 
13.540541 -42.878380 1444.324341 159 158 156 
11.283784 -42.878380 1444.324341 158 157 155 
9.027027 -42.878380 1444.324341 159 158 156 
47.431953 -42.688759 1517.822510 163 157 157 
44.980507 -42.613113 1515.132935 163 157 157 
42.587959 -42.587959 1514.238525 164 158 158 
40.127209 -42.487633 1510.671387 164 158 159 
37.655903 -42.362888 1506.236084 162 157 158 
35.302406 -42.362888 1506.236084 161 157 158 
200.399994 -257.657135 9161.142578 161 157 158 
186.085709 -257.657135 9161.142578 161 157 158 
162.486481 -243.729736 8665.946289 163 158 160 
25.632559 -41.944187 1491.348877 163 158 160 
23.087557 -41.557602 1477.603638 159 153 155 
20.402716 -40.805431 1450.859741 160 154 156 
18.135746 -40.805431 1450.859741 160 157 157 
15.797297 -40.621620 1444.324341 159 158 156 
13.540541 -40.621620 1444.324341 159 158 156 
11.283784 -40.621620 1444.324341 159 158 156 
9.027027 -40.621620 1444.324341 161 160 158 
47.431953 -40.317162 1517.822510 163 157 157 
44.980507 -40.245716 1515.132935 163 157 157 
42.587959 -40.221958 1514.238525 163 158 157 
40.127209 -40.127209 1510.671387 163 158 158 
37.655903 -40.009396 1506.236084 160 156 157 
35.302406 -40.009396 1506.236084 159 156 157 
200.399994 -243.342865 9161.142578 160 157 158 
186.085709 -243.342865 9161.142578 161 158 159 
162.486481 -230.189194 8665.946289 165 158 161 
141.307693 -218.384613 8221.538086 164 156 158 
23.087557 -39.248848 1477.603638 158 150 153 
20.402716 -38.538460 1450.859741 159 152 154 
18.135746 -38.538460 1450.859741 159 156 155 
15.797297 -38.364864 1444.324341 158 157 155 
13.540541 -38.364864 1444.324341 160 158 156 
11.283784 -38.364864 1444.324341 160 159 157 
9.027027 -38.364864 1444.324341 162 161 159 
47.431953 -37.945560 1517.822510 161 158 157 
44.980507 -37.878323 1515.132935 161 158 157 
42.587959 -37.855961 1514.238525 161 158 157 
40.127209 -37.766785 1510.671387 159 157 155 
37.655903 -37.655903 1506.236084 159 155 155 
35.302406 -37.655903 1506.236084 161 156 158 
200.399994 -229.028564 9161.142578 162 157 159 
186.085709 -229.028564 9161.142578 162 157 159 
171.771423 -229.028564 9161.142578 163 157 159 
141.307693 -205.538467 8221.538086 162 155 158 
23.087557 -36.940094 1477.603638 159 152 155 
20.402716 -36.271492 1450.859741 159 152 154 
18.135746 -36.271492 1450.859741 158 153 153 
15.797297 -36.108109 1444.324341 160 156 155 
13.540541 -36.108109 1444.324341 162 158 157 
11.283784 -36.108109 1444.324341 161 157 156 
9.027027 -36.108109 1444.324341 162 157 157 
47.431953 -35.573963 1517.822510 159 158 156 
44.980507 -35.510929 1515.132935 160 159 157 
42.587959 -35.489964 1514.238525 160 159 157 
40.127209 -35.406361 1510.671387 158 157 155 
37.655903 -35.302406 1506.236084 159 154 155 
35.302406 -35.302406 1506.236084 160 154 156 
219.187500 -234.843750 10020.000000 161 155 157 
203.531250 -234.843750 10020.000000 164 158 160 
171.771423 -214.714279 9161.142578 164 158 160 
148.945953 -203.108109 8665.946289 163 157 159 
23.087557 -34.631336 1477.603638 162 156 158 
20.402716 -34.004524 1450.859741 161 155 157 
18.135746 -34.004524 1450.859741 161 155 155 
15.797297 -33.851353 1444.324341 162 156 156 
13.540541 -33.851353 1444.324341 162 156 156 
11.283784 -33.851353 1444.324341 159 153 153 
9.027027 -33.851353 1444.324341 159 153 153 
47.431953 -33.202366 1517.822510 159 158 156 
45.007092 -33.163120 1516.028320 159 158 156 
42.613113 -33.143532 1515.132935 160 159 157 
40.150856 -33.065411 1511.561523 159 158 156 
37.655903 -32.948914 1506.236084 160 155 156 
35.302406 -32.948914 1506.236084 159 153 155 
219.187500 -219.187500 10020.000000 159 153 155 
203.531250 -219.187500 10020.000000 163 157 159 
171.771423 -200.399994 9161.142578 163 157 159 
157.457138 -200.399994 9161.142578 162 156 158 
135.405411 -189.567566 8665.946289 162 156 158 
20.402716 -31.737556 1450.859741 163 157 158 
18.054054 -31.594595 1444.324341 163 157 157 
15.797297 -31.594595 1444.324341 161 155 155 
13.540541 -31.594595 1444.324341 159 153 153 
11.283784 -31.594595 1444.324341 158 152 152 
9.027027 -31.594595 1444.324341 160 154 154 
47.544483 -30.903915 1521.423462 158 157 155 
45.060356 -30.830769 1517.822510 159 158 156 
42.638298 -30.794327 1516.028320 160 159 157 
40.174530 -30.721699 1512.452881 160 158 157 
37.655903 -30.595421 1506.236084 162 157 158 
35.302406 -30.595421 1506.236084 162 156 158 
219.187500 -203.531250 10020.000000 160 154 156 
203.531250 -203.531250 10020.000000 157 151 154 
187.875000 -203.531250 10020.000000 158 152 154 
157.457138 -186.085709 9161.142578 159 153 155 
135.405411 -176.027023 8665.946289 160 154 156 
20.402716 -29.470589 1450.859741 161 155 157 
18.054054 -29.337837 1444.324341 160 155 155 
15.797297 -29.337837 1444.324341 158 152 152 
13.540541 -29.337837 1444.324341 158 152 152 
11.283784 -29.337837 1444.324341 160 154 154 
9.027027 -29.337837 1444.324341 162 156 156 
47.629234 -28.577539 1524.135498 162 157 157 
45.140488 -28.509781 1520.521606 162 157 156 
42.688759 -28.459171 1517.822510 162 157 157 
40.174530 -28.358490 1512.452881 161 157 157 
37.655903 -28.241926 1506.236084 160 156 159 
35.302406 -28.241926 1506.236084 159 156 160 
219.187500 -187.875000 10020.000000 158 155 159 
203.531250 -187.875000 10020.000000 157 154 158 
187.875000 -187.875000 10020.000000 158 155 158 
157.457138 -171.771423 9161.142578 159 155 159 
129.708740 -155.650482 8301.359375 159 156 159 
20.402716 -27.203619 1450.859741 159 155 159 
18.054054 -27.081081 1444.324341 159 154 155 
15.797297 -27.081081 1444.324341 160 154 154 
13.540541 -27.081081 1444.324341 160 154 154 
11.283784 -27.081081 1444.324341 160 154 154 
9.027027 -27.081081 1444.324341 161 155 155 
47.714287 -26.242857 1526.857178 161 155 155 
45.220901 -26.180523 1523.230347 162 156 156 
42.764671 -26.133966 1520.521606 162 156 156 
40.198231 -26.010620 1513.345093 162 156 156 
37.811321 -25.995283 1512.452881 160 157 159 
234.843750 -172.218750 10020.000000 159 157 160 
219.187500 -172.218750 10020.000000 159 157 160 
203.531250 -172.218750 10020.000000 159 157 160 
187.875000 -172.218750 10020.000000 159 157 160 
157.457138 -157.457138 9161.142578 159 157 159 
129.708740 -142.679611 8301.359375 159 157 160 
20.402716 -24.936651 1450.859741 159 157 159 
18.054054 -24.824324 1444.324341 160 155 156 
15.797297 -24.824324 1444.324341 161 155 155 
13.540541 -24.824324 1444.324341 161 155 155 
11.283784 -24.824324 1444.324341 159 153 153 
9.027027 -24.824324 1444.324341 158 152 152 
47.714287 -23.857143 1526.857178 155 149 149 
45.274673 -23.828775 1525.041626 156 150 150 
42.790035 -23.772242 1521.423462 160 154 154 
40.221958 -23.659977 1514.238525 163 157 157 
37.855961 -23.659977 1514.238525 160 158 156 
234.843750 -156.562500 10020.000000 158 157 154 
219.187500 -156.562500 10020.000000 157 156 153 
203.531250 -156.562500 10020.000000 156 155 152 
187.875000 -156.562500 10020.000000 156 155 152 
172.218750 -156.562500 10020.000000 157 156 153 
135.405411 -135.405411 8665.946289 158 157 154 
20.402716 -22.669683 1450.859741 159 158 155 
18.054054 -22.567568 1444.324341 161 156 155 
15.797297 -22.567568 1444.324341 162 156 156 
13.540541 -22.567568 1444.324341 162 156 156 
11.283784 -22.567568 1444.324341 160 154 154 
9.027027 -22.567568 1444.324341 156 150 150 
47.771156 -21.497021 1528.677002 158 152 152 
45.301605 -21.458656 1525.948853 159 153 153 
42.815430 -21.407715 1522.326416 161 155 155 
40.245716 -21.306557 1515.132935 163 157 157 
37.878323 -21.306557 1515.132935 161 159 155 
234.843750 -140.906250 10020.000000 159 159 152 
219.187500 -140.906250 10020.000000 158 157 150 
203.531250 -140.906250 10020.000000 156 155 149 
187.875000 -140.906250 10020.000000 155 155 148 
172.218750 -140.906250 10020.000000 156 156 149 
135.405411 -121.864868 8665.946289 158 158 151 
20.402716 -20.402716 1450.859741 160 159 152 
18.054054 -20.310810 1444.324341 161 157 155 
15.797297 -20.310810 1444.324341 163 157 157 
13.540541 -20.310810 1444.324341 163 157 157 
11.283784 -20.310810 1444.324341 161 155 155 
9.027027 -20.310810 1444.324341 160 154 154 
47.771156 -19.108463 1528.677002 160 157 157 
45.328571 -19.085714 1526.857178 163 160 160 
42.840855 -19.040380 1523.230347 163 160 160 
40.317162 -18.972780 1517.822510 161 157 158 
37.945560 -18.972780 1517.822510 162 158 158 
234.843750 -125.250000 10020.000000 163 159 158 
219.187500 -125.250000 10020.000000 162 158 157 
203.531250 -125.250000 10020.000000 162 158 156 
187.875000 -125.250000 10020.000000 162 158 154 
172.218750 -125.250000 10020.000000 162 158 154 
135.405411 -108.324326 8665.946289 162 159 154 
20.402716 -18.135746 1450.859741 162 158 154 
18.054054 -18.054054 1444.324341 162 156 155 
15.797297 -18.054054 1444.324341 162 156 156 
13.540541 -18.054054 1444.324341 162 156 156 
11.283784 -18.054054 1444.324341 161 155 155 
-53.186729 -30.392418 2431.393311 158 155 154 
-56.824196 -30.306238 2424.499023 157 154 153 
-60.384182 -30.192091 2415.367188 157 153 152 
-63.382324 -29.826977 2386.158203 158 154 153 
-67.110695 -29.826977 2386.158203 158 154 153 
47.771156 -16.719904 1528.677002 161 159 160 
45.328571 -16.700001 1526.857178 162 160 161 
42.866310 -16.670231 1524.135498 162 160 161 
40.460808 -16.660332 1523.230347 160 158 159 
241.082703 -105.473686 9643.308594 162 157 159 
234.843750 -109.593750 10020.000000 164 158 159 
219.187500 -109.593750 10020.000000 164 158 159 
203.531250 -109.593750 10020.000000 164 158 159 
187.875000 -109.593750 10020.000000 166 160 159 
172.218750 -109.593750 10020.000000 166 161 159 
135.405411 -94.783783 8665.946289 165 160 158 
20.402716 -15.868778 1450.859741 165 159 157 
18.054054 -15.797297 1444.324341 162 157 156 
15.797297 -15.797297 1444.324341 161 155 155 
13.540541 -15.797297 1444.324341 161 155 155 
11.283784 -15.797297 1444.324341 161 155 155 
-46.024879 -26.847847 2454.660400 155 154 152 
-49.387676 -26.593365 2431.393311 153 152 150 
-53.035915 -26.517958 2424.499023 154 153 151 
-56.824196 -26.517958 2424.499023 157 156 154 
-60.384182 -26.418079 2415.367188 160 155 155 
-63.323421 -26.074350 2383.940430 159 153 153 
-67.048325 -26.074350 2383.940430 157 151 151 
-70.839073 -26.098604 2386.158203 157 151 151 
47.771156 -14.331347 1528.677002 162 160 161 
45.328571 -14.314285 1526.857178 161 159 160 
42.866310 -14.288770 1524.135498 160 158 159 
40.484848 -14.288770 1524.135498 161 158 159 
250.500000 -93.937500 10020.000000 163 158 158 
234.843750 -93.937500 10020.000000 164 158 158 
219.187500 -93.937500 10020.000000 164 158 158 
203.531250 -93.937500 10020.000000 164 158 158 
187.875000 -93.937500 10020.000000 164 158 158 
172.218750 -93.937500 10020.000000 164 158 158 
143.142853 -85.885712 9161.142578 163 157 157 
20.402716 -13.601810 1450.859741 162 156 157 
18.054054 -13.540541 1444.324341 162 156 156 
15.797297 -13.540541 1444.324341 162 156 156 
13.540541 -13.540541 1444.324341 162 156 156 
11.283784 -13.540541 1444.324341 162 156 156 
-42.189472 -23.012440 2454.660400 155 154 152 
-45.805714 -22.902857 2442.971436 153 152 150 
-49.387676 -22.794313 2431.393311 150 149 147 
-53.035915 -22.729679 2424.499023 151 150 148 
-56.824196 -22.729679 2424.499023 157 156 154 
-60.441093 -22.665409 2417.643799 161 156 156 
-63.323421 -22.349442 2383.940430 158 152 152 
-66.986069 -22.328691 2381.727051 156 150 150 
-70.839073 -22.370234 2386.158203 157 151 151 
-74.706429 -22.411930 2390.605713 158 152 152 
47.771156 -11.942789 1528.677002 163 161 162 
45.328571 -11.928572 1526.857178 161 159 160 
42.866310 -11.907309 1524.135498 159 157 158 
40.484848 -11.907309 1524.135498 161 159 159 
250.500000 -78.281250 10020.000000 163 159 158 
234.843750 -78.281250 10020.000000 164 159 156 
219.187500 -78.281250 10020.000000 164 159 156 
203.531250 -78.281250 10020.000000 164 159 156 
187.875000 -78.281250 10020.000000 164 158 158 
172.218750 -78.281250 10020.000000 163 158 159 
143.142853 -71.571426 9161.142578 162 157 158 
20.402716 -11.334842 1450.859741 162 156 158 
18.054054 -11.283784 1444.324341 162 157 157 
15.797297 -11.283784 1444.324341 163 157 157 
13.540541 -11.283784 1444.324341 163 157 157 
11.283784 -11.283784 1444.324341 163 157 157 
-42.149139 -19.158699 2452.313477 154 153 151 
-45.718632 -19.049429 2438.326904 154 153 151 
-49.387676 -18.995260 2431.393311 154 153 151 
-53.035915 -18.941399 2424.499023 154 153 151 
-56.824196 -18.941399 2424.499023 155 154 152 
-60.441093 -18.887842 2417.643799 158 153 153 
-63.323421 -18.624535 2383.940430 159 153 153 
-66.986069 -18.607243 2381.727051 158 152 152 
-70.839073 -18.641861 2386.158203 157 151 151 
-74.706429 -18.676607 2390.605713 158 152 152 
-78.514923 -18.694031 2392.835938 160 154 154 
47.771156 -9.554232 1528.677002 162 160 161 
45.328571 -9.542857 1526.857178 160 158 159 
42.866310 -9.525846 1524.135498 159 157 158 
40.484848 -9.525846 1524.135498 160 158 159 
250.500000 -62.625000 10020.000000 162 158 157 
234.843750 -62.625000 10020.000000 163 157 156 
219.187500 -62.625000 10020.000000 163 157 156 
203.531250 -62.625000 10020.000000 163 157 156 
187.875000 -62.625000 10020.000000 162 158 157 
172.218750 -62.625000 10020.000000 161 159 158 
143.142853 -57.257141 9161.142578 161 159 158 
20.402716 -9.067873 1450.859741 159 159 157 
18.054054 -9.027027 1444.324341 159 156 155 
15.797297 -9.027027 1444.324341 162 156 156 
13.540541 -9.027027 1444.324341 162 156 156 
11.283784 -9.027027 1444.324341 160 154 154 
-41.948620 -15.254044 2440.646973 153 152 150 
-45.631878 -15.210627 2433.700195 154 153 151 
-49.340908 -15.181818 2429.090820 155 154 152 
-53.035915 -15.153119 2424.499023 154 153 151 
-56.663525 -15.110273 2417.643799 153 152 150 
-59.932709 -14.983177 2397.308350 155 150 150 
-63.382324 -14.913488 2386.158203 158 152 152 
-67.048325 -14.899629 2383.940430 160 154 154 
-70.905029 -14.927374 2388.379883 159 153 153 
-74.706429 -14.941286 2390.605713 158 152 152 
-78.514923 -14.955224 2392.835938 158 152 152 
-82.330536 -14.969188 2395.070068 157 151 151 
47.771156 -7.165673 1528.677002 161 159 160 
45.328571 -7.157143 1526.857178 160 158 159 
42.891796 -7.148633 1525.041626 158 156 157 
40.508919 -7.148633 1525.041626 159 157 158 
250.500000 -46.968750 10020.000000 161 157 157 
234.843750 -46.968750 10020.000000 162 156 156 
219.187500 -46.968750 10020.000000 162 156 156 
203.531250 -46.968750 10020.000000 162 156 156 
187.875000 -46.968750 10020.000000 161 157 156 
172.218750 -46.968750 10020.000000 159 158 156 
143.142853 -42.942856 9161.142578 156 156 154 
20.402716 -6.800905 1450.859741 152 154 151 
18.054054 -6.770270 1444.324341 156 153 152 
15.797297 -6.770270 1444.324341 160 154 154 
13.540541 -6.770270 1444.324341 161 155 155 
11.283784 -6.770270 1444.324341 159 153 153 
-41.868946 -11.418803 2436.011475 152 151 149 
-45.588627 -11.397157 2431.393311 153 152 150 
-49.340908 -11.386364 2429.090820 153 152 150 
-53.035915 -11.364840 2424.499023 154 153 151 
-56.663525 -11.332705 2417.643799 154 153 151 
-59.932709 -11.237383 2397.308350 158 153 153 
-63.441341 -11.195531 2388.379883 161 155 155 
-67.110695 -11.185117 2386.158203 160 154 154 
-70.971107 -11.205965 2390.605713 158 152 152 
-74.776123 -11.216418 2392.835938 156 150 150 
-78.514923 -11.216418 2392.835938 154 148 148 
-82.253731 -11.216418 2392.835938 153 147 147 
47.771156 -4.777116 1528.677002 160 158 159 
45.328571 -4.771429 1526.857178 159 157 158 
42.942856 -4.771429 1526.857178 158 156 157 
266.156250 -31.312500 10020.000000 158 156 157 
250.500000 -31.312500 10020.000000 161 156 157 
234.843750 -31.312500 10020.000000 162 156 156 
219.187500 -31.312500 10020.000000 162 156 156 
203.531250 -31.312500 10020.000000 162 156 156 
187.875000 -31.312500 10020.000000 160 156 155 
172.218750 -31.312500 10020.000000 158 157 155 
156.562500 -31.312500 10020.000000 154 155 152 
20.402716 -4.533937 1450.859741 150 152 149 
18.054054 -4.513514 1444.324341 156 153 152 
15.797297 -4.513514 1444.324341 160 154 154 
13.540541 -4.513514 1444.324341 161 155 155 
11.283784 -4.513514 1444.324341 162 156 156 
-41.789574 -7.598104 2431.393311 153 152 150 
-45.545456 -7.590909 2429.090820 153 152 150 
-49.294228 -7.583727 2426.792725 153 152 150 
-52.985836 -7.569405 2422.209717 154 153 151 
-56.610168 -7.548023 2415.367188 155 154 152 
-59.932709 -7.491589 2397.308350 158 154 153 
-63.441341 -7.463687 2388.379883 160 154 154 
-67.173187 -7.463687 2388.379883 158 152 152 
-70.971107 -7.470643 2390.605713 154 148 148 
-74.776123 -7.477612 2392.835938 154 148 148 
-78.514923 -7.477612 2392.835938 153 147 147 
-82.253731 -7.477612 2392.835938 152 146 146 
47.771156 -2.388558 1528.677002 159 157 158 
45.328571 -2.385714 1526.857178 158 156 157 
42.942856 -2.385714 1526.857178 157 155 156 
266.156250 -15.656250 10020.000000 158 156 157 
250.500000 -15.656250 10020.000000 161 156 156 
234.843750 -15.656250 10020.000000 162 156 156 
219.187500 -15.656250 10020.000000 162 156 156 
203.531250 -15.656250 10020.000000 162 156 156 
187.875000 -15.656250 10020.000000 159 156 155 
172.218750 -15.656250 10020.000000 157 157 155 
156.562500 -15.656250 10020.000000 156 156 154 
20.402716 -2.266968 1450.859741 153 155 152 
18.054054 -2.256757 1444.324341 155 152 151 
15.797297 -2.256757 1444.324341 155 150 149 
13.540541 -2.256757 1444.324341 156 150 150 
11.283784 -2.256757 1444.324341 160 154 154 
-38.026566 -3.802657 2433.700195 156 155 153 
-41.789574 -3.799052 2431.393311 156 155 153 
-45.545456 -3.795455 2429.090820 156 154 152 
-49.294228 -3.791864 2426.792725 155 154 152 
-52.935848 -3.781132 2419.924561 155 154 152 
-56.556915 -3.770461 2413.094971 155 153 151 
-59.876751 -3.742297 2395.070068 157 152 152 
-63.441341 -3.731843 2388.379883 158 152 152 
-67.173187 -3.731843 2388.379883 157 152 152 
-70.971107 -3.735322 2390.605713 155 150 149 
-74.776123 -3.738806 2392.835938 156 150 150 
-78.514923 -3.738806 2392.835938 155 149 149 
-82.253731 -3.738806 2392.835938 155 149 149 
47.799641 -0.000000 1529.588501 159 155 155 
45.328571 -0.000000 1526.857178 159 154 155 
42.942856 -0.000000 1526.857178 160 155 155 
266.156250 -0.000000 10020.000000 162 157 157 
250.500000 -0.000000 10020.000000 161 158 157 
234.843750 -0.000000 10020.000000 160 157 156 
219.187500 -0.000000 10020.000000 159 157 155 
203.531250 -0.000000 10020.000000 159 156 155 
187.875000 -0.000000 10020.000000 158 156 154 
172.218750 -0.000000 10020.000000 156 156 154 
156.562500 -0.000000 10020.000000 155 155 153 
20.402716 -0.000000 1450.859741 154 154 151 
18.054054 -0.000000 1444.324341 154 153 151 
15.797297 -0.000000 1444.324341 154 151 150 
13.540541 -0.000000 1444.324341 154 152 150 
11.283784 -0.000000 1444.324341 157 155 153 
-37.990520 -0.000000 2431.393311 159 154 154 
-41.750000 -0.000000 2429.090820 159 154 154 
-45.545456 -0.000000 2429.090820 158 154 153 
-49.294228 -0.000000 2426.792725 157 153 152 
-52.935848 -0.000000 2419.924561 157 153 152 
-56.556915 -0.000000 2413.094971 157 152 152 
-59.876751 -0.000000 2395.070068 157 154 153 
-63.500465 -0.000000 2390.605713 158 155 154 
-67.235786 -0.000000 2390.605713 157 155 153 
-70.971107 -0.000000 2390.605713 156 154 152 
-74.776123 -0.000000 2392.835938 155 153 152 
-78.514923 -0.000000 2392.835938 155 153 151 
-82.253731 -0.000000 2392.835938 155 153 151 
47.799641 2.389982 1529.588501 162 156 156 
45.355568 2.387135 1527.766479 162 156 156 
42.968433 2.387135 1527.766479 163 157 157 
266.156250 15.656250 10020.000000 165 159 159 
250.500000 15.656250 10020.000000 161 159 157 
234.843750 15.656250 10020.000000 159 158 156 
219.187500 15.656250 10020.000000 158 157 155 
203.531250 15.656250 10020.000000 157 156 154 
187.875000 15.656250 10020.000000 158 157 155 
172.218750 15.656250 10020.000000 158 157 155 
156.562500 15.656250 10020.000000 156 155 153 
20.402716 2.266968 1450.859741 155 154 152 
18.054054 2.256757 1444.324341 156 155 153 
15.797297 2.256757 1444.324341 156 155 153 
13.540541 2.256757 1444.324341 156 155 153 
11.283784 2.256757 1444.324341 157 156 154 
-34.191471 3.799052 2431.393311 160 154 154 
-37.954544 3.795455 2429.090820 160 154 154 
-41.750000 3.795455 2429.090820 160 154 154 
-45.502365 3.791864 2426.792725 157 151 151 
-49.294228 3.791864 2426.792725 157 151 151 
-52.935848 3.781132 2419.924561 158 152 152 
-56.503761 3.766917 2410.827148 158 153 153 
-59.876751 3.742297 2395.070068 156 154 152 
-63.500465 3.735322 2390.605713 155 154 152 
-67.173187 3.731843 2388.379883 156 155 153 
-70.971107 3.735322 2390.605713 156 155 153 
-74.776123 3.738806 2392.835938 156 155 153 
-78.514923 3.738806 2392.835938 156 155 153 
-82.253731 3.738806 2392.835938 154 153 151 
-85.752556 3.728372 2386.158203 153 152 150 
45.409660 4.779964 1529.588501 161 155 155 
281.812500 31.312500 10020.000000 160 154 154 
266.156250 31.312500 10020.000000 162 156 156 
250.500000 31.312500 10020.000000 160 158 156 
234.843750 31.312500 10020.000000 159 158 156 
219.187500 31.312500 10020.000000 158 157 155 
203.531250 31.312500 10020.000000 157 156 154 
187.875000 31.312500 10020.000000 158 157 155 
172.218750 31.312500 10020.000000 158 157 155 
156.562500 31.312500 10020.000000 158 157 155 
20.310810 4.513514 1444.324341 158 157 155 
18.054054 4.513514 1444.324341 160 159 157 
15.797297 4.513514 1444.324341 159 158 156 
13.540541 4.513514 1444.324341 156 155 153 
-34.223907 7.605313 2433.700195 161 155 155 
-37.954544 7.590909 2429.090820 161 155 155 
-41.750000 7.590909 2429.090820 161 155 155 
-45.502365 7.583727 2426.792725 159 153 153 
-49.294228 7.583727 2426.792725 158 152 152 
-52.935848 7.562264 2419.924561 156 150 150 
-56.503761 7.533834 2410.827148 155 149 149 
-59.820896 7.477612 2392.835938 151 148 147 
-63.441341 7.463687 2388.379883 150 149 147 
-67.173187 7.463687 2388.379883 152 151 149 
-70.905029 7.463687 2388.379883 153 152 150 
-74.706429 7.470643 2390.605713 156 155 153 
-78.441750 7.470643 2390.605713 156 155 153 
-82.024185 7.456744 2386.158203 153 152 150 
-75.436989 6.559738 2099.116211 151 150 148 
-78.524078 6.543674 2093.975586 153 151 151 
-81.795921 6.543674 2093.975586 154 152 153 
297.468750 46.968750 10020.000000 161 155 156 
281.812500 46.968750 10020.000000 161 155 155 
266.156250 46.968750 10020.000000 162 156 156 
250.500000 46.968750 10020.000000 160 157 156 
234.843750 46.968750 10020.000000 159 158 156 
219.187500 46.968750 10020.000000 158 157 155 
203.531250 46.968750 10020.000000 157 156 154 
187.875000 46.968750 10020.000000 156 155 153 
172.218750 46.968750 10020.000000 155 154 152 
156.562500 46.968750 10020.000000 155 154 152 
128.828568 42.942856 9161.142578 156 155 153 
18.054054 6.770270 1444.324341 158 156 155 
15.797297 6.770270 1444.324341 157 156 154 
-38.026566 11.407969 2433.700195 160 154 154 
-41.750000 11.386364 2429.090820 159 153 153 
-45.502365 11.375591 2426.792725 159 153 153 
-49.294228 11.375591 2426.792725 158 152 152 
-52.935848 11.343396 2419.924561 156 150 150 
-56.503761 11.300752 2410.827148 154 148 148 
-59.765144 11.205965 2390.605713 152 149 148 
-63.382324 11.185117 2386.158203 152 151 149 
-66.986069 11.164346 2381.727051 153 152 150 
-70.773232 11.174721 2383.940430 154 153 151 
-74.636871 11.195531 2388.379883 154 153 151 
-78.295815 11.185117 2386.158203 153 152 150 
-81.871864 11.164346 2381.727051 153 152 150 
-75.436989 9.839607 2099.116211 153 152 150 
-78.460030 9.807504 2092.267578 154 152 152 
-81.729202 9.807504 2092.267578 154 152 153 
297.468750 62.625000 10020.000000 162 156 157 
281.812500 62.625000 10020.000000 162 156 157 
266.156250 62.625000 10020.000000 162 156 157 
250.500000 62.625000 10020.000000 160 157 156 
234.843750 62.625000 10020.000000 158 157 155 
219.187500 62.625000 10020.000000 158 157 155 
203.531250 62.625000 10020.000000 158 157 155 
187.875000 62.625000 10020.000000 157 156 154 
172.218750 62.625000 10020.000000 155 154 152 
156.562500 62.625000 10020.000000 155 154 152 
140.906250 62.625000 10020.000000 155 154 152 
-38.062679 15.225071 2436.011475 158 152 152 
-41.829224 15.210627 2433.700195 157 151 151 
-45.545456 15.181818 2429.090820 157 151 151 
-49.434536 15.210627 2433.700195 157 151 151 
-53.086094 15.167455 2426.792725 156 150 150 
-56.556915 15.081844 2413.094971 156 150 150 
-59.765144 14.941286 2390.605713 154 152 150 
-63.264626 14.885794 2381.727051 154 153 151 
-66.861908 14.858202 2377.312256 155 154 152 
-70.641930 14.871985 2379.517578 155 154 152 
-74.428970 14.885794 2381.727051 154 153 151 
-78.150421 14.885794 2381.727051 153 152 150 
-81.871864 14.885794 2381.727051 154 153 151 
-75.436989 13.119476 2099.116211 155 153 152 
-78.460030 13.076673 2092.267578 154 152 151 
-81.729202 13.076673 2092.267578 153 152 150 
297.468750 78.281250 10020.000000 158 152 154 
281.812500 78.281250 10020.000000 158 152 154 
266.156250 78.281250 10020.000000 158 152 154 
250.500000 78.281250 10020.000000 158 156 155 
234.843750 78.281250 10020.000000 158 157 155 
219.187500 78.281250 10020.000000 158 157 155 
203.531250 78.281250 10020.000000 158 157 155 
187.875000 78.281250 10020.000000 158 157 155 
172.218750 78.281250 10020.000000 157 156 154 
156.562500 78.281250 10020.000000 155 154 152 
-38.135109 19.067554 2440.646973 159 153 153 
-41.868946 19.031340 2436.011475 159 153 153 
-45.675213 19.031340 2436.011475 157 151 151 
-56.663525 18.887842 2417.643799 155 149 149 
-59.820896 18.694031 2392.835938 154 151 150 
-63.147358 18.572752 2377.312256 153 152 150 
-66.800003 18.555555 2375.111084 154 153 151 
-70.511108 18.555555 2375.111084 155 154 152 
-74.222221 18.555555 2375.111084 156 155 153 
-78.005562 18.572752 2377.312256 155 154 152 
-81.795921 18.589981 2379.517578 154 153 151 
-85.119110 18.504154 2368.531738 152 151 149 
-78.460030 16.345840 2092.267578 152 151 149 
-81.729202 16.345840 2092.267578 152 151 149 
297.468750 93.937500 10020.000000 159 153 155 
281.812500 93.937500 10020.000000 159 153 155 
266.156250 93.937500 10020.000000 159 153 155 
250.500000 93.937500 10020.000000 159 157 156 
234.843750 93.937500 10020.000000 159 158 156 
219.187500 93.937500 10020.000000 159 158 156 
203.531250 93.937500 10020.000000 159 158 156 
187.875000 93.937500 10020.000000 159 158 156 
172.218750 93.937500 10020.000000 157 156 154 
156.562500 93.937500 10020.000000 156 155 153 
-38.244274 22.946566 2447.633545 158 152 152 
-41.948620 22.881065 2440.646973 158 152 152 
-45.762131 22.881065 2440.646973 158 152 152 
-59.932709 22.474766 2397.308350 153 151 149 
-63.147358 22.287304 2377.312256 153 152 150 
-66.738205 22.246069 2372.914062 154 153 151 
-70.380775 22.225508 2370.720947 155 154 152 
-74.085030 22.225508 2370.720947 156 155 153 
-77.789276 22.225508 2370.720947 156 155 153 
-81.795921 22.307978 2379.517578 153 152 150 
-85.119110 22.204987 2368.531738 151 150 148 
-78.460030 19.615007 2092.267578 151 150 148 
-81.729202 19.615007 2092.267578 151 150 148 
297.468750 109.593750 10020.000000 161 156 158 
281.812500 109.593750 10020.000000 161 156 158 
266.156250 109.593750 10020.000000 161 156 158 
250.500000 109.593750 10020.000000 161 158 157 
234.843750 109.593750 10020.000000 160 159 157 
219.187500 109.593750 10020.000000 160 159 157 
203.531250 109.593750 10020.000000 160 159 157 
187.875000 109.593750 10020.000000 160 158 157 
172.218750 109.593750 10020.000000 158 157 155 
156.562500 109.593750 10020.000000 157 155 154 
-38.354069 26.847847 2454.660400 158 152 152 
-42.068703 26.770992 2447.633545 159 153 153 
-45.893131 26.770992 2447.633545 161 155 155 
-59.988773 26.245089 2399.551025 153 151 150 
-63.147358 26.001854 2377.312256 153 152 150 
-66.738205 25.953747 2372.914062 154 153 151 
-70.380775 25.929760 2370.720947 155 154 152 
-74.085030 25.929760 2370.720947 155 154 152 
-77.789276 25.929760 2370.720947 154 153 151 
-81.795921 26.025974 2379.517578 154 153 151 
-85.119110 25.905817 2368.531738 154 153 151 
-78.268509 22.828316 2087.160400 151 150 148 
-81.529701 22.828316 2087.160400 151 150 148 
297.468750 125.250000 10020.000000 160 156 158 
281.812500 125.250000 10020.000000 160 156 158 
266.156250 125.250000 10020.000000 160 156 158 
250.500000 125.250000 10020.000000 161 156 156 
234.843750 125.250000 10020.000000 163 156 156 
219.187500 125.250000 10020.000000 164 156 157 
203.531250 125.250000 10020.000000 164 157 157 
187.875000 125.250000 10020.000000 164 156 157 
172.218750 125.250000 10020.000000 162 155 155 
156.562500 125.250000 10020.000000 161 154 154 
-34.717999 30.860443 2468.835449 156 150 150 
-38.427612 30.742090 2459.367188 158 152 152 
-42.149139 30.653919 2452.313477 160 154 154 
-46.024879 30.683254 2454.660400 161 155 155 
-60.101219 30.050610 2404.048828 152 150 149 
-63.147358 29.716404 2377.312256 152 153 150 
-66.676521 29.634010 2370.720947 155 155 153 
-70.380775 29.634010 2370.720947 156 156 154 
-74.085030 29.634010 2370.720947 155 155 153 
-77.789276 29.634010 2370.720947 155 156 153 
-81.795921 29.743971 2379.517578 156 156 154 
-85.040588 29.579336 2366.346924 156 157 154 
-78.268509 26.089504 2087.160400 154 153 152 
-81.529701 26.089504 2087.160400 153 151 151 
297.468750 140.906250 10020.000000 159 157 158 
281.812500 140.906250 10020.000000 159 157 158 
266.156250 140.906250 10020.000000 159 157 158 
250.500000 140.906250 10020.000000 162 155 156 
234.843750 140.906250 10020.000000 163 155 155 
219.187500 140.906250 10020.000000 164 156 156 
203.531250 140.906250 10020.000000 164 156 157 
187.875000 140.906250 10020.000000 163 155 156 
172.218750 140.906250 10020.000000 163 154 155 
156.562500 140.906250 10020.000000 162 154 154 
-34.717999 34.717999 2468.835449 158 152 152 
-38.501442 34.651299 2464.092285 159 153 153 
-42.270374 34.584850 2459.367188 160 154 154 
-46.113136 34.584850 2459.367188 160 154 154 
-60.101219 33.806934 2404.048828 152 149 148 
-62.972275 33.338261 2370.720947 153 152 150 
-66.614960 33.307480 2368.531738 156 155 153 
-70.315788 33.307480 2368.531738 157 155 154 
-74.016617 33.307480 2368.531738 157 156 154 
-77.645760 33.276752 2366.346924 158 156 155 
-81.795921 33.461967 2379.517578 158 156 155 
-84.883980 33.215469 2361.989014 157 156 155 
-78.268509 29.350691 2087.160400 155 153 154 
-81.529701 29.350691 2087.160400 152 150 151 
297.468750 156.562500 10020.000000 159 157 158 
281.812500 156.562500 10020.000000 159 157 158 
266.156250 156.562500 10020.000000 159 157 158 
250.500000 156.562500 10020.000000 160 157 157 
234.843750 156.562500 10020.000000 161 157 156 
219.187500 156.562500 10020.000000 160 157 156 
203.531250 156.562500 10020.000000 160 157 156 
187.875000 156.562500 10020.000000 160 156 155 
172.218750 156.562500 10020.000000 160 156 155 
156.562500 156.562500 10020.000000 160 156 155 
-34.784958 38.649952 2473.596924 156 150 150 
-38.575554 38.575554 2468.835449 156 150 150 
-42.392307 38.538460 2466.461426 156 150 150 
-46.246155 38.538460 2466.461426 157 151 151 
-60.101219 37.563263 2404.048828 155 149 149 
-62.972275 37.042515 2370.720947 156 150 150 
-66.492165 36.940094 2364.166016 158 152 152 
-70.121544 36.906078 2361.989014 158 152 152 
-73.880188 36.940094 2364.166016 160 154 154 
-77.502762 36.906078 2361.989014 161 155 155 
-81.268204 36.940094 2364.166016 160 154 154 
-84.727943 36.838234 2357.646973 159 153 153 
-78.268509 32.611881 2087.160400 155 151 152 
-81.529701 32.611881 2087.160400 150 148 149 
297.468750 172.218750 10020.000000 159 157 158 
281.812500 172.218750 10020.000000 159 157 158 
266.156250 172.218750 10020.000000 159 157 158 
250.500000 172.218750 10020.000000 159 159 158 
234.843750 172.218750 10020.000000 159 159 157 
219.187500 172.218750 10020.000000 158 158 156 
203.531250 172.218750 10020.000000 157 157 155 
187.875000 172.218750 10020.000000 156 156 154 
172.218750 172.218750 10020.000000 157 157 155 
156.562500 172.218750 10020.000000 158 158 156 
140.906250 172.218750 10020.000000 159 159 157 
-34.919651 42.679573 2483.175293 157 151 151 
-38.649952 42.514946 2473.596924 156 150 150 
-42.473988 42.473988 2471.213867 155 149 149 
-46.290665 42.433109 2468.835449 156 149 149 
-50.003838 42.310940 2461.727539 156 150 150 
-57.421204 42.108883 2449.971436 157 150 150 
-60.044945 41.280899 2401.797852 157 149 149 
-62.798157 40.634102 2364.166016 158 149 150 
-66.430939 40.596684 2361.989014 159 150 151 
-70.121544 40.596684 2361.989014 159 150 151 
-73.812157 40.596684 2361.989014 162 153 153 
-77.431465 40.559338 2359.815918 163 154 154 
-81.118675 40.559338 2359.815918 161 152 153 
-84.572479 40.447708 2353.321045 159 150 151 
297.468750 187.875000 10020.000000 159 157 158 
281.812500 187.875000 10020.000000 160 158 159 
266.156250 187.875000 10020.000000 160 158 159 
250.500000 187.875000 10020.000000 160 159 159 
234.843750 187.875000 10020.000000 159 158 158 
219.187500 187.875000 10020.000000 157 156 156 
203.531250 187.875000 10020.000000 156 155 155 
187.875000 187.875000 10020.000000 156 155 155 
172.218750 187.875000 10020.000000 157 156 155 
156.562500 187.875000 10020.000000 156 156 155 
140.906250 187.875000 10020.000000 156 155 155 
-35.021358 46.695145 2490.407715 161 152 153 
-38.724636 46.469566 2478.376709 159 151 151 
-42.514946 46.379944 2473.596924 157 148 149 
-46.290665 46.290665 2468.835449 157 149 149 
-50.003838 46.157391 2461.727539 158 149 150 
-53.850288 46.157391 2461.727539 159 150 151 
-57.476101 45.980881 2452.313477 159 151 151 
-60.044945 45.033707 2401.797852 158 150 151 
-62.798157 44.328110 2364.166016 157 149 150 
-66.430939 44.287292 2361.989014 156 148 149 
-70.057037 44.246552 2359.815918 156 149 149 
-73.744247 44.246552 2359.815918 158 151 151 
-77.360291 44.205883 2357.646973 159 152 152 
-81.044121 44.205883 2357.646973 158 151 151 
-84.572479 44.124771 2353.321045 157 151 151 
297.468750 203.531250 10020.000000 156 154 155 
281.812500 203.531250 10020.000000 159 157 158 
266.156250 203.531250 10020.000000 160 158 159 
250.500000 203.531250 10020.000000 160 158 159 
234.843750 203.531250 10020.000000 159 157 158 
219.187500 203.531250 10020.000000 158 156 157 
203.531250 203.531250 10020.000000 156 154 155 
187.875000 203.531250 10020.000000 157 155 156 
172.218750 203.531250 10020.000000 157 155 156 
156.562500 203.531250 10020.000000 156 154 155 
140.906250 203.531250 10020.000000 156 154 154 
-35.055393 50.635567 2492.827881 160 152 153 
-38.762089 50.390717 2480.773682 160 151 152 
-42.597103 50.342030 2478.376709 157 149 150 
-46.335258 50.196533 2471.213867 157 149 149 
-50.051872 50.051872 2464.092285 158 150 150 
-53.902016 50.051872 2464.092285 159 151 151 
-62.798157 48.022121 2364.166016 155 149 149 
-66.369827 47.933762 2359.815918 154 148 148 
-70.057037 47.933762 2359.815918 155 149 149 
-73.744247 47.933762 2359.815918 156 150 150 
-77.360291 47.889706 2357.646973 157 151 151 
-81.044121 47.889706 2357.646973 157 151 151 
-84.572479 47.801834 2353.321045 157 151 151 
297.468750 219.187500 10020.000000 157 155 156 
281.812500 219.187500 10020.000000 157 155 156 
266.156250 219.187500 10020.000000 156 154 155 
250.500000 219.187500 10020.000000 157 155 156 
234.843750 219.187500 10020.000000 158 156 157 
219.187500 219.187500 10020.000000 158 156 157 
203.531250 219.187500 10020.000000 158 156 157 
187.875000 219.187500 10020.000000 158 156 157 
172.218750 219.187500 10020.000000 158 156 157 
156.562500 219.187500 10020.000000 157 155 156 
140.906250 219.187500 10020.000000 156 154 155 
-35.089493 54.583656 2495.252930 157 154 153 
-38.762089 54.266926 2480.773682 157 154 153 
-42.597103 54.214493 2478.376709 156 152 151 
-46.335258 54.057804 2471.213867 155 151 150 
-50.099998 53.953846 2466.461426 155 151 150 
-53.953846 53.953846 2466.461426 156 152 151 
-62.682613 51.620975 2359.815918 154 148 148 
-66.308823 51.573528 2357.646973 154 148 148 
-69.992645 51.573528 2357.646973 156 150 150 
-73.676468 51.573528 2357.646973 157 151 151 
-77.360291 51.573528 2357.646973 157 151 151 
-80.969696 51.526173 2355.482178 157 151 151 
-84.572479 51.478901 2353.321045 157 151 151 
297.468750 234.843750 10020.000000 160 157 158 
281.812500 234.843750 10020.000000 160 157 158 
266.156250 234.843750 10020.000000 158 155 156 
250.500000 234.843750 10020.000000 157 155 156 
234.843750 234.843750 10020.000000 158 156 157 
219.187500 234.843750 10020.000000 158 156 157 
203.531250 234.843750 10020.000000 158 156 157 
187.875000 234.843750 10020.000000 159 157 158 
172.218750 234.843750 10020.000000 158 156 157 
156.562500 234.843750 10020.000000 158 156 157 
140.906250 234.843750 10020.000000 157 155 156 
-38.837208 58.255814 2485.581299 156 156 154 
-42.638298 58.143135 2480.773682 155 155 152 
-46.379944 57.974926 2473.596924 153 153 151 
-50.099998 57.807693 2466.461426 153 152 150 
-53.953846 57.807693 2466.461426 154 153 151 
-62.625000 55.257355 2357.646973 154 148 148 
-66.247932 55.206612 2355.482178 154 148 148 
-69.928375 55.206612 2355.482178 156 150 150 
-73.676468 55.257355 2357.646973 157 151 151 
-77.289253 55.206612 2355.482178 157 151 151 
-80.821266 55.105408 2351.164062 157 151 151 
-84.494957 55.105408 2351.164062 157 151 151 
297.468750 250.500000 10020.000000 161 157 157 
281.812500 250.500000 10020.000000 162 157 158 
266.156250 250.500000 10020.000000 161 156 156 
250.500000 250.500000 10020.000000 158 155 155 
234.843750 250.500000 10020.000000 157 155 156 
219.187500 250.500000 10020.000000 158 156 157 
203.531250 250.500000 10020.000000 158 156 157 
187.875000 250.500000 10020.000000 158 156 157 
172.218750 250.500000 10020.000000 158 156 157 
156.562500 250.500000 10020.000000 158 156 157 
140.906250 250.500000 10020.000000 158 156 157 
-38.912621 62.260193 2490.407715 157 153 152 
-42.720932 62.139534 2485.581299 156 152 151 
-46.424709 61.899612 2475.984619 155 152 151 
-50.244938 61.839924 2473.596924 155 152 151 
-54.162163 61.899612 2475.984619 156 153 152 
-62.567493 58.887051 2355.482178 157 151 151 
-66.187157 58.833027 2353.321045 157 151 151 
-69.864220 58.833027 2353.321045 157 151 151 
-73.608818 58.887051 2355.482178 155 149 149 
-77.147568 58.779102 2351.164062 155 149 149 
-80.526024 58.564384 2342.575439 156 150 150 
-84.186302 58.564384 2342.575439 157 151 151 
297.468750 266.156250 10020.000000 159 153 153 
281.812500 266.156250 10020.000000 160 154 154 
266.156250 266.156250 10020.000000 159 153 153 
250.500000 266.156250 10020.000000 157 154 154 
234.843750 266.156250 10020.000000 156 154 155 
219.187500 266.156250 10020.000000 157 155 156 
203.531250 266.156250 10020.000000 158 156 157 
187.875000 266.156250 10020.000000 158 156 157 
172.218750 266.156250 10020.000000 158 156 157 
156.562500 266.156250 10020.000000 158 156 157 
140.906250 266.156250 10020.000000 158 156 156 
-39.026291 66.344696 2497.682617 157 151 151 
-42.803883 66.151459 2490.407715 157 151 151 
-46.559536 65.959343 2483.175293 157 151 151 
-50.390717 65.895554 2480.773682 157 151 151 
-62.452797 62.452797 2351.164062 158 152 152 
-66.065933 62.395603 2349.010986 158 152 152 
-69.736267 62.395603 2349.010986 158 152 152 
-73.473877 62.452797 2351.164062 156 150 150 
-77.076920 62.395603 2349.010986 155 149 149 
-80.526024 62.224659 2342.575439 155 149 149 
-83.575706 61.773346 2325.584717 155 149 149 
-87.209427 61.773346 2325.584717 154 151 150 
297.468750 281.812500 10020.000000 158 152 152 
281.812500 281.812500 10020.000000 157 151 151 
266.156250 281.812500 10020.000000 159 153 153 
250.500000 281.812500 10020.000000 157 154 155 
234.843750 281.812500 10020.000000 156 154 155 
219.187500 281.812500 10020.000000 157 155 156 
203.531250 281.812500 10020.000000 158 156 157 
187.875000 281.812500 10020.000000 157 155 156 
172.218750 281.812500 10020.000000 157 155 156 
156.562500 281.812500 10020.000000 157 155 156 
140.906250 281.812500 10020.000000 157 154 155 
-39.140625 70.453125 2505.000000 156 150 150 
-42.928921 70.247322 2497.682617 157 151 151 
-46.695145 70.042717 2490.407715 156 150 150 
-50.586407 70.042717 2490.407715 156 150 150 
-62.395603 66.065933 2349.010986 157 151 151 
-66.005493 66.005493 2346.861816 157 151 151 
-69.672462 66.005493 2346.861816 157 151 151 
-73.406593 66.065933 2349.010986 156 150 150 
-77.006401 66.005493 2346.861816 156 150 150 
-80.306007 65.704918 2336.174805 155 149 149 
-83.500000 65.347824 2323.478271 154 148 148 
-87.130432 65.347824 2323.478271 154 151 150 
297.468750 297.468750 10020.000000 160 154 154 
281.812500 297.468750 10020.000000 158 152 152 
266.156250 297.468750 10020.000000 161 156 156 
250.500000 297.468750 10020.000000 158 155 156 
234.843750 297.468750 10020.000000 156 154 155 
219.187500 297.468750 10020.000000 157 155 156 
203.531250 297.468750 10020.000000 158 156 157 
187.875000 297.468750 10020.000000 157 155 155 
172.218750 297.468750 10020.000000 156 154 155 
156.562500 297.468750 10020.000000 156 154 155 
140.906250 297.468750 10020.000000 156 154 155 
-39.140625 74.367188 2505.000000 156 151 150 
-42.970760 74.222221 2500.116943 155 149 149 
-46.785992 74.077820 2495.252930 155 149 149 
-50.684826 74.077820 2495.252930 156 150 150 
-62.338516 69.672462 2346.861816 156 150 150 
-66.005493 69.672462 2346.861816 156 150 150 
-69.672462 69.672462 2346.861816 156 150 150 
-73.339432 69.672462 2346.861816 154 149 148 
-76.936012 69.608772 2344.716553 154 148 148 
-80.232941 69.292084 2334.049072 155 150 150 
-83.500000 68.978264 2323.478271 156 151 151 
-87.130432 68.978264 2323.478271 154 152 151 
594.937500 313.125000 10020.000000 155 159 156 
297.468750 313.125000 10020.000000 160 154 154 
281.812500 313.125000 10020.000000 159 153 153 
266.156250 313.125000 10020.000000 161 156 155 
250.500000 313.125000 10020.000000 158 155 155 
234.843750 313.125000 10020.000000 156 154 153 
219.187500 313.125000 10020.000000 156 155 154 
203.531250 313.125000 10020.000000 156 155 154 
187.875000 313.125000 10020.000000 156 155 154 
172.218750 313.125000 10020.000000 158 156 155 
156.562500 313.125000 10020.000000 159 157 156 
140.906250 313.125000 10020.000000 157 156 155 
-39.140625 78.281250 2505.000000 153 151 149 
-43.012684 78.204880 2502.556152 153 150 149 
-46.785992 77.976654 2495.252930 154 151 150 
-50.684826 77.976654 2495.252930 154 152 151 
-62.338516 73.339432 2346.861816 154 151 150 
-65.945152 73.272392 2344.716553 153 151 149 
-69.608772 73.272392 2344.716553 155 153 151 
-73.272392 73.272392 2344.716553 154 151 150 
-76.936012 73.272392 2344.716553 154 152 150 
-80.232941 72.939034 2334.049072 156 153 152 
-83.500000 72.608696 2323.478271 156 154 152 
-87.130432 72.608696 2323.478271 155 154 152 
610.593750 328.781250 10020.000000 155 157 154 
594.937500 328.781250 10020.000000 155 157 154 
579.281250 328.781250 10020.000000 156 158 155 
297.468750 328.781250 10020.000000 159 153 153 
281.812500 328.781250 10020.000000 158 152 152 
266.156250 328.781250 10020.000000 158 153 153 
250.500000 328.781250 10020.000000 158 155 154 
234.843750 328.781250 10020.000000 157 156 154 
219.187500 328.781250 10020.000000 157 156 154 
203.531250 328.781250 10020.000000 157 156 154 
187.875000 328.781250 10020.000000 158 157 155 
172.218750 328.781250 10020.000000 158 157 155 
156.562500 328.781250 10020.000000 158 157 155 
140.906250 328.781250 10020.000000 157 156 154 
-43.054688 82.195312 2505.000000 155 154 152 
-46.877193 82.035088 2500.116943 156 155 153 
-62.452797 77.147568 2351.164062 154 153 151 
-66.005493 77.006401 2346.861816 153 152 150 
-69.672462 77.006401 2346.861816 154 153 151 
-73.339432 77.006401 2346.861816 154 153 151 
-76.936012 76.936012 2344.716553 154 153 151 
-80.232941 76.585991 2334.049072 156 155 153 
-83.575706 76.308250 2325.584717 155 154 152 
-87.130432 76.239128 2323.478271 155 154 152 
610.593750 344.437500 10020.000000 158 155 154 
594.937500 344.437500 10020.000000 157 153 152 
557.503784 331.488708 9643.308594 156 153 152 
542.436096 331.488708 9643.308594 159 155 154 
297.468750 344.437500 10020.000000 159 153 153 
281.812500 344.437500 10020.000000 159 153 153 
266.156250 344.437500 10020.000000 160 154 154 
250.500000 344.437500 10020.000000 160 157 156 
234.843750 344.437500 10020.000000 160 159 157 
219.187500 344.437500 10020.000000 160 159 157 
203.531250 344.437500 10020.000000 159 158 156 
187.875000 344.437500 10020.000000 157 156 154 
172.218750 344.437500 10020.000000 158 157 155 
156.562500 344.437500 10020.000000 158 157 155 
140.906250 344.437500 10020.000000 155 154 152 
-58.941177 81.044121 2357.646973 155 154 152 
-62.510094 80.895416 2353.321045 155 154 152 
-66.065933 80.747253 2349.010986 154 153 151 
-69.672462 80.673378 2346.861816 153 152 150 
-73.339432 80.673378 2346.861816 152 151 149 
-77.006401 80.673378 2346.861816 154 153 151 
-80.232941 80.232941 2334.049072 155 154 152 
-83.651543 80.014519 2327.695068 154 153 151 
-86.815887 79.581230 2315.090332 154 153 151 
-90.433212 79.581230 2315.090332 154 153 151 
594.937500 360.093750 10020.000000 158 150 151 
557.503784 346.556396 9643.308594 155 148 149 
532.428040 340.162354 9465.387695 156 149 149 
517.638367 340.162354 9465.387695 159 152 152 
297.468750 360.093750 10020.000000 157 151 151 
281.812500 360.093750 10020.000000 156 150 151 
266.156250 360.093750 10020.000000 158 152 152 
250.500000 360.093750 10020.000000 159 156 155 
234.843750 360.093750 10020.000000 159 158 156 
219.187500 360.093750 10020.000000 159 158 156 
203.531250 360.093750 10020.000000 159 158 156 
187.875000 360.093750 10020.000000 158 157 155 
172.218750 360.093750 10020.000000 158 157 155 
156.562500 360.093750 10020.000000 157 156 154 
140.906250 360.093750 10020.000000 154 153 151 
-58.941177 84.727943 2357.646973 153 152 150 
-62.567493 84.650139 2355.482178 156 155 153 
-66.065933 84.417580 2349.010986 155 154 152 
-69.736267 84.417580 2349.010986 151 150 148 
-73.339432 84.340347 2346.861816 151 150 148 
-77.006401 84.340347 2346.861816 153 152 150 
-80.232941 83.879890 2334.049072 154 153 151 
-83.651543 83.651543 2327.695068 153 152 150 
-86.815887 83.198555 2315.090332 153 152 150 
-90.433212 83.198555 2315.090332 153 152 150 
-93.796577 82.973900 2308.838867 154 153 151 
-100.739677 82.750450 2302.621094 153 152 150 
-103.871315 82.380699 2292.332520 150 149 147 
594.937500 375.750000 10020.000000 155 151 152 
579.281250 375.750000 10020.000000 152 148 149 
536.386597 357.591064 9535.761719 152 147 148 
521.487000 357.591064 9535.761719 153 149 150 
297.468750 375.750000 10020.000000 158 155 156 
281.812500 375.750000 10020.000000 155 152 153 
266.156250 375.750000 10020.000000 154 151 152 
250.500000 375.750000 10020.000000 157 153 153 
234.843750 375.750000 10020.000000 160 155 155 
219.187500 375.750000 10020.000000 160 156 155 
203.531250 375.750000 10020.000000 160 156 155 
187.875000 375.750000 10020.000000 160 156 155 
172.218750 375.750000 10020.000000 160 155 155 
156.562500 375.750000 10020.000000 159 155 154 
-58.941177 88.411766 2357.646973 149 148 146 
-62.567493 88.330582 2355.482178 151 150 148 
-66.065933 88.087914 2349.010986 150 149 147 
-69.736267 88.087914 2349.010986 149 148 146 
-73.339432 88.007317 2346.861816 149 148 146 
-77.006401 88.007317 2346.861816 152 151 149 
-80.232941 87.526840 2334.049072 154 153 151 
-83.575706 87.209427 2325.584717 153 152 150 
-86.815887 86.815887 2315.090332 153 152 150 
-90.433212 86.815887 2315.090332 154 153 151 
-93.712227 86.503601 2306.762695 155 154 152 
-97.141830 86.348297 2302.621094 155 154 152 
-100.379250 86.039352 2294.382812 154 153 151 
-103.778572 85.885712 2290.285645 152 151 149 
-107.357140 85.885712 2290.285645 152 151 149 
594.937500 391.406250 10020.000000 157 155 156 
579.281250 391.406250 10020.000000 155 153 154 
540.404480 375.280914 9607.191406 153 151 152 
525.393250 375.280914 9607.191406 153 151 152 
297.468750 391.406250 10020.000000 156 154 155 
281.812500 391.406250 10020.000000 153 151 152 
266.156250 391.406250 10020.000000 151 149 150 
250.500000 391.406250 10020.000000 156 151 151 
234.843750 391.406250 10020.000000 160 154 154 
219.187500 391.406250 10020.000000 162 156 156 
203.531250 391.406250 10020.000000 161 155 155 
187.875000 391.406250 10020.000000 161 155 155 
172.218750 391.406250 10020.000000 161 155 155 
156.562500 391.406250 10020.000000 161 155 155 
-58.941177 92.095589 2357.646973 150 149 147 
-62.567493 92.011017 2355.482178 149 148 146 
-66.065933 91.758240 2349.010986 147 146 144 
-69.672462 91.674294 2346.861816 145 144 142 
-73.339432 91.674294 2346.861816 148 147 145 
-77.006401 91.674294 2346.861816 152 151 149 
-80.232941 91.173798 2334.049072 153 152 150 
-83.500000 90.760872 2323.478271 152 151 149 
-86.815887 90.433212 2315.090332 153 152 150 
-90.189018 90.189018 2308.838867 155 154 152 
-93.628029 90.026955 2304.689941 155 154 152 
-97.141830 89.946136 2302.621094 155 154 152 
-100.469116 89.704567 2296.436768 153 152 150 
-103.871315 89.544235 2292.332520 152 151 149 
-107.453087 89.544235 2292.332520 152 151 149 
594.937500 407.062500 10020.000000 160 158 159 
579.281250 407.062500 10020.000000 159 157 158 
542.436096 391.759399 9643.308594 157 155 156 
527.368408 391.759399 9643.308594 156 154 155 
297.468750 407.062500 10020.000000 155 153 154 
281.812500 407.062500 10020.000000 153 151 152 
266.156250 407.062500 10020.000000 152 150 151 
250.500000 407.062500 10020.000000 157 152 152 
234.843750 407.062500 10020.000000 161 155 155 
219.187500 407.062500 10020.000000 162 156 156 
203.531250 407.062500 10020.000000 162 156 156 
187.875000 407.062500 10020.000000 160 154 154 
172.218750 407.062500 10020.000000 160 154 154 
156.562500 407.062500 10020.000000 160 154 154 
-62.567493 95.691460 2355.482178 153 152 150 
-66.065933 95.428574 2349.010986 150 149 147 
-69.672462 95.341263 2346.861816 148 147 145 
-73.339432 95.341263 2346.861816 149 148 146 
-77.006401 95.341263 2346.861816 151 150 148 
-80.232941 94.820747 2334.049072 152 151 149 
-83.500000 94.391304 2323.478271 151 150 148 
-86.737602 93.965736 2313.002686 153 152 150 
-90.107910 93.712227 2306.762695 154 153 151 
-93.543983 93.543983 2302.621094 154 153 151 
-97.141830 93.543983 2302.621094 154 153 151 
-100.469116 93.292747 2296.436768 153 152 150 
-103.871315 93.126007 2292.332520 152 151 149 
-107.453087 93.126007 2292.332520 152 151 149 
594.937500 422.718750 10020.000000 159 157 158 
579.281250 422.718750 10020.000000 160 158 159 
563.625000 422.718750 10020.000000 160 158 158 
547.968750 422.718750 10020.000000 158 156 157 
422.612244 368.081635 8724.898438 160 154 154 
297.468750 422.718750 10020.000000 158 155 156 
281.812500 422.718750 10020.000000 157 154 155 
266.156250 422.718750 10020.000000 156 153 154 
250.500000 422.718750 10020.000000 158 154 154 
234.843750 422.718750 10020.000000 161 156 156 
219.187500 422.718750 10020.000000 163 157 157 
203.531250 422.718750 10020.000000 162 156 156 
187.875000 422.718750 10020.000000 160 154 154 
172.218750 422.718750 10020.000000 159 153 153 
156.562500 422.718750 10020.000000 159 153 153 
-62.567493 99.371902 2355.482178 153 152 150 
-66.065933 99.098900 2349.010986 153 152 150 
-69.672462 99.008232 2346.861816 152 151 149 
-73.339432 99.008232 2346.861816 150 149 147 
-77.006401 99.008232 2346.861816 150 149 147 
-80.673378 99.008232 2346.861816 151 150 148 
-83.879890 98.467697 2334.049072 151 150 148 
-86.737602 97.579803 2313.002686 152 152 149 
-90.026955 97.229111 2304.689941 153 152 150 
-93.543983 97.141830 2302.621094 153 152 150 
-97.141830 97.141830 2302.621094 153 152 150 
-100.469116 96.880928 2296.436768 152 151 149 
-103.964226 96.794273 2294.382812 152 151 149 
-107.549194 96.794273 2294.382812 152 151 149 
594.937500 438.375000 10020.000000 158 157 156 
579.281250 438.375000 10020.000000 158 157 156 
563.625000 438.375000 10020.000000 158 156 155 
440.742279 385.649475 8814.845703 158 153 153 
412.784058 372.837219 8521.993164 159 153 153 
399.468445 372.837219 8521.993164 160 154 154 
297.468750 438.375000 10020.000000 160 155 156 
281.812500 438.375000 10020.000000 161 156 156 
266.156250 438.375000 10020.000000 160 155 155 
250.500000 438.375000 10020.000000 158 155 154 
234.843750 438.375000 10020.000000 158 155 154 
219.187500 438.375000 10020.000000 158 155 154 
203.531250 438.375000 10020.000000 158 155 154 
187.875000 438.375000 10020.000000 160 155 154 
172.218750 438.375000 10020.000000 161 153 154 
156.562500 438.375000 10020.000000 161 152 153 
-62.625000 103.147057 2357.646973 153 152 150 
-66.065933 102.769234 2349.010986 154 153 151 
-69.672462 102.675209 2346.861816 153 152 150 
-73.339432 102.675209 2346.861816 152 151 149 
-77.006401 102.675209 2346.861816 152 151 149 
-80.747253 102.769234 2349.010986 152 151 149 
-87.209427 101.744331 2325.584717 151 152 149 
-89.946136 100.739677 2302.621094 150 153 149 
-93.543983 100.739677 2302.621094 150 153 149 
-97.054710 100.649330 2300.556152 150 153 149 
-100.469116 100.469116 2296.436768 149 152 148 
-103.964226 100.379250 2294.382812 150 153 150 
-107.549194 100.379250 2294.382812 151 154 151 
594.937500 454.031250 10020.000000 158 157 155 
579.281250 454.031250 10020.000000 157 156 154 
563.625000 454.031250 10020.000000 157 156 154 
547.968750 454.031250 10020.000000 157 156 154 
497.233093 436.962402 9643.308594 159 158 156 
445.333344 403.583344 8906.666992 159 155 154 
431.416656 403.583344 8906.666992 159 153 153 
297.468750 454.031250 10020.000000 157 151 151 
281.812500 454.031250 10020.000000 159 153 153 
266.156250 454.031250 10020.000000 158 152 152 
250.500000 454.031250 10020.000000 155 153 152 
234.843750 454.031250 10020.000000 155 154 152 
219.187500 454.031250 10020.000000 155 154 152 
203.531250 454.031250 10020.000000 155 154 152 
187.875000 454.031250 10020.000000 159 155 154 
172.218750 454.031250 10020.000000 161 153 154 
156.562500 454.031250 10020.000000 162 152 153 
-66.308823 106.830879 2357.646973 155 154 152 
-69.672462 106.342178 2346.861816 154 153 151 
-73.272392 106.244972 2344.716553 153 152 150 
-76.936012 106.244972 2344.716553 153 152 150 
-80.747253 106.439560 2349.010986 153 152 150 
-93.460091 104.243950 2300.556152 150 152 149 
-97.054710 104.243950 2300.556152 150 152 149 
-100.469116 104.057297 2296.436768 150 152 149 
-103.964226 103.964226 2294.382812 149 151 148 
-107.549194 103.964226 2294.382812 149 151 148 
594.937500 469.687500 10020.000000 158 157 155 
579.281250 469.687500 10020.000000 157 156 154 
563.625000 469.687500 10020.000000 160 159 157 
547.968750 469.687500 10020.000000 160 159 157 
512.300781 452.030090 9643.308594 158 157 155 
480.959991 437.236359 9327.708984 157 156 154 
466.385468 437.236359 9327.708984 160 155 155 
297.468750 469.687500 10020.000000 156 150 150 
281.812500 469.687500 10020.000000 158 152 152 
266.156250 469.687500 10020.000000 157 151 151 
250.500000 469.687500 10020.000000 154 151 150 
234.843750 469.687500 10020.000000 153 152 150 
219.187500 469.687500 10020.000000 154 153 151 
203.531250 469.687500 10020.000000 156 154 152 
187.875000 469.687500 10020.000000 160 155 154 
172.218750 469.687500 10020.000000 161 153 154 
156.562500 469.687500 10020.000000 162 152 153 
-69.736267 110.109894 2349.010986 153 152 150 
-73.272392 109.908592 2344.716553 152 151 149 
-76.936012 109.908592 2344.716553 152 151 149 
-97.054710 107.838562 2300.556152 154 150 149 
-100.559143 107.741936 2298.494629 154 150 149 
-104.057297 107.645477 2296.436768 152 148 147 
-107.645477 107.645477 2296.436768 150 146 145 
594.937500 485.343750 10020.000000 158 156 155 
579.281250 485.343750 10020.000000 157 156 154 
563.625000 485.343750 10020.000000 158 157 155 
547.968750 485.343750 10020.000000 158 157 155 
512.300781 467.097748 9643.308594 156 155 153 
480.959991 451.810913 9327.708984 155 153 152 
466.385468 451.810913 9327.708984 160 156 155 
297.468750 485.343750 10020.000000 158 152 152 
281.812500 485.343750 10020.000000 159 153 153 
266.156250 485.343750 10020.000000 158 152 152 
250.500000 485.343750 10020.000000 154 152 151 
234.843750 485.343750 10020.000000 154 153 151 
219.187500 485.343750 10020.000000 156 155 153 
203.531250 485.343750 10020.000000 158 156 154 
187.875000 485.343750 10020.000000 160 156 155 
172.218750 485.343750 10020.000000 161 153 154 
156.562500 485.343750 10020.000000 161 152 153 
-100.649330 111.433182 2300.556152 156 149 149 
-104.150536 111.333336 2298.494629 156 149 149 
594.937500 501.000000 10020.000000 157 152 153 
579.281250 501.000000 10020.000000 155 151 151 
563.625000 501.000000 10020.000000 154 150 150 
547.968750 501.000000 10020.000000 155 150 151 
497.233093 482.165405 9643.308594 160 156 156 
445.333344 445.333344 8906.666992 161 158 158 
431.416656 445.333344 8906.666992 160 157 158 
297.468750 501.000000 10020.000000 160 154 154 
281.812500 501.000000 10020.000000 161 155 155 
266.156250 501.000000 10020.000000 159 153 153 
250.500000 501.000000 10020.000000 155 153 152 
234.843750 501.000000 10020.000000 157 156 154 
219.187500 501.000000 10020.000000 159 158 156 
203.531250 501.000000 10020.000000 159 158 156 
187.875000 501.000000 10020.000000 159 157 155 
172.218750 501.000000 10020.000000 158 155 154 
156.562500 501.000000 10020.000000 157 154 153 
594.937500 516.656250 10020.000000 157 151 153 
579.281250 516.656250 10020.000000 156 150 152 
563.625000 516.656250 10020.000000 156 150 152 
442.262054 456.082764 8845.241211 162 158 160 
428.441376 456.082764 8845.241211 159 157 158 
297.468750 516.656250 10020.000000 162 156 156 
281.812500 516.656250 10020.000000 163 157 157 
266.156250 516.656250 10020.000000 162 156 156 
250.500000 516.656250 10020.000000 159 157 155 
234.843750 516.656250 10020.000000 160 159 157 
219.187500 516.656250 10020.000000 161 160 158 
203.531250 516.656250 10020.000000 160 159 157 
187.875000 516.656250 10020.000000 158 157 155 
172.218750 516.656250 10020.000000 157 156 154 
156.562500 516.656250 10020.000000 156 155 153 
594.937500 532.312500 10020.000000 158 152 154 
579.281250 532.312500 10020.000000 159 153 155 
563.625000 532.312500 10020.000000 161 155 157 
439.232880 466.684937 8784.657227 161 158 159 
425.506836 466.684937 8784.657227 158 156 157 
297.468750 532.312500 10020.000000 161 155 155 
281.812500 532.312500 10020.000000 161 155 155 
266.156250 532.312500 10020.000000 162 156 156 
250.500000 532.312500 10020.000000 159 157 155 
234.843750 532.312500 10020.000000 157 156 154 
219.187500 532.312500 10020.000000 157 156 154 
203.531250 532.312500 10020.000000 157 156 154 
187.875000 532.312500 10020.000000 156 155 153 
172.218750 532.312500 10020.000000 157 156 154 
156.562500 532.312500 10020.000000 157 156 154 
594.937500 547.968750 10020.000000 160 154 155 
579.281250 547.968750 10020.000000 161 155 157 
563.625000 547.968750 10020.000000 162 156 158 
437.733795 478.771332 8754.675781 160 156 158 
424.054596 478.771332 8754.675781 158 155 156 
297.468750 547.968750 10020.000000 159 153 153 
281.812500 547.968750 10020.000000 156 151 150 
266.156250 547.968750 10020.000000 156 150 150 
250.500000 547.968750 10020.000000 158 156 155 
234.843750 547.968750 10020.000000 157 156 154 
219.187500 547.968750 10020.000000 155 154 152 
203.531250 547.968750 10020.000000 156 155 153 
187.875000 547.968750 10020.000000 155 154 152 
172.218750 547.968750 10020.000000 157 156 154 
156.562500 547.968750 10020.000000 158 157 155 
594.937500 563.625000 10020.000000 161 155 156 
579.281250 563.625000 10020.000000 162 156 157 
563.625000 563.625000 10020.000000 162 156 157 
433.297302 487.459473 8665.946289 160 155 155 
415.545166 482.568573 8578.997070 159 154 154 
297.468750 563.625000 10020.000000 157 155 153 
281.812500 563.625000 10020.000000 155 153 151 
266.156250 563.625000 10020.000000 155 152 151 
250.500000 563.625000 10020.000000 158 157 155 
234.843750 563.625000 10020.000000 157 156 154 
219.187500 563.625000 10020.000000 155 154 152 
203.531250 563.625000 10020.000000 158 157 155 
187.875000 563.625000 10020.000000 158 157 155 
172.218750 563.625000 10020.000000 158 157 155 
156.562500 563.625000 10020.000000 157 156 154 
594.937500 579.281250 10020.000000 162 156 156 
579.281250 579.281250 10020.000000 162 156 156 
563.625000 579.281250 10020.000000 161 155 155 
428.949829 495.973236 8578.997070 157 151 151 
408.710541 487.815796 8437.894531 156 150 150 
395.526306 487.815796 8437.894531 158 152 152 
297.468750 579.281250 10020.000000 157 156 154 
281.812500 579.281250 10020.000000 156 155 153 
266.156250 579.281250 10020.000000 156 155 153 
250.500000 579.281250 10020.000000 156 155 153 
234.843750 579.281250 10020.000000 156 155 153 
219.187500 579.281250 10020.000000 156 155 153 
203.531250 579.281250 10020.000000 158 157 155 
187.875000 579.281250 10020.000000 159 158 156 
172.218750 579.281250 10020.000000 158 157 155 
156.562500 579.281250 10020.000000 157 156 154 
594.937500 594.937500 10020.000000 161 155 155 
579.281250 594.937500 10020.000000 161 155 155 
563.625000 594.937500 10020.000000 160 154 154 
427.519989 507.679993 8550.400391 159 153 153 
408.710541 501.000000 8437.894531 158 152 152 
395.526306 501.000000 8437.894531 156 150 150 
297.468750 594.937500 10020.000000 158 157 155 
281.812500 594.937500 10020.000000 157 156 154 
266.156250 594.937500 10020.000000 156 155 153 
250.500000 594.937500 10020.000000 155 154 152 
234.843750 594.937500 10020.000000 156 155 153 
219.187500 594.937500 10020.000000 158 157 155 
203.531250 594.937500 10020.000000 158 157 155 
187.875000 594.937500 10020.000000 158 157 155 
172.218750 594.937500 10020.000000 157 156 154 
156.562500 594.937500 10020.000000 157 156 154 
594.937500 610.593750 10020.000000 161 155 156 
579.281250 610.593750 10020.000000 160 154 154 
563.625000 610.593750 10020.000000 161 155 155 
424.688751 517.589417 8493.774414 161 155 155 
411.417206 517.589417 8493.774414 160 154 154 
297.468750 610.593750 10020.000000 158 157 155 
281.812500 610.593750 10020.000000 158 156 154 
266.156250 610.593750 10020.000000 157 155 154 
250.500000 610.593750 10020.000000 155 154 152 
234.843750 610.593750 10020.000000 158 157 154 
219.187500 610.593750 10020.000000 159 158 156 
203.531250 610.593750 10020.000000 157 156 154 
187.875000 610.593750 10020.000000 156 155 153 
172.218750 610.593750 10020.000000 156 155 153 
594.937500 626.250000 10020.000000 162 156 157 
579.281250 626.250000 10020.000000 162 156 157 
563.625000 626.250000 10020.000000 162 156 157 
424.688751 530.860901 8493.774414 159 156 155 
411.417206 530.860901 8493.774414 159 156 155 
297.468750 626.250000 10020.000000 159 155 154 
281.812500 626.250000 10020.000000 158 153 152 
266.156250 626.250000 10020.000000 156 151 151 
250.500000 626.250000 10020.000000 154 150 147 
234.843750 626.250000 10020.000000 159 155 152 
219.187500 626.250000 10020.000000 160 156 153 
203.531250 626.250000 10020.000000 156 152 149 
187.875000 626.250000 10020.000000 155 150 147 
172.218750 626.250000 10020.000000 157 150 148 
594.937500 641.906250 10020.000000 160 154 156 
579.281250 641.906250 10020.000000 160 154 156 
563.625000 641.906250 10020.000000 161 155 157 
424.688751 544.132446 8493.774414 159 156 155 
411.417206 544.132446 8493.774414 158 157 155 
297.468750 641.906250 10020.000000 159 153 153 
281.812500 641.906250 10020.000000 158 152 152 
266.156250 641.906250 10020.000000 156 150 150 
250.500000 641.906250 10020.000000 157 150 148 
234.843750 641.906250 10020.000000 162 154 151 
219.187500 641.906250 10020.000000 159 152 149 
203.531250 641.906250 10020.000000 163 156 153 
187.875000 641.906250 10020.000000 172 164 161 
148.945953 555.162170 8665.946289 178 168 166 
143.142853 586.885742 9161.142578 184 174 172 
610.593750 657.562500 10020.000000 160 154 156 
594.937500 657.562500 10020.000000 160 154 156 
579.281250 657.562500 10020.000000 159 153 155 
563.625000 657.562500 10020.000000 160 154 156 
547.968750 657.562500 10020.000000 161 155 157 
297.468750 657.562500 10020.000000 158 152 152 
281.812500 657.562500 10020.000000 158 152 152 
266.156250 657.562500 10020.000000 157 151 151 
250.500000 657.562500 10020.000000 158 149 148 
234.843750 657.562500 10020.000000 162 152 150 
219.187500 657.562500 10020.000000 170 160 158 
203.531250 657.562500 10020.000000 195 186 183 
162.486481 568.702698 8665.946289 212 203 200 
141.307693 539.538452 8221.538086 210 201 198 
128.461533 539.538452 8221.538086 199 191 188 
610.593750 673.218750 10020.000000 162 156 157 
594.937500 673.218750 10020.000000 161 155 157 
579.281250 673.218750 10020.000000 161 155 157 
563.625000 673.218750 10020.000000 160 154 156 
547.968750 673.218750 10020.000000 161 155 157 
297.468750 673.218750 10020.000000 158 152 152 
281.812500 673.218750 10020.000000 158 152 152 
266.156250 673.218750 10020.000000 158 153 152 
250.500000 673.218750 10020.000000 160 152 150 
186.085709 615.514282 9161.142578 192 181 180 
158.210526 566.921082 8437.894531 198 188 186 
139.518982 545.392395 8117.468262 192 183 182 
126.835442 545.392395 8117.468262 176 171 168 
610.593750 688.875000 10020.000000 162 156 156 
594.937500 688.875000 10020.000000 161 155 155 
579.281250 688.875000 10020.000000 161 155 156 
563.625000 688.875000 10020.000000 162 156 156 
547.968750 688.875000 10020.000000 162 156 157 
297.468750 688.875000 10020.000000 154 152 150 
281.812500 688.875000 10020.000000 156 153 152 
266.156250 688.875000 10020.000000 157 154 153 
250.500000 688.875000 10020.000000 158 155 154 
234.843750 688.875000 10020.000000 155 150 149 
219.187500 688.875000 10020.000000 141 133 133 
179.051544 606.020630 8814.845703 139 128 129 
158.210526 580.105286 8437.894531 143 131 137 
140.407639 561.630554 8169.171875 137 128 134 
126.835442 558.075928 8117.468262 126 121 126 
610.593750 704.531250 10020.000000 161 155 155 
594.937500 704.531250 10020.000000 159 153 153 
579.281250 704.531250 10020.000000 160 154 154 
563.625000 704.531250 10020.000000 162 156 156 
297.468750 704.531250 10020.000000 151 150 148 
281.812500 704.531250 10020.000000 153 152 150 
266.156250 704.531250 10020.000000 154 153 151 
250.500000 704.531250 10020.000000 157 155 151 
234.843750 704.531250 10020.000000 159 155 151 
206.294113 663.088257 9430.587891 162 153 151 
178.438354 617.671204 8784.657227 187 175 174 
158.210526 593.289490 8437.894531 203 189 192 
141.762054 579.935669 8247.974609 203 191 195 
127.643311 574.394897 8169.171875 193 186 189 
610.593750 720.187500 10020.000000 160 154 154 
594.937500 720.187500 10020.000000 159 153 153 
579.281250 720.187500 10020.000000 159 153 153 
563.625000 720.187500 10020.000000 160 154 154 
281.812500 720.187500 10020.000000 153 152 150 
266.156250 720.187500 10020.000000 153 152 150 
250.500000 720.187500 10020.000000 157 152 148 
234.843750 720.187500 10020.000000 166 157 153 
204.788315 672.875916 9361.751953 190 177 175 
178.438354 631.397278 8784.657227 228 212 211 
158.732666 608.475220 8465.742188 241 224 222 
142.679611 596.660217 8301.359375 245 230 226 
129.708740 596.660217 8301.359375 238 228 222 
610.593750 735.843750 10020.000000 159 153 153 
594.937500 735.843750 10020.000000 158 152 152 
579.281250 735.843750 10020.000000 158 153 153 
563.625000 735.843750 10020.000000 159 153 153 
281.812500 735.843750 10020.000000 156 155 153 
266.156250 735.843750 10020.000000 156 154 153 
250.500000 735.843750 10020.000000 159 151 151 
234.843750 735.843750 10020.000000 154 141 143 
203.304352 682.521729 9293.913086 139 121 124 
177.829346 642.921509 8754.675781 160 139 143 
158.732666 621.702942 8465.742188 182 161 160 
143.609116 613.602600 8355.439453 201 183 179 
129.708740 609.631042 8301.359375 216 202 196 
117.498375 613.602600 8355.439453 213 202 196 
610.593750 751.500000 10020.000000 158 155 154 
594.937500 751.500000 10020.000000 156 154 152 
579.281250 751.500000 10020.000000 156 153 152 
563.625000 751.500000 10020.000000 155 153 151 
266.156250 751.500000 10020.000000 157 155 156 
197.577469 677.408447 9032.112305 99 87 90 
176.623734 652.149170 8695.322266 88 72 76 
158.732666 634.930664 8465.742188 96 79 81 
143.609116 626.657959 8355.439453 112 96 97 
130.553741 626.657959 8355.439453 129 117 116 
117.498375 626.657959 8355.439453 138 128 127 
610.593750 767.156250 10020.000000 158 157 155 
594.937500 767.156250 10020.000000 160 159 157 
579.281250 767.156250 10020.000000 158 157 155 
563.625000 767.156250 10020.000000 155 154 152 
194.159164 679.557068 8875.847656 97 88 89 
175.434341 661.252502 8636.767578 81 69 71 
158.732666 648.158447 8465.742188 79 65 68 
143.609116 639.713379 8355.439453 76 62 65 
130.553741 639.713379 8355.439453 73 62 64 
610.593750 782.812500 10020.000000 156 155 153 
594.937500 782.812500 10020.000000 159 158 156 
579.281250 782.812500 10020.000000 157 156 154 
563.625000 782.812500 10020.000000 156 155 153 
194.159164 693.425598 8875.847656 96 87 88 
174.845642 672.483215 8607.785156 80 69 70 
158.210526 659.210510 8437.894531 83 69 72 
143.609116 652.768738 8355.439453 82 68 71 
130.553741 652.768738 8355.439453 78 67 68 
610.593750 798.468750 10020.000000 157 156 154 
594.937500 798.468750 10020.000000 157 156 154 
579.281250 798.468750 10020.000000 156 155 153 
563.625000 798.468750 10020.000000 158 157 155 
194.833328 709.750000 8906.666992 97 89 89 
174.845642 685.932861 8607.785156 78 67 68 
158.210526 672.394714 8437.894531 85 72 74 
143.142853 663.662354 8328.311523 85 71 74 
130.129868 663.662354 8328.311523 82 71 72 
626.250000 814.125000 10020.000000 162 157 156 
610.593750 814.125000 10020.000000 161 156 156 
594.937500 814.125000 10020.000000 160 155 155 
579.281250 814.125000 10020.000000 159 155 154 
563.625000 814.125000 10020.000000 161 157 156 
195.512192 726.188171 8937.700195 99 95 95 
175.434341 701.737366 8636.767578 77 71 70 
158.210526 685.578918 8437.894531 82 75 73 
145.026321 685.578918 8437.894531 82 73 72 
626.250000 829.781250 10020.000000 163 157 157 
610.593750 829.781250 10020.000000 160 154 154 
594.937500 829.781250 10020.000000 159 153 153 
579.281250 829.781250 10020.000000 160 154 154 
563.625000 829.781250 10020.000000 162 156 156 
281.812500 829.781250 10020.000000 153 152 150 
266.156250 829.781250 10020.000000 154 153 151 
196.195801 742.741272 8968.951172 101 99 99 
175.434341 715.232300 8636.767578 77 73 72 
158.210526 698.763184 8437.894531 82 77 74 
145.026321 698.763184 8437.894531 83 76 73 
626.250000 845.437500 10020.000000 163 157 157 
610.593750 845.437500 10020.000000 159 153 153 
594.937500 845.437500 10020.000000 157 151 151 
579.281250 845.437500 10020.000000 160 154 154 
563.625000 845.437500 10020.000000 162 156 156 
281.812500 845.437500 10020.000000 153 152 150 
266.156250 845.437500 10020.000000 155 154 152 
250.500000 845.437500 10020.000000 156 156 158 
225.168533 810.606750 9607.191406 153 152 154 
198.275620 764.777405 9064.028320 108 106 106 
176.623734 733.667786 8695.322266 78 74 72 
158.210526 711.947388 8437.894531 82 77 74 
145.026321 711.947388 8437.894531 84 77 74 
129.290329 698.167725 8274.581055 85 76 72 
626.250000 861.093750 10020.000000 160 154 154 
610.593750 861.093750 10020.000000 159 154 153 
594.937500 861.093750 10020.000000 158 153 153 
579.281250 861.093750 10020.000000 158 153 153 
542.436096 828.721802 9643.308594 160 154 154 
527.368408 828.721802 9643.308594 160 155 155 
281.812500 861.093750 10020.000000 154 152 151 
266.156250 861.093750 10020.000000 156 154 153 
250.500000 861.093750 10020.000000 155 154 156 
224.328354 822.537292 9571.343750 155 155 157 
198.275620 778.939941 9064.028320 117 114 115 
177.829346 752.354980 8754.675781 77 73 72 
158.210526 725.131592 8437.894531 79 74 71 
143.142853 715.714294 8328.311523 82 75 72 
128.461533 706.538452 8221.538086 83 74 70 
20.310810 124.121620 1444.324341 84 74 69 
641.906250 876.750000 10020.000000 156 153 153 
626.250000 876.750000 10020.000000 157 154 153 
610.593750 876.750000 10020.000000 157 154 153 
594.937500 876.750000 10020.000000 157 155 153 
579.281250 876.750000 10020.000000 155 153 151 
538.388062 837.492554 9571.343750 156 154 152 
523.432861 837.492554 9571.343750 157 155 153 
281.812500 876.750000 10020.000000 160 153 153 
266.156250 876.750000 10020.000000 161 153 154 
250.500000 876.750000 10020.000000 155 152 153 
221.029419 825.176453 9430.587891 156 154 156 
198.275620 793.102478 9064.028320 125 123 123 
177.829346 766.034119 8754.675781 78 75 76 
158.732666 740.752502 8465.742188 76 73 72 
141.307693 719.384644 8221.538086 77 74 73 
22.567568 126.378380 1444.324341 79 74 74 
20.310810 126.378380 1444.324341 79 74 73 
18.054054 126.378380 1444.324341 82 72 71 
657.562500 892.406250 10020.000000 152 150 151 
641.906250 892.406250 10020.000000 155 153 154 
626.250000 892.406250 10020.000000 156 154 153 
610.593750 892.406250 10020.000000 155 154 152 
594.937500 892.406250 10020.000000 156 155 153 
579.281250 892.406250 10020.000000 154 153 151 
563.625000 892.406250 10020.000000 154 153 151 
281.812500 892.406250 10020.000000 163 153 154 
266.156250 892.406250 10020.000000 162 151 153 
241.082703 858.857117 9643.308594 157 151 153 
218.618179 830.749084 9327.708984 156 154 155 
196.884216 801.599976 9000.420898 133 131 132 
178.438354 782.383545 8784.657227 82 80 81 
159.787369 758.990051 8521.993164 72 70 71 
24.824324 128.635132 1444.324341 72 70 71 
22.567568 128.635132 1444.324341 74 72 73 
20.310810 128.635132 1444.324341 75 73 74 
18.054054 128.635132 1444.324341 80 71 73 
15.797297 128.635132 1444.324341 81 68 70 
657.562500 908.062500 10020.000000 151 149 150 
641.906250 908.062500 10020.000000 155 153 154 
626.250000 908.062500 10020.000000 155 154 153 
610.593750 908.062500 10020.000000 154 153 151 
594.937500 908.062500 10020.000000 157 156 154 
579.281250 908.062500 10020.000000 155 154 152 
563.625000 908.062500 10020.000000 154 153 151 
281.812500 908.062500 10020.000000 161 152 153 
266.156250 908.062500 10020.000000 161 150 151 
234.043793 848.408752 9361.751953 156 151 152 
217.826080 842.260864 9293.913086 154 152 153 
196.884216 815.663147 9000.420898 143 141 142 
178.438354 796.109619 8784.657227 112 110 111 
160.320007 774.880005 8550.400391 95 93 94 
24.824324 130.891891 1444.324341 82 80 81 
22.567568 130.891891 1444.324341 72 70 71 
20.310810 130.891891 1444.324341 68 65 66 
18.054054 130.891891 1444.324341 69 62 63 
15.797297 130.891891 1444.324341 71 63 63 
657.562500 923.718750 10020.000000 154 152 153 
641.906250 923.718750 10020.000000 154 152 153 
626.250000 923.718750 10020.000000 154 152 151 
610.593750 923.718750 10020.000000 154 152 151 
594.937500 923.718750 10020.000000 157 156 154 
579.281250 923.718750 10020.000000 157 155 153 
563.625000 923.718750 10020.000000 156 155 153 
255.191010 885.662903 9607.191406 159 148 150 
233.192734 859.898193 9327.708984 155 150 151 
216.258987 850.618713 9227.050781 155 153 154 
196.884216 829.726318 9000.420898 149 147 148 
178.438354 809.835632 8784.657227 136 134 135 
160.320007 788.239990 8550.400391 132 130 131 
24.824324 133.148651 1444.324341 124 122 123 
22.567568 133.148651 1444.324341 111 109 109 
20.310810 133.148651 1444.324341 95 93 94 
18.054054 133.148651 1444.324341 81 78 78 
15.797297 133.148651 1444.324341 70 66 65 
657.562500 939.375000 10020.000000 155 154 153 
641.906250 939.375000 10020.000000 154 153 152 
626.250000 939.375000 10020.000000 155 151 150 
610.593750 939.375000 10020.000000 157 150 150 
594.937500 939.375000 10020.000000 159 153 153 
579.281250 939.375000 10020.000000 159 153 153 
563.625000 939.375000 10020.000000 157 155 153 
254.238800 897.313416 9571.343750 156 149 149 
232.347824 871.304321 9293.913086 153 149 149 
216.258987 865.035950 9227.050781 155 153 152 
196.884216 843.789490 9000.420898 153 152 151 
178.438354 823.561646 8784.657227 142 141 140 
160.320007 801.599976 8550.400391 136 135 134 
24.824324 135.405411 1444.324341 137 136 134 
22.567568 135.405411 1444.324341 135 134 133 
20.310810 135.405411 1444.324341 128 127 126 
18.054054 135.405411 1444.324341 122 121 120 
15.797297 135.405411 1444.324341 107 107 106 
657.562500 955.031250 10020.000000 153 152 150 
641.906250 955.031250 10020.000000 153 151 149 
626.250000 955.031250 10020.000000 154 149 148 
610.593750 955.031250 10020.000000 155 148 148 
594.937500 955.031250 10020.000000 156 149 150 
579.281250 955.031250 10020.000000 157 151 151 
269.194031 912.268677 9571.343750 158 152 152 
253.293686 908.877319 9535.761719 156 150 150 
231.509033 882.628174 9260.361328 153 151 149 
216.258987 879.453247 9227.050781 154 153 151 
196.884216 857.852661 9000.420898 153 152 150 
176.027023 825.972961 8665.946289 143 142 140 
159.787369 812.252502 8521.993164 136 135 133 
24.824324 137.662155 1444.324341 136 135 133 
22.567568 137.662155 1444.324341 136 135 133 
20.310810 137.662155 1444.324341 134 133 131 
18.054054 137.662155 1444.324341 135 135 134 
15.797297 137.662155 1444.324341 132 132 132 
657.562500 970.687500 10020.000000 152 151 149 
641.906250 970.687500 10020.000000 152 150 148 
626.250000 970.687500 10020.000000 151 149 147 
610.593750 970.687500 10020.000000 152 148 147 
594.937500 970.687500 10020.000000 153 150 149 
579.281250 970.687500 10020.000000 155 151 150 
42.613113 146.778503 1515.132935 158 152 152 
247.767273 903.621826 9327.708984 157 151 151 
232.347824 900.347839 9293.913086 155 152 151 
216.258987 893.870483 9227.050781 154 153 151 
200.399994 887.485718 9161.142578 152 151 149 
176.027023 839.513489 8665.946289 144 143 141 
159.787369 825.568115 8521.993164 138 137 135 
24.824324 139.918915 1444.324341 135 134 132 
22.567568 139.918915 1444.324341 134 133 131 
20.310810 139.918915 1444.324341 134 133 131 
18.054054 139.918915 1444.324341 134 134 133 
15.797297 139.918915 1444.324341 134 134 134 
13.540541 139.918915 1444.324341 133 133 133 
657.562500 986.343750 10020.000000 154 153 151 
641.906250 986.343750 10020.000000 154 153 151 
626.250000 986.343750 10020.000000 153 151 149 
610.593750 986.343750 10020.000000 153 152 150 
594.937500 986.343750 10020.000000 154 153 151 
579.281250 986.343750 10020.000000 155 154 152 
44.980507 149.145889 1515.132935 156 151 151 
42.613113 149.145889 1515.132935 158 152 152 
40.245716 149.145889 1515.132935 157 152 152 
232.347824 914.869568 9293.913086 156 153 152 
217.039719 911.566772 9260.361328 153 152 150 
200.399994 901.799988 9161.142578 150 149 147 
186.085709 901.799988 9161.142578 145 144 142 
161.939392 850.181824 8636.767578 139 138 136 
24.824324 142.175674 1444.324341 135 134 132 
22.567568 142.175674 1444.324341 133 132 130 
20.310810 142.175674 1444.324341 135 134 132 
18.054054 142.175674 1444.324341 134 134 133 
15.797297 142.175674 1444.324341 134 134 134 
13.540541 142.175674 1444.324341 131 130 130 
657.562500 1002.000000 10020.000000 155 154 152 
641.906250 1002.000000 10020.000000 155 154 152 
626.250000 1002.000000 10020.000000 154 153 151 
610.593750 1002.000000 10020.000000 155 154 152 
594.937500 1002.000000 10020.000000 154 153 151 
579.281250 1002.000000 10020.000000 154 153 151 
44.980507 151.513290 1515.132935 153 151 149 
42.613113 151.513290 1515.132935 155 152 151 
40.245716 151.513290 1515.132935 155 153 152 
231.509033 926.036133 9260.361328 154 153 151 
217.826080 929.391296 9293.913086 153 152 150 
200.399994 916.114258 9161.142578 150 149 147 
186.085709 916.114258 9161.142578 146 145 143 
162.486481 866.594604 8665.946289 141 140 138 
24.824324 144.432434 1444.324341 136 135 133 
22.567568 144.432434 1444.324341 134 133 131 
20.310810 144.432434 1444.324341 135 134 132 
18.054054 144.432434 1444.324341 134 133 132 
15.797297 144.432434 1444.324341 133 133 131 
13.540541 144.432434 1444.324341 131 130 129 
641.906250 1017.656250 10020.000000 155 154 152 
610.593750 1017.656250 10020.000000 155 154 152 
594.937500 1017.656250 10020.000000 154 153 151 
579.281250 1017.656250 10020.000000 154 153 151 
45.007092 153.971634 1516.028320 152 151 149 
42.613113 153.880692 1515.132935 153 152 150 
40.269505 153.971634 1516.028320 153 152 150 
231.509033 940.505432 9260.361328 153 152 150 
218.618179 947.345459 9327.708984 153 152 150 
202.570404 940.505432 9260.361328 151 150 148 
186.085709 930.428589 9161.142578 147 146 144 
162.486481 880.135132 8665.946289 144 143 141 
24.824324 146.689194 1444.324341 140 139 137 
22.567568 146.689194 1444.324341 138 137 135 
20.310810 146.689194 1444.324341 136 135 133 
18.054054 146.689194 1444.324341 132 131 129 
15.797297 146.689194 1444.324341 130 129 127 
13.540541 146.689194 1444.324341 130 129 127 
594.937500 1033.312500 10020.000000 155 154 152 
579.281250 1033.312500 10020.000000 154 153 151 
45.007092 156.340424 1516.028320 152 151 149 
42.638298 156.340424 1516.028320 152 151 149 
40.293316 156.432877 1516.924927 151 150 148 
233.192734 961.919983 9327.708984 152 151 149 
219.416061 965.430664 9361.751953 153 152 150 
219.187500 1033.312500 10020.000000 152 151 149 
203.531250 1033.312500 10020.000000 149 148 146 
171.771423 944.742859 9161.142578 145 144 142 
145.504944 873.029724 8465.742188 141 140 138 
22.567568 148.945953 1444.324341 137 136 134 
20.310810 148.945953 1444.324341 135 134 132 
18.054054 148.945953 1444.324341 132 131 129 
15.797297 148.945953 1444.324341 131 130 128 
13.540541 148.945953 1444.324341 131 130 128 
11.283784 148.945953 1444.324341 134 133 131 
594.937500 1048.968750 10020.000000 156 155 153 
579.281250 1048.968750 10020.000000 155 154 152 
45.033707 158.803070 1516.924927 152 151 149 
42.638298 158.709213 1516.028320 151 150 148 
247.767273 976.494568 9327.708984 150 149 147 
233.192734 976.494568 9327.708984 151 150 148 
234.843750 1048.968750 10020.000000 153 152 150 
219.187500 1048.968750 10020.000000 153 152 150 
203.531250 1048.968750 10020.000000 151 150 148 
171.771423 959.057129 9161.142578 147 146 144 
148.945953 907.216248 8665.946289 143 142 140 
22.567568 151.202698 1444.324341 139 138 136 
20.310810 151.202698 1444.324341 137 136 134 
18.054054 151.202698 1444.324341 138 137 135 
15.797297 151.202698 1444.324341 137 136 134 
13.540541 151.202698 1444.324341 134 133 131 
11.283784 151.202698 1444.324341 134 133 131 
594.937500 1064.625000 10020.000000 156 154 154 
579.281250 1064.625000 10020.000000 158 156 156 
45.033707 161.173264 1516.924927 154 153 151 
42.663513 161.173264 1516.924927 154 153 151 
247.767273 991.069092 9327.708984 149 148 146 
235.764709 1002.000000 9430.587891 150 149 147 
234.843750 1064.625000 10020.000000 153 152 150 
219.187500 1064.625000 10020.000000 153 152 150 
203.531250 1064.625000 10020.000000 151 150 148 
187.875000 1064.625000 10020.000000 150 149 147 
157.457138 973.371460 9161.142578 147 146 144 
22.567568 153.459457 1444.324341 144 143 141 
20.310810 153.459457 1444.324341 143 142 140 
18.054054 153.459457 1444.324341 143 142 140 
15.797297 153.459457 1444.324341 141 140 138 
13.540541 153.459457 1444.324341 138 137 135 
11.283784 153.459457 1444.324341 136 135 133 
594.937500 1080.281250 10020.000000 156 154 155 
579.281250 1080.281250 10020.000000 158 156 157 
45.033707 163.543472 1516.924927 153 152 150 
42.663513 163.543472 1516.924927 152 151 149 
247.767273 1005.643616 9327.708984 150 149 147 
235.764709 1016.735291 9430.587891 153 152 150 
234.843750 1080.281250 10020.000000 155 154 152 
219.187500 1080.281250 10020.000000 154 153 151 
203.531250 1080.281250 10020.000000 153 152 150 
187.875000 1080.281250 10020.000000 151 150 148 
157.457138 987.685730 9161.142578 148 147 145 
22.669683 156.420822 1450.859741 146 145 143 
20.310810 155.716217 1444.324341 146 145 143 
18.054054 155.716217 1444.324341 145 144 142 
15.797297 155.716217 1444.324341 144 143 141 
13.540541 155.716217 1444.324341 143 142 140 
11.283784 155.716217 1444.324341 141 140 138 
9.027027 155.716217 1444.324341 139 138 136 
594.937500 1095.937500 10020.000000 155 153 154 
579.281250 1095.937500 10020.000000 156 154 155 
45.033707 165.913666 1516.924927 151 150 148 
42.663513 165.913666 1516.924927 150 149 147 
247.767273 1020.218201 9327.708984 152 151 149 
235.764709 1031.470581 9430.587891 153 152 150 
234.843750 1095.937500 10020.000000 151 150 148 
219.187500 1095.937500 10020.000000 150 149 147 
203.531250 1095.937500 10020.000000 151 150 148 
187.875000 1095.937500 10020.000000 151 150 148 
172.218750 1095.937500 10020.000000 149 148 146 
135.405411 947.837830 8665.946289 147 146 144 
20.310810 157.972977 1444.324341 147 146 144 
18.054054 157.972977 1444.324341 147 146 144 
15.797297 157.972977 1444.324341 147 146 144 
13.540541 157.972977 1444.324341 146 145 143 
11.283784 157.972977 1444.324341 145 144 142 
9.027027 157.972977 1444.324341 143 142 140 
626.250000 1111.593750 10020.000000 157 155 156 
610.593750 1111.593750 10020.000000 156 154 155 
594.937500 1111.593750 10020.000000 154 152 153 
579.281250 1111.593750 10020.000000 155 153 154 
563.625000 1111.593750 10020.000000 158 156 157 
45.033707 168.283859 1516.924927 151 150 148 
42.663513 168.283859 1516.924927 151 150 148 
247.767273 1034.792725 9327.708984 153 152 150 
235.764709 1046.205933 9430.587891 154 153 151 
234.843750 1111.593750 10020.000000 150 149 148 
219.187500 1111.593750 10020.000000 148 147 145 
203.531250 1111.593750 10020.000000 151 150 148 
187.875000 1111.593750 10020.000000 152 151 149 
172.218750 1111.593750 10020.000000 150 149 147 
135.405411 961.378357 8665.946289 148 147 145 
20.310810 160.229736 1444.324341 148 147 145 
18.054054 160.229736 1444.324341 146 145 143 
15.797297 160.229736 1444.324341 146 145 143 
13.540541 160.229736 1444.324341 146 145 143 
11.283784 160.229736 1444.324341 146 145 143 
9.027027 160.229736 1444.324341 145 144 143 
641.906250 1127.250000 10020.000000 159 157 156 
626.250000 1127.250000 10020.000000 159 157 157 
610.593750 1127.250000 10020.000000 158 156 157 
594.937500 1127.250000 10020.000000 155 153 154 
579.281250 1127.250000 10020.000000 154 152 153 
563.625000 1127.250000 10020.000000 155 153 154 
547.968750 1127.250000 10020.000000 155 153 154 
532.312500 1127.250000 10020.000000 154 152 153 
45.033707 170.654053 1516.924927 153 152 150 
42.663513 170.654053 1516.924927 153 152 150 
247.767273 1049.367310 9327.708984 154 153 151 
235.764709 1060.941162 9430.587891 155 154 153 
234.843750 1127.250000 10020.000000 153 151 151 
219.187500 1127.250000 10020.000000 150 148 148 
203.531250 1127.250000 10020.000000 152 150 150 
187.875000 1127.250000 10020.000000 151 149 149 
172.218750 1127.250000 10020.000000 151 149 149 
143.142853 1030.628540 9161.142578 151 149 149 
20.310810 162.486481 1444.324341 150 148 149 
18.054054 162.486481 1444.324341 149 147 147 
15.797297 162.486481 1444.324341 148 146 146 
13.540541 162.486481 1444.324341 147 145 145 
11.283784 162.486481 1444.324341 146 145 145 
9.027027 162.486481 1444.324341 145 143 143 
641.906250 1142.906250 10020.000000 159 158 156 
626.250000 1142.906250 10020.000000 160 158 158 
610.593750 1142.906250 10020.000000 159 157 158 
594.937500 1142.906250 10020.000000 156 154 155 
579.281250 1142.906250 10020.000000 155 153 154 
563.625000 1142.906250 10020.000000 154 152 153 
547.968750 1142.906250 10020.000000 154 152 153 
532.312500 1142.906250 10020.000000 154 152 153 
516.656250 1142.906250 10020.000000 154 153 153 
45.060356 173.126633 1517.822510 154 153 151 
42.688759 173.126633 1517.822510 154 153 151 
248.671539 1067.824829 9361.751953 154 153 151 
236.634689 1079.645752 9465.387695 155 153 153 
234.843750 1142.906250 10020.000000 155 153 154 
219.187500 1142.906250 10020.000000 154 152 153 
203.531250 1142.906250 10020.000000 152 150 151 
187.875000 1142.906250 10020.000000 150 148 149 
172.218750 1142.906250 10020.000000 151 149 150 
143.142853 1044.942871 9161.142578 153 151 152 
20.310810 164.743240 1444.324341 152 150 151 
18.054054 164.743240 1444.324341 154 152 153 
15.797297 164.743240 1444.324341 153 151 152 
13.540541 164.743240 1444.324341 150 148 149 
11.283784 164.743240 1444.324341 146 144 145 
9.027027 164.743240 1444.324341 145 143 144 
641.906250 1158.562500 10020.000000 159 158 156 
626.250000 1158.562500 10020.000000 159 157 157 
610.593750 1158.562500 10020.000000 158 156 157 
594.937500 1158.562500 10020.000000 157 155 156 
579.281250 1158.562500 10020.000000 156 154 155 
563.625000 1158.562500 10020.000000 155 153 154 
547.968750 1158.562500 10020.000000 155 153 154 
532.312500 1158.562500 10020.000000 155 153 154 
516.656250 1158.562500 10020.000000 155 153 154 
45.113743 175.706161 1519.620850 155 154 152 
42.739338 175.706161 1519.620850 155 154 152 
250.500000 1090.411743 9430.587891 155 154 152 
237.511108 1098.488892 9500.444336 154 153 153 
234.843750 1158.562500 10020.000000 155 153 154 
219.187500 1158.562500 10020.000000 154 152 153 
203.531250 1158.562500 10020.000000 151 149 150 
187.875000 1158.562500 10020.000000 150 148 149 
172.218750 1158.562500 10020.000000 152 150 151 
143.142853 1059.257202 9161.142578 153 151 152 
20.402716 167.755661 1450.859741 153 151 152 
18.054054 167.000000 1444.324341 154 152 153 
15.797297 167.000000 1444.324341 153 151 152 
13.540541 167.000000 1444.324341 148 146 147 
11.283784 167.000000 1444.324341 145 143 144 
9.027027 167.000000 1444.324341 145 143 144 
-62.625000 272.602936 2357.646973 142 141 139 
-66.430939 273.104980 2361.989014 141 140 138 
641.906250 1174.218750 10020.000000 158 157 155 
626.250000 1174.218750 10020.000000 158 156 156 
610.593750 1174.218750 10020.000000 157 155 156 
594.937500 1174.218750 10020.000000 157 155 156 
579.281250 1174.218750 10020.000000 157 155 156 
47.657551 178.715820 1525.041626 155 154 152 
45.140488 178.186127 1520.521606 156 155 153 
42.790035 178.291809 1521.423462 156 155 153 
251.424362 1109.225098 9465.387695 156 155 153 
240.179779 1125.842651 9607.191406 154 152 152 
234.843750 1174.218750 10020.000000 151 149 150 
219.187500 1174.218750 10020.000000 149 147 148 
203.531250 1174.218750 10020.000000 149 147 148 
187.875000 1174.218750 10020.000000 150 148 149 
172.218750 1174.218750 10020.000000 153 151 151 
143.142853 1073.571411 9161.142578 154 152 153 
20.402716 170.022629 1450.859741 153 151 152 
18.054054 169.256760 1444.324341 153 151 152 
15.797297 169.256760 1444.324341 152 150 151 
13.540541 169.256760 1444.324341 150 148 149 
11.283784 169.256760 1444.324341 149 147 147 
9.027027 169.256760 1444.324341 150 148 149 
-58.941177 276.286774 2357.646973 143 141 140 
-62.625000 276.286774 2357.646973 142 141 139 
-66.308823 276.286774 2357.646973 142 141 139 
-70.121544 276.795593 2361.989014 143 142 140 
-73.880188 277.050690 2364.166016 145 144 142 
626.250000 1189.875000 10020.000000 156 154 155 
610.593750 1189.875000 10020.000000 156 154 155 
594.937500 1189.875000 10020.000000 156 154 155 
579.281250 1189.875000 10020.000000 156 154 155 
47.657551 181.098694 1525.041626 155 153 153 
45.167259 180.669037 1521.423462 155 153 153 
42.840855 180.883606 1523.230347 156 154 154 
253.293686 1132.371704 9535.761719 156 154 154 
241.082703 1145.142822 9643.308594 155 153 153 
234.843750 1189.875000 10020.000000 152 151 150 
219.187500 1189.875000 10020.000000 150 148 147 
203.531250 1189.875000 10020.000000 150 149 148 
187.875000 1189.875000 10020.000000 151 150 149 
172.218750 1189.875000 10020.000000 151 150 149 
143.142853 1087.885742 9161.142578 152 151 150 
20.402716 172.289597 1450.859741 152 151 150 
18.054054 171.513519 1444.324341 153 152 151 
15.797297 171.513519 1444.324341 153 152 151 
13.540541 171.513519 1444.324341 153 152 150 
11.283784 171.513519 1444.324341 153 151 150 
9.027027 171.513519 1444.324341 153 152 151 
-58.941177 279.970581 2357.646973 141 140 138 
-62.625000 279.970581 2357.646973 140 139 137 
-66.308823 279.970581 2357.646973 142 141 139 
-70.121544 280.486176 2361.989014 144 143 141 
-73.812157 280.486176 2361.989014 146 145 143 
626.250000 1205.531250 10020.000000 155 153 154 
610.593750 1205.531250 10020.000000 154 152 153 
594.937500 1205.531250 10020.000000 155 153 154 
579.281250 1205.531250 10020.000000 156 154 155 
47.685902 183.590714 1525.948853 155 153 154 
45.247772 183.372543 1524.135498 154 152 153 
42.866310 183.372543 1524.135498 154 152 153 
255.191010 1155.865112 9607.191406 155 153 154 
250.500000 1205.531250 10020.000000 155 154 153 
234.843750 1205.531250 10020.000000 154 153 151 
219.187500 1205.531250 10020.000000 152 151 149 
203.531250 1205.531250 10020.000000 153 152 150 
187.875000 1205.531250 10020.000000 152 151 149 
172.218750 1205.531250 10020.000000 151 150 148 
156.562500 1205.531250 10020.000000 151 150 148 
20.402716 174.556564 1450.859741 151 150 148 
18.054054 173.770264 1444.324341 152 151 149 
15.797297 173.770264 1444.324341 153 152 150 
13.540541 173.770264 1444.324341 153 152 150 
11.283784 173.770264 1444.324341 153 152 150 
9.027027 173.770264 1444.324341 153 152 150 
-58.941177 283.654419 2357.646973 142 141 139 
-62.625000 283.654419 2357.646973 141 140 138 
-66.308823 283.654419 2357.646973 144 143 141 
-70.057037 283.915375 2359.815918 146 145 143 
-73.812157 284.176788 2361.989014 146 145 143 
-77.502762 284.176788 2361.989014 144 143 141 
626.250000 1221.187500 10020.000000 153 151 152 
610.593750 1221.187500 10020.000000 154 152 153 
594.937500 1221.187500 10020.000000 155 153 154 
579.281250 1221.187500 10020.000000 157 155 156 
47.685902 185.975021 1525.948853 157 155 156 
45.247772 185.754013 1524.135498 154 152 153 
42.866310 185.754013 1524.135498 151 149 150 
256.150391 1175.278198 9643.308594 154 152 153 
250.500000 1221.187500 10020.000000 155 154 153 
234.843750 1221.187500 10020.000000 153 152 150 
219.187500 1221.187500 10020.000000 153 152 150 
203.531250 1221.187500 10020.000000 155 154 152 
187.875000 1221.187500 10020.000000 154 153 151 
172.218750 1221.187500 10020.000000 153 152 150 
156.562500 1221.187500 10020.000000 152 151 149 
20.402716 176.823532 1450.859741 151 150 148 
18.054054 176.027023 1444.324341 151 150 148 
15.797297 176.027023 1444.324341 152 151 149 
13.540541 176.027023 1444.324341 152 151 149 
11.283784 176.027023 1444.324341 152 151 149 
9.027027 176.027023 1444.324341 152 151 149 
-58.887051 287.074371 2355.482178 144 143 141 
-62.567493 287.074371 2355.482178 145 144 142 
-66.247932 287.074371 2355.482178 148 147 145 
-69.992645 287.338226 2357.646973 149 148 146 
-73.744247 287.602570 2359.815918 148 147 145 
-77.502762 287.867401 2361.989014 146 145 143 
626.250000 1236.843750 10020.000000 152 150 151 
610.593750 1236.843750 10020.000000 153 151 152 
594.937500 1236.843750 10020.000000 156 154 154 
579.281250 1236.843750 10020.000000 157 155 156 
47.714287 188.471436 1526.857178 159 157 158 
45.274673 188.247330 1525.041626 153 151 152 
42.891796 188.247330 1525.041626 149 147 148 
266.156250 1236.843750 10020.000000 153 151 152 
250.500000 1236.843750 10020.000000 155 153 152 
234.843750 1236.843750 10020.000000 154 152 151 
219.187500 1236.843750 10020.000000 154 153 151 
203.531250 1236.843750 10020.000000 156 155 153 
187.875000 1236.843750 10020.000000 156 155 153 
172.218750 1236.843750 10020.000000 154 153 151 
156.562500 1236.843750 10020.000000 152 151 149 
20.402716 179.090500 1450.859741 151 150 148 
18.054054 178.283783 1444.324341 151 150 148 
15.797297 178.283783 1444.324341 151 150 148 
13.540541 178.283783 1444.324341 151 150 148 
11.283784 178.283783 1444.324341 151 150 148 
9.027027 178.283783 1444.324341 151 150 148 
-58.779102 290.221802 2351.164062 147 146 144 
-62.338516 289.690765 2346.861816 148 147 145 
-66.065933 289.956055 2349.010986 151 150 148 
-69.928375 290.754822 2355.482178 152 151 149 
-73.608818 290.754822 2355.482178 152 151 149 
-77.289253 290.754822 2355.482178 150 149 147 
-81.118675 291.289795 2359.815918 149 148 146 
626.250000 1252.500000 10020.000000 154 153 152 
610.593750 1252.500000 10020.000000 153 151 150 
594.937500 1252.500000 10020.000000 154 153 152 
579.281250 1252.500000 10020.000000 155 154 153 
47.742702 190.970810 1527.766479 157 155 156 
45.274673 190.630203 1525.041626 155 153 154 
42.891796 190.630203 1525.041626 152 150 151 
266.156250 1252.500000 10020.000000 153 151 152 
250.500000 1252.500000 10020.000000 156 152 152 
234.843750 1252.500000 10020.000000 157 152 151 
219.187500 1252.500000 10020.000000 157 152 152 
203.531250 1252.500000 10020.000000 158 153 153 
187.875000 1252.500000 10020.000000 159 154 154 
172.218750 1252.500000 10020.000000 158 153 153 
156.562500 1252.500000 10020.000000 155 151 150 
20.402716 181.357468 1450.859741 153 148 148 
18.054054 180.540543 1444.324341 151 147 146 
15.797297 180.540543 1444.324341 152 147 147 
13.540541 180.540543 1444.324341 152 148 147 
11.283784 180.540543 1444.324341 152 148 147 
9.027027 180.540543 1444.324341 153 149 148 
-58.617916 293.089569 2344.716553 149 148 146 
-62.054646 292.021851 2336.174805 149 148 146 
-65.884933 292.821930 2342.575439 152 151 149 
-69.672462 293.357727 2346.861816 152 151 149 
-73.339432 293.357727 2346.861816 151 150 148 
-76.865753 292.821930 2342.575439 151 150 148 
-80.526024 292.821930 2342.575439 150 149 147 
-83.956284 292.021851 2336.174805 150 149 147 
-87.130432 290.434784 2323.478271 150 149 147 
610.593750 1268.156250 10020.000000 152 151 149 
594.937500 1268.156250 10020.000000 154 153 151 
47.742702 193.357956 1527.766479 152 150 151 
45.274673 193.013077 1525.041626 152 150 151 
42.891796 193.013077 1525.041626 152 150 151 
266.156250 1268.156250 10020.000000 152 149 150 
250.500000 1268.156250 10020.000000 156 151 151 
234.843750 1268.156250 10020.000000 158 152 152 
219.187500 1268.156250 10020.000000 158 152 152 
203.531250 1268.156250 10020.000000 158 152 152 
187.875000 1268.156250 10020.000000 159 153 153 
172.218750 1268.156250 10020.000000 159 153 153 
156.562500 1268.156250 10020.000000 156 150 150 
20.402716 183.624435 1450.859741 154 148 148 
18.054054 182.797302 1444.324341 152 146 146 
15.797297 182.797302 1444.324341 153 147 147 
13.540541 182.797302 1444.324341 154 148 148 
11.283784 182.797302 1444.324341 154 148 148 
9.027027 182.797302 1444.324341 155 149 149 
-58.404373 295.672119 2336.174805 150 149 147 
-61.941818 295.134552 2331.927246 148 147 145 
-65.645134 295.403107 2334.049072 151 150 148 
-69.292084 295.403107 2334.049072 151 150 148 
-73.138687 296.211670 2340.437988 151 150 148 
-76.655739 295.672119 2336.174805 151 150 148 
-80.232941 295.403107 2334.049072 150 149 147 
-83.424431 293.799103 2321.375488 150 149 147 
-86.348297 291.425507 2302.621094 150 149 147 
-89.946136 291.425507 2302.621094 151 150 148 
47.742702 195.745087 1527.766479 150 148 149 
45.247772 195.279861 1524.135498 150 148 149 
42.866310 195.279861 1524.135498 150 148 149 
266.156250 1283.812500 10020.000000 151 149 150 
250.500000 1283.812500 10020.000000 155 150 150 
234.843750 1283.812500 10020.000000 157 151 151 
219.187500 1283.812500 10020.000000 157 151 151 
203.531250 1283.812500 10020.000000 157 151 151 
187.875000 1283.812500 10020.000000 158 152 152 
172.218750 1283.812500 10020.000000 158 152 152 
156.562500 1283.812500 10020.000000 157 151 151 
20.402716 185.891403 1450.859741 156 150 150 
18.054054 185.054062 1444.324341 153 147 147 
15.797297 185.054062 1444.324341 154 148 148 
13.540541 185.054062 1444.324341 156 150 150 
11.283784 185.054062 1444.324341 155 149 149 
9.027027 185.054062 1444.324341 155 149 149 
-58.298183 298.778168 2331.927246 151 150 148 
-61.829403 298.235931 2327.695068 148 147 145 
-65.466423 298.235931 2327.695068 149 148 146 
-69.166214 298.506805 2329.809326 152 151 149 
-72.939034 299.050049 2334.049072 152 151 149 
-76.585991 299.050049 2334.049072 152 151 149 
-80.160004 298.778168 2331.927246 151 150 148 
-83.424431 297.426239 2321.375488 150 149 147 
-86.348297 295.023346 2302.621094 150 149 147 
-89.946136 295.023346 2302.621094 151 150 148 
-93.965736 296.353485 2313.002686 152 151 149 
-97.844482 297.157318 2319.276611 151 150 148 
-101.468353 297.157318 2319.276611 149 148 146 
47.742702 198.132217 1527.766479 151 149 150 
45.220901 197.543945 1523.230347 151 149 150 
42.840855 197.543945 1523.230347 152 150 151 
266.156250 1299.468750 10020.000000 153 151 152 
250.500000 1299.468750 10020.000000 155 151 151 
234.843750 1299.468750 10020.000000 156 150 150 
219.187500 1299.468750 10020.000000 156 150 150 
203.531250 1299.468750 10020.000000 156 150 150 
187.875000 1299.468750 10020.000000 157 151 151 
172.218750 1299.468750 10020.000000 157 151 151 
156.562500 1299.468750 10020.000000 157 151 151 
20.402716 188.158371 1450.859741 156 151 150 
18.054054 187.310806 1444.324341 154 149 149 
15.797297 187.310806 1444.324341 155 149 149 
13.540541 187.310806 1444.324341 156 151 151 
11.283784 187.310806 1444.324341 155 150 150 
9.027027 187.310806 1444.324341 154 149 148 
-58.298183 302.421814 2331.927246 151 150 149 
-61.829403 301.872955 2327.695068 147 146 144 
-65.466423 301.872955 2327.695068 148 147 145 
-69.166214 302.147125 2329.809326 152 151 149 
-72.806541 302.147125 2329.809326 153 151 150 
-76.446869 302.147125 2329.809326 152 151 149 
-80.087196 302.147125 2329.809326 151 150 149 
-83.424431 301.053406 2321.375488 151 150 148 
-86.503601 299.158264 2306.762695 150 149 147 
-90.107910 299.158264 2306.762695 151 150 148 
-93.881081 299.697296 2310.918945 152 151 149 
-97.579803 299.967529 2313.002686 150 149 148 
-101.102699 299.697296 2310.918945 148 147 146 
-104.619263 299.427551 2308.838867 147 146 145 
47.714287 200.399994 1526.857178 152 150 149 
45.220901 199.923996 1523.230347 151 150 149 
42.840855 199.923996 1523.230347 152 151 150 
266.156250 1315.125000 10020.000000 153 151 150 
250.500000 1315.125000 10020.000000 155 152 151 
234.843750 1315.125000 10020.000000 155 152 151 
219.187500 1315.125000 10020.000000 154 151 150 
203.531250 1315.125000 10020.000000 153 151 150 
187.875000 1315.125000 10020.000000 154 151 150 
172.218750 1315.125000 10020.000000 153 151 149 
156.562500 1315.125000 10020.000000 153 150 149 
20.402716 190.425339 1450.859741 154 151 150 
18.054054 189.567566 1444.324341 153 150 149 
15.797297 189.567566 1444.324341 153 150 149 
13.540541 189.567566 1444.324341 153 150 149 
11.283784 189.567566 1444.324341 151 149 147 
9.027027 189.567566 1444.324341 151 149 147 
-58.298183 306.065460 2331.927246 153 151 151 
-61.829403 305.509979 2327.695068 150 149 149 
-65.466423 305.509979 2327.695068 150 148 148 
-69.103447 305.509979 2327.695068 150 149 149 
-72.806541 305.787476 2329.809326 151 149 149 
-76.377495 305.509979 2327.695068 151 149 149 
-80.014519 305.509979 2327.695068 151 149 149 
-83.500000 304.956512 2323.478271 150 148 148 
-86.659462 303.308105 2310.918945 148 146 146 
-90.189018 303.035095 2308.838867 148 146 146 
-93.881081 303.308105 2310.918945 149 147 147 
-97.491890 303.308105 2310.918945 149 147 147 
-101.011703 303.035095 2308.838867 148 146 146 
-103.964226 301.137756 2294.382812 147 146 146 
-107.549194 301.137756 2294.382812 149 147 147 
47.714287 202.785721 1526.857178 152 151 149 
45.220901 202.304031 1523.230347 151 150 148 
42.840855 202.304031 1523.230347 152 151 149 
266.156250 1330.781250 10020.000000 152 151 149 
250.500000 1330.781250 10020.000000 155 154 152 
234.843750 1330.781250 10020.000000 156 155 153 
219.187500 1330.781250 10020.000000 155 154 152 
203.531250 1330.781250 10020.000000 155 154 152 
187.875000 1330.781250 10020.000000 155 154 152 
172.218750 1330.781250 10020.000000 153 152 150 
156.562500 1330.781250 10020.000000 151 150 148 
20.402716 192.692307 1450.859741 151 150 148 
18.054054 191.824326 1444.324341 151 150 148 
15.797297 191.824326 1444.324341 152 151 149 
13.540541 191.824326 1444.324341 152 151 149 
11.283784 191.824326 1444.324341 150 149 147 
9.027027 191.824326 1444.324341 150 149 147 
-58.351227 309.990906 2334.049072 153 151 152 
-61.885559 309.427795 2329.809326 152 150 151 
-65.525887 309.427795 2329.809326 151 149 150 
-69.103447 309.147003 2327.695068 150 148 149 
-72.740471 309.147003 2327.695068 150 148 149 
-76.377495 309.147003 2327.695068 150 148 149 
-80.014519 309.147003 2327.695068 150 148 149 
-83.500000 308.586945 2323.478271 150 148 149 
-86.659462 306.918915 2310.918945 150 148 149 
-90.270271 306.918915 2310.918945 147 145 146 
-93.965736 307.195679 2313.002686 146 144 145 
-97.579803 307.195679 2313.002686 147 145 146 
-101.011703 306.642670 2308.838867 149 147 148 
-103.964226 304.722717 2294.382812 148 146 147 
-107.549194 304.722717 2294.382812 149 147 148 
47.657551 204.927475 1525.041626 152 151 149 
45.167259 204.441284 1521.423462 152 151 149 
42.790035 204.441284 1521.423462 152 151 149 
266.156250 1346.437500 10020.000000 153 152 150 
250.500000 1346.437500 10020.000000 155 154 152 
234.843750 1346.437500 10020.000000 156 155 153 
219.187500 1346.437500 10020.000000 157 156 154 
203.531250 1346.437500 10020.000000 157 156 154 
187.875000 1346.437500 10020.000000 156 155 153 
172.218750 1346.437500 10020.000000 153 152 150 
156.562500 1346.437500 10020.000000 151 150 148 
20.402716 194.959274 1450.859741 151 150 148 
18.054054 194.081085 1444.324341 152 151 149 
15.797297 194.081085 1444.324341 153 152 150 
13.540541 194.081085 1444.324341 153 152 150 
11.283784 194.081085 1444.324341 151 150 148 
9.027027 194.081085 1444.324341 151 150 148 
-58.351227 313.637848 2334.049072 150 148 149 
-61.885559 313.068115 2329.809326 151 149 150 
-65.525887 313.068115 2329.809326 151 149 150 
-69.103447 312.784027 2327.695068 151 149 150 
-72.740471 312.784027 2327.695068 151 149 150 
-76.377495 312.784027 2327.695068 151 149 150 
-79.941978 312.500458 2325.584717 151 149 150 
-83.500000 312.217377 2323.478271 152 150 151 
-86.737602 310.809753 2313.002686 153 151 152 
-90.351669 310.809753 2313.002686 150 148 149 
-93.965736 310.809753 2313.002686 147 145 146 
-97.579803 310.809753 2313.002686 149 147 148 
-101.011703 310.250214 2308.838867 150 148 149 
-104.619263 310.250214 2308.838867 149 147 148 
47.600948 207.064133 1523.230347 152 151 149 
45.140488 206.695908 1520.521606 152 151 149 
42.764671 206.695908 1520.521606 153 152 150 
266.156250 1362.093750 10020.000000 154 152 151 
250.500000 1362.093750 10020.000000 153 152 150 
234.843750 1362.093750 10020.000000 154 153 151 
219.187500 1362.093750 10020.000000 155 154 152 
203.531250 1362.093750 10020.000000 155 154 152 
187.875000 1362.093750 10020.000000 152 151 149 
172.218750 1362.093750 10020.000000 151 150 148 
156.562500 1362.093750 10020.000000 152 151 149 
20.310810 196.337845 1444.324341 154 153 151 
18.054054 196.337845 1444.324341 154 153 151 
15.797297 196.337845 1444.324341 155 154 152 
13.540541 196.337845 1444.324341 154 153 151 
11.283784 196.337845 1444.324341 153 152 150 
9.027027 196.337845 1444.324341 153 152 150 
-58.298183 316.996368 2331.927246 149 147 148 
-61.829403 316.421051 2327.695068 150 148 149 
-65.466423 316.421051 2327.695068 151 149 150 
-69.040794 316.134186 2325.584717 152 150 151 
-72.674522 316.134186 2325.584717 152 150 151 
-76.308250 316.134186 2325.584717 152 150 151 
-79.941978 316.134186 2325.584717 152 150 151 
-83.500000 315.847839 2323.478271 152 150 151 
-86.737602 314.423798 2313.002686 153 151 152 
-90.351669 314.423798 2313.002686 153 151 152 
-93.965736 314.423798 2313.002686 154 151 152 
-97.579803 314.423798 2313.002686 154 152 153 
-101.011703 313.857788 2308.838867 152 150 151 
-104.619263 313.857788 2308.838867 150 148 149 
47.600948 209.444183 1523.230347 154 152 152 
45.140488 209.071732 1520.521606 154 152 152 
42.764671 209.071732 1520.521606 154 153 153 
266.156250 1377.750000 10020.000000 153 152 152 
250.500000 1377.750000 10020.000000 152 151 150 
234.843750 1377.750000 10020.000000 153 152 150 
219.187500 1377.750000 10020.000000 154 153 151 
203.531250 1377.750000 10020.000000 155 154 152 
187.875000 1377.750000 10020.000000 152 151 149 
172.218750 1377.750000 10020.000000 151 150 148 
156.562500 1377.750000 10020.000000 153 152 150 
20.310810 198.594589 1444.324341 155 154 152 
18.054054 198.594589 1444.324341 156 155 153 
15.797297 198.594589 1444.324341 156 155 153 
13.540541 198.594589 1444.324341 155 154 152 
11.283784 198.594589 1444.324341 154 153 151 
9.027027 198.594589 1444.324341 154 153 151 
-58.298183 320.640015 2331.927246 150 149 148 
-61.773346 319.767914 2325.584717 151 150 149 
-65.407074 319.767914 2325.584717 152 151 150 
-68.978264 319.478271 2323.478271 153 151 150 
-72.674522 319.767914 2325.584717 153 151 150 
-76.308250 319.767914 2325.584717 152 151 150 
-79.941978 319.767914 2325.584717 152 151 149 
-83.500000 319.478271 2323.478271 152 150 149 
-86.737602 318.037872 2313.002686 154 151 150 
-90.351669 318.037872 2313.002686 156 152 152 
-93.965736 318.037872 2313.002686 156 152 152 
-97.491890 317.751343 2310.918945 156 152 152 
-100.920860 317.179871 2306.762695 153 151 150 
-104.525177 317.179871 2306.762695 149 149 148 
47.600948 211.824234 1523.230347 155 153 154 
45.140488 211.447540 1520.521606 155 153 154 
42.764671 211.447540 1520.521606 155 153 154 
266.156250 1393.406250 10020.000000 153 151 152 
250.500000 1393.406250 10020.000000 153 152 150 
234.843750 1393.406250 10020.000000 153 152 150 
219.187500 1393.406250 10020.000000 154 153 151 
203.531250 1393.406250 10020.000000 155 154 152 
187.875000 1393.406250 10020.000000 153 152 150 
172.218750 1393.406250 10020.000000 152 151 149 
156.562500 1393.406250 10020.000000 154 153 151 
20.310810 200.851349 1444.324341 155 154 152 
18.054054 200.851349 1444.324341 156 155 153 
15.797297 200.851349 1444.324341 156 155 153 
13.540541 200.851349 1444.324341 155 154 152 
11.283784 200.851349 1444.324341 154 153 151 
9.027027 200.851349 1444.324341 155 154 152 
-58.245232 323.989105 2329.809326 151 150 148 
-61.717392 323.108704 2323.478271 151 150 148 
-65.347824 323.108704 2323.478271 152 151 149 
-68.978264 323.108704 2323.478271 153 152 150 
-72.608696 323.108704 2323.478271 153 152 150 
-76.239128 323.108704 2323.478271 153 152 150 
-79.869568 323.108704 2323.478271 152 151 149 
-83.424431 322.816284 2321.375488 151 150 148 
-86.737602 321.651947 2313.002686 153 151 149 
-90.270271 321.362152 2310.918945 154 151 150 
-93.796577 321.072906 2308.838867 153 150 149 
-97.316544 320.784180 2306.762695 153 150 149 
-100.649330 319.921082 2300.556152 152 151 149 
-104.337524 320.208252 2302.621094 150 150 148 
47.600948 214.204269 1523.230347 156 154 155 
45.140488 213.823349 1520.521606 156 154 155 
42.764671 213.823349 1520.521606 156 154 155 
266.156250 1409.062500 10020.000000 154 152 153 
250.500000 1409.062500 10020.000000 154 153 151 
234.843750 1409.062500 10020.000000 154 153 151 
219.187500 1409.062500 10020.000000 154 153 151 
203.531250 1409.062500 10020.000000 154 153 151 
187.875000 1409.062500 10020.000000 154 153 151 
172.218750 1409.062500 10020.000000 154 153 151 
156.562500 1409.062500 10020.000000 154 153 151 
20.310810 203.108109 1444.324341 155 154 152 
18.054054 203.108109 1444.324341 155 154 152 
15.797297 203.108109 1444.324341 155 154 152 
13.540541 203.108109 1444.324341 155 154 152 
11.283784 203.108109 1444.324341 155 154 152 
9.027027 203.108109 1444.324341 156 155 153 
-58.192379 327.332123 2327.695068 151 150 148 
-61.717392 326.739136 2323.478271 151 150 148 
-65.347824 326.739136 2323.478271 152 151 149 
-68.978264 326.739136 2323.478271 153 152 150 
-72.608696 326.739136 2323.478271 153 152 150 
-76.239128 326.739136 2323.478271 153 152 150 
-79.797287 326.443451 2321.375488 152 151 149 
-83.349007 326.148285 2319.276611 151 150 148 
-86.581459 324.680481 2308.838867 152 151 149 
-89.946136 323.806091 2302.621094 151 151 149 
-93.460091 323.515686 2300.556152 151 150 148 
-97.054710 323.515686 2300.556152 150 149 147 
-100.469116 322.936432 2296.436768 152 150 148 
-104.057297 322.936432 2296.436768 151 149 148 
47.629234 216.713013 1524.135498 157 155 156 
45.140488 216.199173 1520.521606 157 155 156 
42.764671 216.199173 1520.521606 157 155 156 
266.156250 1424.718750 10020.000000 155 153 154 
250.500000 1424.718750 10020.000000 155 154 152 
234.843750 1424.718750 10020.000000 155 154 152 
219.187500 1424.718750 10020.000000 154 153 151 
203.531250 1424.718750 10020.000000 153 152 150 
187.875000 1424.718750 10020.000000 155 153 151 
172.218750 1424.718750 10020.000000 155 154 152 
156.562500 1424.718750 10020.000000 155 154 152 
20.310810 205.364868 1444.324341 155 153 151 
18.054054 205.364868 1444.324341 154 153 151 
15.797297 205.364868 1444.324341 154 153 151 
13.540541 205.364868 1444.324341 155 154 152 
11.283784 205.364868 1444.324341 156 155 153 
9.027027 205.364868 1444.324341 157 156 154 
-54.604904 331.269745 2329.809326 152 151 149 
-58.192379 330.969147 2327.695068 151 150 148 
-61.717392 330.369568 2323.478271 151 150 148 
-65.347824 330.369568 2323.478271 152 151 149 
-68.978264 330.369568 2323.478271 153 152 150 
-72.542984 330.070587 2321.375488 153 152 150 
-76.170135 330.070587 2321.375488 153 152 150 
-79.797287 330.070587 2321.375488 152 151 149 
-83.273712 329.474243 2317.181641 151 150 148 
-86.348297 327.403961 2302.621094 151 151 149 
-89.784943 326.817200 2298.494629 151 151 149 
-93.292747 326.524628 2296.436768 150 150 148 
-96.880928 326.524628 2296.436768 150 150 148 
-100.289543 325.941010 2292.332520 150 147 146 
-104.057297 326.524628 2296.436768 149 145 144 
47.685902 219.355148 1525.948853 158 156 157 
45.167259 218.704620 1521.423462 158 156 157 
42.790035 218.704620 1521.423462 157 155 156 
266.156250 1440.375000 10020.000000 155 154 154 
250.500000 1440.375000 10020.000000 153 154 152 
234.843750 1440.375000 10020.000000 153 154 151 
219.187500 1440.375000 10020.000000 153 153 151 
203.531250 1440.375000 10020.000000 154 153 151 
187.875000 1440.375000 10020.000000 158 154 153 
172.218750 1440.375000 10020.000000 158 153 153 
156.562500 1440.375000 10020.000000 156 152 151 
20.310810 207.621628 1444.324341 156 152 151 
18.054054 207.621628 1444.324341 155 152 152 
15.797297 207.621628 1444.324341 154 152 152 
13.540541 207.621628 1444.324341 154 152 152 
11.283784 207.621628 1444.324341 155 154 154 
9.027027 207.621628 1444.324341 158 156 156 
-54.555355 334.606171 2327.695068 153 152 150 
-58.192379 334.606171 2327.695068 152 151 149 
-61.717392 334.000000 2323.478271 151 150 148 
-65.347824 334.000000 2323.478271 151 150 148 
-68.978264 334.000000 2323.478271 152 151 149 
-72.542984 333.697723 2321.375488 152 151 149 
-76.170135 333.697723 2321.375488 152 151 149 
-79.797287 333.697723 2321.375488 152 151 149 
-83.273712 333.094849 2317.181641 152 151 149 
-86.270851 330.704926 2300.556152 151 151 149 
-89.624329 329.817535 2294.382812 151 151 149 
-93.126007 329.522797 2292.332520 152 152 150 
-96.707771 329.522797 2292.332520 151 151 149 
-100.289543 329.522797 2292.332520 150 149 147 
47.685902 221.739441 1525.948853 158 156 157 
45.167259 221.081848 1521.423462 158 156 157 
42.790035 221.081848 1521.423462 157 155 156 
266.156250 1456.031250 10020.000000 156 154 155 
250.500000 1456.031250 10020.000000 153 155 152 
234.843750 1456.031250 10020.000000 153 154 151 
219.187500 1456.031250 10020.000000 154 153 151 
203.531250 1456.031250 10020.000000 155 153 151 
187.875000 1456.031250 10020.000000 158 153 153 
172.218750 1456.031250 10020.000000 158 152 152 
156.562500 1456.031250 10020.000000 156 150 150 
20.310810 209.878372 1444.324341 157 151 151 
18.054054 209.878372 1444.324341 156 152 153 
15.797297 209.878372 1444.324341 154 152 153 
13.540541 209.878372 1444.324341 153 151 152 
11.283784 209.878372 1444.324341 155 153 154 
9.027027 209.878372 1444.324341 155 153 154 
-54.555355 338.243195 2327.695068 152 151 149 
-58.192379 338.243195 2327.695068 152 151 149 
-61.717392 337.630432 2323.478271 151 150 148 
-65.347824 337.630432 2323.478271 150 149 147 
-68.978264 337.630432 2323.478271 151 150 148 
-72.542984 337.324890 2321.375488 151 150 148 
-76.170135 337.324890 2321.375488 151 150 148 
-79.797287 337.324890 2321.375488 152 151 149 
-83.198555 336.411560 2315.090332 152 151 149 
-86.270851 334.299561 2300.556152 151 150 148 
-89.544235 333.104553 2292.332520 151 151 149 
-93.126007 333.104553 2292.332520 152 152 150 
-96.707771 333.104553 2292.332520 151 151 149 
-100.289543 333.104553 2292.332520 150 150 148 
47.685902 224.123734 1525.948853 157 155 156 
45.167259 223.459076 1521.423462 157 155 156 
42.790035 223.459076 1521.423462 157 155 156 
266.156250 1471.687500 10020.000000 157 155 156 
250.500000 1471.687500 10020.000000 154 156 154 
234.843750 1471.687500 10020.000000 153 155 152 
219.187500 1471.687500 10020.000000 155 154 152 
203.531250 1471.687500 10020.000000 156 154 152 
187.875000 1471.687500 10020.000000 157 152 152 
172.218750 1471.687500 10020.000000 156 150 150 
156.562500 1471.687500 10020.000000 156 150 150 
20.310810 212.135132 1444.324341 157 151 151 
18.054054 212.135132 1444.324341 156 153 153 
15.797297 212.135132 1444.324341 154 152 153 
13.540541 212.135132 1444.324341 153 151 152 
11.283784 212.135132 1444.324341 154 152 153 
9.027027 212.135132 1444.324341 153 151 152 
-54.604904 342.190735 2329.809326 152 151 149 
-58.192379 341.880219 2327.695068 152 151 149 
-61.773346 341.570251 2325.584717 150 149 147 
-65.347824 341.260864 2323.478271 150 149 147 
-68.978264 341.260864 2323.478271 152 151 149 
-72.608696 341.260864 2323.478271 151 150 148 
-76.239128 341.260864 2323.478271 150 149 147 
-79.869568 341.260864 2323.478271 151 150 148 
-83.198555 340.028870 2315.090332 151 150 148 
-86.270851 337.894165 2300.556152 150 150 148 
-89.544235 336.686340 2292.332520 151 151 149 
-93.042854 336.385712 2290.285645 152 152 150 
-96.707771 336.686340 2292.332520 151 151 149 
47.685902 226.508026 1525.948853 156 154 155 
45.167259 225.836304 1521.423462 156 154 155 
42.790035 225.836304 1521.423462 157 155 156 
266.156250 1487.343750 10020.000000 158 156 157 
250.500000 1487.343750 10020.000000 155 156 155 
234.843750 1487.343750 10020.000000 154 156 153 
219.187500 1487.343750 10020.000000 155 155 153 
203.531250 1487.343750 10020.000000 156 154 153 
187.875000 1487.343750 10020.000000 156 151 151 
172.218750 1487.343750 10020.000000 155 149 149 
156.562500 1487.343750 10020.000000 155 149 150 
20.402716 215.361984 1450.859741 157 152 152 
18.054054 214.391891 1444.324341 156 153 154 
15.797297 214.391891 1444.324341 154 152 153 
13.540541 214.391891 1444.324341 153 151 152 
11.283784 214.391891 1444.324341 154 152 153 
9.027027 214.391891 1444.324341 154 152 153 
-54.654545 346.145447 2331.927246 152 151 149 
-58.245232 345.831055 2329.809326 152 151 149 
-61.829403 345.517242 2327.695068 151 150 148 
-65.407074 345.203979 2325.584717 150 149 147 
-68.978264 344.891296 2323.478271 151 150 148 
-72.608696 344.891296 2323.478271 150 149 147 
-76.239128 344.891296 2323.478271 150 148 147 
-79.869568 344.891296 2323.478271 150 149 147 
-83.273712 343.956635 2317.181641 151 150 148 
-86.348297 341.795319 2302.621094 150 150 148 
-89.784943 341.182800 2298.494629 151 151 149 
-93.126007 340.268097 2292.332520 152 152 150 
47.685902 228.892334 1525.948853 153 151 152 
45.167259 228.213516 1521.423462 154 152 153 
42.790035 228.213516 1521.423462 156 154 155 
266.156250 1503.000000 10020.000000 157 155 156 
250.500000 1503.000000 10020.000000 157 156 156 
234.843750 1503.000000 10020.000000 157 156 156 
219.187500 1503.000000 10020.000000 157 155 156 
203.531250 1503.000000 10020.000000 157 155 155 
187.875000 1503.000000 10020.000000 154 151 151 
172.218750 1503.000000 10020.000000 152 149 149 
156.562500 1503.000000 10020.000000 153 150 151 
20.402716 217.628952 1450.859741 156 153 154 
18.054054 216.648651 1444.324341 157 154 155 
15.797297 216.648651 1444.324341 155 153 154 
13.540541 216.648651 1444.324341 154 152 153 
11.283784 216.648651 1444.324341 155 153 154 
9.027027 216.648651 1444.324341 155 153 154 
-54.654545 349.789093 2331.927246 153 152 150 
-58.298183 349.789093 2331.927246 153 152 151 
-61.885559 349.471405 2329.809326 153 151 151 
-65.466423 349.154266 2327.695068 151 149 149 
-69.040794 348.837708 2325.584717 150 148 148 
-72.674522 348.837708 2325.584717 149 147 147 
-76.308250 348.837708 2325.584717 147 146 146 
-79.869568 348.521729 2323.478271 147 146 146 
-83.349007 347.891510 2319.276611 150 148 148 
-86.894310 347.577240 2317.181641 150 149 149 
-89.946136 345.393188 2302.621094 151 150 150 
47.685902 231.276627 1525.948853 152 150 151 
45.167259 230.590744 1521.423462 153 151 152 
42.790035 230.590744 1521.423462 155 153 154 
266.156250 1518.656250 10020.000000 156 154 155 
250.500000 1518.656250 10020.000000 158 156 157 
234.843750 1518.656250 10020.000000 158 156 157 
219.187500 1518.656250 10020.000000 157 155 156 
203.531250 1518.656250 10020.000000 157 155 156 
187.875000 1518.656250 10020.000000 155 153 154 
172.218750 1518.656250 10020.000000 154 152 153 
156.562500 1518.656250 10020.000000 154 152 153 
20.402716 219.895935 1450.859741 157 155 156 
18.054054 218.905411 1444.324341 159 157 158 
15.797297 218.905411 1444.324341 158 156 157 
13.540541 218.905411 1444.324341 157 155 156 
11.283784 218.905411 1444.324341 157 155 156 
-54.704277 353.754333 2334.049072 153 152 150 
-58.298183 353.432739 2331.927246 153 152 152 
-61.941818 353.432739 2331.927246 153 151 152 
-65.525887 353.111725 2329.809326 152 150 151 
-69.103447 352.791290 2327.695068 150 148 149 
-72.740471 352.791290 2327.695068 149 147 148 
-76.377495 352.791290 2327.695068 146 144 145 
-80.014519 352.791290 2327.695068 145 143 144 
-83.349007 351.515381 2319.276611 149 147 148 
-86.972878 351.515381 2319.276611 151 149 150 
47.685902 233.660919 1525.948853 154 152 153 
45.194065 233.106232 1522.326416 155 153 154 
42.815430 233.106232 1522.326416 155 153 154 
266.156250 1534.312500 10020.000000 156 154 155 
250.500000 1534.312500 10020.000000 157 155 156 
234.843750 1534.312500 10020.000000 157 155 156 
219.187500 1534.312500 10020.000000 157 155 156 
203.531250 1534.312500 10020.000000 156 154 155 
187.875000 1534.312500 10020.000000 157 155 156 
172.218750 1534.312500 10020.000000 156 154 155 
156.562500 1534.312500 10020.000000 156 154 155 
20.402716 222.162903 1450.859741 158 156 157 
18.054054 221.162155 1444.324341 160 158 159 
15.797297 221.162155 1444.324341 159 157 158 
13.540541 221.162155 1444.324341 158 156 157 
11.283784 221.162155 1444.324341 158 156 157 
-58.351227 357.401276 2334.049072 152 151 151 
-61.941818 357.076355 2331.927246 152 150 151 
-65.525887 356.752045 2329.809326 152 150 151 
-69.103447 356.428314 2327.695068 151 149 150 
-72.806541 356.752045 2329.809326 149 147 148 
-76.446869 356.752045 2329.809326 146 144 145 
-80.087196 356.752045 2329.809326 146 144 145 
-83.349007 355.139252 2319.276611 149 147 148 
-86.972878 355.139252 2319.276611 153 151 152 
47.714287 236.185715 1526.857178 156 153 154 
45.220901 235.624710 1523.230347 156 154 155 
42.840855 235.624710 1523.230347 156 154 155 
266.156250 1549.968750 10020.000000 156 154 155 
250.500000 1549.968750 10020.000000 157 154 155 
234.843750 1549.968750 10020.000000 157 155 156 
219.187500 1549.968750 10020.000000 156 154 155 
203.531250 1549.968750 10020.000000 156 153 154 
187.875000 1549.968750 10020.000000 156 154 155 
172.218750 1549.968750 10020.000000 155 153 154 
156.562500 1549.968750 10020.000000 155 152 153 
20.402716 224.429871 1450.859741 156 153 154 
18.054054 223.418915 1444.324341 157 155 156 
15.797297 223.418915 1444.324341 157 155 155 
13.540541 223.418915 1444.324341 155 153 154 
11.283784 223.418915 1444.324341 156 154 155 
-58.351227 361.048218 2334.049072 152 150 150 
-61.941818 360.720001 2331.927246 152 150 151 
-65.525887 360.392365 2329.809326 152 150 151 
-69.103447 360.065338 2327.695068 152 150 151 
-72.806541 360.392365 2329.809326 151 149 150 
-76.446869 360.392365 2329.809326 148 146 147 
-80.087196 360.392365 2329.809326 148 146 147 
-83.349007 358.763123 2319.276611 151 149 150 
-86.972878 358.763123 2319.276611 155 153 154 
47.714287 238.571426 1526.857178 159 152 153 
45.247772 238.146164 1524.135498 159 152 153 
42.866310 238.146164 1524.135498 159 151 152 
266.156250 1565.625000 10020.000000 160 152 153 
250.500000 1565.625000 10020.000000 159 153 154 
234.843750 1565.625000 10020.000000 158 154 154 
219.187500 1565.625000 10020.000000 158 153 154 
203.531250 1565.625000 10020.000000 158 153 153 
187.875000 1565.625000 10020.000000 157 152 153 
172.218750 1565.625000 10020.000000 157 152 153 
156.562500 1565.625000 10020.000000 157 152 153 
20.402716 226.696838 1450.859741 157 152 152 
18.054054 225.675674 1444.324341 157 154 154 
15.797297 225.675674 1444.324341 156 155 154 
13.540541 225.675674 1444.324341 155 154 153 
11.283784 225.675674 1444.324341 155 154 153 
-58.351227 364.695190 2334.049072 153 151 151 
-61.941818 364.363647 2331.927246 152 150 151 
-65.525887 364.032684 2329.809326 152 150 151 
-69.103447 363.702362 2327.695068 153 151 152 
-72.806541 364.032684 2329.809326 154 152 153 
-76.446869 364.032684 2329.809326 154 152 153 
-80.087196 364.032684 2329.809326 153 151 152 
-83.349007 362.386993 2319.276611 154 152 153 
-86.972878 362.386993 2319.276611 155 153 153 
47.742702 241.100662 1527.766479 160 152 153 
45.247772 240.527634 1524.135498 159 151 152 
42.866310 240.527634 1524.135498 159 151 151 
266.156250 1581.281250 10020.000000 160 152 152 
250.500000 1581.281250 10020.000000 159 153 153 
234.843750 1581.281250 10020.000000 159 153 153 
219.187500 1581.281250 10020.000000 159 153 153 
203.531250 1581.281250 10020.000000 159 153 153 
187.875000 1581.281250 10020.000000 158 152 152 
172.218750 1581.281250 10020.000000 158 152 152 
156.562500 1581.281250 10020.000000 159 153 153 
20.402716 228.963806 1450.859741 157 152 152 
18.054054 227.932434 1444.324341 155 152 151 
15.797297 227.932434 1444.324341 154 153 151 
13.540541 227.932434 1444.324341 156 155 153 
11.283784 227.932434 1444.324341 157 156 154 
-58.404373 368.677582 2336.174805 153 152 152 
-61.998180 368.342133 2334.049072 152 150 151 
-65.585457 368.007263 2331.927246 152 150 151 
-69.166214 367.673035 2329.809326 153 151 152 
-72.872726 368.007263 2331.927246 154 152 153 
-76.585991 368.342133 2334.049072 154 152 153 
-80.160004 368.007263 2331.927246 153 151 152 
-83.500000 366.673920 2323.478271 153 151 152 
-87.130432 366.673920 2323.478271 155 153 152 
47.742702 243.487793 1527.766479 159 155 154 
45.247772 242.909088 1524.135498 157 153 152 
42.866310 242.909088 1524.135498 155 152 151 
266.156250 1596.937500 10020.000000 156 152 151 
250.500000 1596.937500 10020.000000 157 152 152 
234.843750 1596.937500 10020.000000 158 152 152 
219.187500 1596.937500 10020.000000 158 152 152 
203.531250 1596.937500 10020.000000 158 152 152 
187.875000 1596.937500 10020.000000 157 151 151 
172.218750 1596.937500 10020.000000 158 152 152 
156.562500 1596.937500 10020.000000 159 153 153 
20.402716 231.230774 1450.859741 157 152 151 
18.054054 230.189194 1444.324341 153 151 149 
15.797297 230.189194 1444.324341 153 152 150 
13.540541 230.189194 1444.324341 155 154 152 
11.283784 230.189194 1444.324341 157 156 154 
-58.564384 373.347931 2342.575439 152 151 151 
-62.054646 372.327881 2336.174805 151 149 150 
-65.704918 372.327881 2336.174805 151 149 150 
-69.355194 372.327881 2336.174805 152 150 151 
-73.138687 373.007294 2340.437988 153 151 152 
-76.865753 373.347931 2342.575439 153 151 152 
-80.306007 372.327881 2336.174805 152 150 151 
-83.956284 372.327881 2336.174805 151 150 150 
47.771156 246.021454 1528.677002 157 157 155 
45.274673 245.436386 1525.041626 155 155 153 
42.891796 245.436386 1525.041626 152 153 150 
266.156250 1612.593750 10020.000000 153 152 150 
250.500000 1612.593750 10020.000000 156 152 151 
234.843750 1612.593750 10020.000000 157 151 151 
219.187500 1612.593750 10020.000000 157 151 151 
203.531250 1612.593750 10020.000000 157 151 151 
187.875000 1612.593750 10020.000000 157 151 151 
172.218750 1612.593750 10020.000000 158 152 152 
156.562500 1612.593750 10020.000000 159 153 153 
20.402716 233.497742 1450.859741 157 152 152 
18.054054 232.445953 1444.324341 155 152 151 
15.797297 232.445953 1444.324341 154 153 151 
13.540541 232.445953 1444.324341 154 153 151 
11.283784 232.445953 1444.324341 154 153 151 
-58.617916 377.352844 2344.716553 152 150 150 
-62.224659 377.008209 2342.575439 151 149 150 
-65.824814 376.664246 2340.437988 151 149 150 
-69.545204 377.008209 2342.575439 152 150 151 
-73.339432 377.698090 2346.861816 154 152 153 
-77.006401 377.698090 2346.861816 155 153 154 
-80.673378 377.698090 2346.861816 154 152 153 
-84.417580 378.043945 2349.010986 153 152 152 
47.799641 248.558136 1529.588501 155 155 153 
45.274673 247.819260 1525.041626 153 153 151 
42.891796 247.819260 1525.041626 152 152 149 
266.156250 1628.250000 10020.000000 153 153 150 
250.500000 1628.250000 10020.000000 154 153 151 
234.843750 1628.250000 10020.000000 155 152 151 
219.187500 1628.250000 10020.000000 155 152 151 
203.531250 1628.250000 10020.000000 155 152 151 
187.875000 1628.250000 10020.000000 155 152 151 
172.218750 1628.250000 10020.000000 155 153 151 
156.562500 1628.250000 10020.000000 156 153 152 
20.310810 234.702698 1444.324341 155 153 151 
18.054054 234.702698 1444.324341 154 153 151 
15.797297 234.702698 1444.324341 153 152 150 
13.540541 234.702698 1444.324341 152 151 149 
11.283784 234.702698 1444.324341 150 149 147 
-62.281536 381.016449 2344.716553 153 151 152 
-65.945152 381.016449 2344.716553 153 151 152 
-69.672462 381.365051 2346.861816 153 151 152 
-73.473877 382.064148 2351.164062 153 151 152 
-77.147568 382.064148 2351.164062 152 150 151 
-80.821266 382.064148 2351.164062 155 153 154 
-84.417580 381.714294 2349.010986 155 153 154 
-87.209427 377.907532 2325.584717 152 151 150 
-89.066666 370.517334 2280.106689 150 149 147 
-91.894180 367.576721 2262.010498 149 148 146 
45.247772 250.053482 1524.135498 153 152 150 
42.866310 250.053482 1524.135498 153 152 150 
266.156250 1643.906250 10020.000000 154 153 151 
250.500000 1643.906250 10020.000000 154 153 151 
234.843750 1643.906250 10020.000000 154 153 151 
219.187500 1643.906250 10020.000000 154 153 151 
203.531250 1643.906250 10020.000000 154 153 151 
187.875000 1643.906250 10020.000000 154 153 151 
172.218750 1643.906250 10020.000000 154 153 151 
156.562500 1643.906250 10020.000000 154 153 151 
20.310810 236.959457 1444.324341 154 153 151 
18.054054 236.959457 1444.324341 154 153 151 
15.797297 236.959457 1444.324341 153 152 150 
13.540541 236.959457 1444.324341 151 150 148 
11.283784 236.959457 1444.324341 150 149 147 
-66.126488 385.737854 2351.164062 154 152 153 
-69.800186 385.737854 2351.164062 154 152 153 
-73.541283 386.091736 2353.321045 153 151 152 
-77.147568 385.737854 2351.164062 150 148 149 
-80.969696 386.446289 2355.482178 152 150 151 
-84.494957 385.737854 2351.164062 153 151 152 
-85.503998 374.079987 2280.106689 153 151 150 
-88.281937 370.784149 2260.017578 151 150 148 
-91.732391 370.457733 2258.028076 150 149 147 
45.247772 252.434937 1524.135498 154 153 151 
42.866310 252.434937 1524.135498 154 153 151 
266.156250 1659.562500 10020.000000 154 153 151 
250.500000 1659.562500 10020.000000 154 153 151 
234.843750 1659.562500 10020.000000 154 153 151 
219.187500 1659.562500 10020.000000 154 153 151 
203.531250 1659.562500 10020.000000 154 153 151 
187.875000 1659.562500 10020.000000 154 153 151 
172.218750 1659.562500 10020.000000 154 153 151 
156.562500 1659.562500 10020.000000 154 153 151 
20.310810 239.216217 1444.324341 154 153 151 
18.054054 239.216217 1444.324341 153 152 150 
15.797297 239.216217 1444.324341 153 152 150 
13.540541 239.216217 1444.324341 152 151 149 
11.283784 239.216217 1444.324341 152 151 149 
-69.928375 390.126709 2355.482178 154 152 153 
-73.676468 390.485291 2357.646973 153 151 152 
-77.360291 390.485291 2357.646973 150 148 149 
-84.494957 389.411560 2351.164062 151 149 150 
-85.503998 377.642670 2280.106689 152 151 150 
-88.204224 373.985901 2258.028076 152 151 149 
-91.732391 373.985901 2258.028076 153 152 150 
45.247772 254.816406 1524.135498 155 154 152 
42.815430 254.513947 1522.326416 156 154 153 
266.156250 1675.218750 10020.000000 154 153 151 
250.500000 1675.218750 10020.000000 154 153 151 
234.843750 1675.218750 10020.000000 154 153 151 
219.187500 1675.218750 10020.000000 154 153 151 
203.531250 1675.218750 10020.000000 154 153 151 
187.875000 1675.218750 10020.000000 154 153 151 
172.218750 1675.218750 10020.000000 154 153 151 
156.562500 1675.218750 10020.000000 154 153 151 
20.310810 241.472977 1444.324341 154 153 151 
18.054054 241.472977 1444.324341 153 152 150 
15.797297 241.472977 1444.324341 153 152 150 
13.540541 241.472977 1444.324341 153 152 150 
11.283784 241.472977 1444.324341 153 152 150 
-85.428062 380.866791 2278.081787 152 151 150 
-88.204224 377.514099 2258.028076 154 152 151 
-91.732391 377.514099 2258.028076 155 153 151 
45.194065 256.892578 1522.326416 158 153 153 
42.688759 256.132538 1517.822510 157 153 152 
40.317162 256.132538 1517.822510 156 151 151 
250.500000 1690.875000 10020.000000 154 152 151 
234.843750 1690.875000 10020.000000 154 153 151 
219.187500 1690.875000 10020.000000 155 154 152 
203.531250 1690.875000 10020.000000 155 154 152 
187.875000 1690.875000 10020.000000 156 155 153 
172.218750 1690.875000 10020.000000 155 154 152 
156.562500 1690.875000 10020.000000 154 153 151 
20.310810 243.729736 1444.324341 154 153 151 
18.054054 243.729736 1444.324341 154 153 152 
15.797297 243.729736 1444.324341 154 152 152 
13.540541 243.729736 1444.324341 153 151 151 
11.283784 243.729736 1444.324341 152 151 151 
-85.428062 384.426300 2278.081787 155 151 152 
-88.204224 381.042267 2258.028076 156 152 151 
-91.732391 381.042267 2258.028076 156 152 151 
45.087032 258.657196 1518.721191 158 152 152 
42.613113 258.046082 1515.132935 157 151 151 
40.245716 258.046082 1515.132935 157 151 151 
250.500000 1706.531250 10020.000000 155 152 151 
234.843750 1706.531250 10020.000000 154 153 151 
219.187500 1706.531250 10020.000000 155 154 152 
203.531250 1706.531250 10020.000000 156 155 153 
187.875000 1706.531250 10020.000000 156 155 153 
172.218750 1706.531250 10020.000000 155 154 152 
143.142853 1560.257202 9161.142578 154 153 151 
20.310810 245.986481 1444.324341 155 154 152 
18.054054 245.986481 1444.324341 155 153 153 
15.797297 245.986481 1444.324341 154 152 153 
13.540541 245.986481 1444.324341 153 151 152 
11.283784 245.986481 1444.324341 153 151 152 
-85.276596 387.297882 2274.042480 156 151 153 
-88.204224 384.570435 2258.028076 158 152 152 
-91.732391 384.570435 2258.028076 157 151 151 
47.572701 261.649841 1522.326416 156 150 150 
45.087032 261.030182 1518.721191 157 151 151 
42.613113 260.413483 1515.132935 157 151 151 
40.245716 260.413483 1515.132935 157 151 151 
250.500000 1722.187500 10020.000000 155 152 151 
234.843750 1722.187500 10020.000000 154 153 151 
219.187500 1722.187500 10020.000000 155 154 152 
203.531250 1722.187500 10020.000000 156 155 153 
187.875000 1722.187500 10020.000000 156 155 153 
172.218750 1722.187500 10020.000000 155 154 152 
143.142853 1574.571411 9161.142578 154 153 151 
20.310810 248.243240 1444.324341 155 153 152 
18.054054 248.243240 1444.324341 154 153 153 
15.797297 248.243240 1444.324341 154 152 153 
13.540541 248.243240 1444.324341 154 152 153 
11.283784 248.243240 1444.324341 155 153 154 
-85.050400 389.814331 2268.010498 156 151 153 
-87.971909 387.076385 2252.080811 158 152 152 
-91.490784 387.076385 2252.080811 157 151 151 
47.572701 264.028473 1522.326416 154 149 148 
45.087032 263.403198 1518.721191 155 150 150 
42.613113 262.780853 1515.132935 156 151 151 
40.245716 262.780853 1515.132935 157 152 152 
241.082703 1672.511230 9643.308594 155 153 151 
234.843750 1737.843750 10020.000000 154 153 151 
219.187500 1737.843750 10020.000000 155 154 152 
203.531250 1737.843750 10020.000000 156 155 153 
187.875000 1737.843750 10020.000000 156 155 153 
172.218750 1737.843750 10020.000000 155 154 152 
143.142853 1588.885742 9161.142578 154 153 151 
20.310810 250.500000 1444.324341 154 153 152 
18.054054 250.500000 1444.324341 154 152 152 
15.797297 250.500000 1444.324341 154 152 153 
13.540541 250.500000 1444.324341 155 153 153 
11.283784 250.500000 1444.324341 156 154 154 
-84.975266 393.010590 2266.007080 156 151 153 
-87.971909 390.595245 2252.080811 157 151 152 
-91.490784 390.595245 2252.080811 157 151 151 
47.600948 266.565308 1523.230347 153 151 149 
45.140488 266.091278 1520.521606 154 152 150 
42.638298 265.304962 1516.028320 156 153 152 
40.269505 265.304962 1516.028320 157 154 153 
238.394058 1668.758423 9535.761719 155 153 153 
234.843750 1753.500000 10020.000000 154 152 152 
219.187500 1753.500000 10020.000000 154 153 153 
203.531250 1753.500000 10020.000000 155 153 153 
187.875000 1753.500000 10020.000000 154 153 153 
172.218750 1753.500000 10020.000000 154 152 152 
143.142853 1603.199951 9161.142578 153 151 151 
20.310810 252.756760 1444.324341 153 151 151 
18.054054 252.756760 1444.324341 153 152 149 
15.797297 252.756760 1444.324341 153 153 148 
13.540541 252.756760 1444.324341 153 152 147 
11.283784 252.756760 1444.324341 152 152 147 
-84.900269 396.201233 2264.007080 152 148 149 
-88.049210 394.460449 2254.059814 154 148 149 
-91.490784 394.114136 2252.080811 154 149 150 
-95.093147 394.460449 2254.059814 155 150 151 
47.600948 268.945374 1523.230347 154 153 151 
45.140488 268.467102 1520.521606 154 153 151 
42.638298 267.673767 1516.028320 155 154 152 
40.269505 267.673767 1516.028320 156 155 153 
236.634689 1671.232422 9465.387695 155 153 153 
234.843750 1769.156250 10020.000000 154 152 153 
219.187500 1769.156250 10020.000000 154 152 153 
203.531250 1769.156250 10020.000000 154 152 153 
187.875000 1769.156250 10020.000000 152 150 151 
172.218750 1769.156250 10020.000000 151 149 150 
143.142853 1617.514282 9161.142578 150 148 149 
20.310810 255.013519 1444.324341 150 148 148 
18.054054 255.013519 1444.324341 152 151 147 
15.797297 255.013519 1444.324341 153 152 146 
13.540541 255.013519 1444.324341 152 151 146 
11.283784 255.013519 1444.324341 151 151 145 
-84.825394 399.386230 2262.010498 147 144 145 
-88.049210 397.982422 2254.059814 149 145 147 
-91.490784 397.633026 2252.080811 150 147 148 
-95.093147 397.982422 2254.059814 152 148 149 
47.544483 271.003571 1521.423462 154 153 151 
45.087032 270.522217 1518.721191 155 154 152 
42.638298 270.042542 1516.028320 155 154 152 
40.269505 270.042542 1516.028320 155 154 152 
235.764709 1679.823486 9430.587891 154 153 153 
234.843750 1784.812500 10020.000000 154 152 153 
219.187500 1784.812500 10020.000000 154 152 153 
203.531250 1784.812500 10020.000000 154 152 153 
187.875000 1784.812500 10020.000000 152 150 151 
172.218750 1784.812500 10020.000000 150 148 149 
143.142853 1631.828613 9161.142578 149 147 148 
20.310810 257.270264 1444.324341 149 147 148 
18.054054 257.270264 1444.324341 151 149 149 
15.797297 257.270264 1444.324341 152 150 150 
13.540541 257.270264 1444.324341 152 150 151 
11.283784 257.270264 1444.324341 152 151 151 
-84.825394 402.920624 2262.010498 146 145 145 
-87.971909 401.151886 2252.080811 148 147 148 
-91.410530 400.799988 2250.105225 150 148 149 
-95.093147 401.504395 2254.059814 151 150 150 
47.460037 272.895203 1518.721191 157 155 153 
45.033707 272.572449 1516.924927 156 155 153 
42.587959 272.089722 1514.238525 155 154 152 
40.221958 272.089722 1514.238525 154 153 151 
235.764709 1694.558838 9430.587891 154 152 152 
234.843750 1800.468750 10020.000000 154 152 153 
219.187500 1800.468750 10020.000000 154 152 153 
203.531250 1800.468750 10020.000000 154 152 153 
187.875000 1800.468750 10020.000000 153 151 152 
172.218750 1800.468750 10020.000000 152 150 151 
143.142853 1646.142822 9161.142578 152 150 150 
20.310810 259.527039 1444.324341 151 149 150 
18.054054 259.527039 1444.324341 151 149 152 
15.797297 259.527039 1444.324341 152 149 153 
13.540541 259.527039 1444.324341 153 150 154 
11.283784 259.527039 1444.324341 153 151 155 
-84.750664 406.096924 2260.017578 149 148 148 
-87.817703 403.961426 2248.133301 149 149 149 
-91.330414 403.961426 2248.133301 151 151 151 
-94.926315 404.315796 2250.105225 152 152 152 
-98.788734 405.739441 2258.028076 151 150 150 
47.460037 275.268219 1518.721191 159 155 154 
44.980507 274.617828 1515.132935 159 154 154 
42.562832 274.293793 1513.345093 157 153 152 
40.198231 274.293793 1513.345093 156 152 151 
235.764709 1709.294067 9430.587891 155 153 152 
234.843750 1816.125000 10020.000000 155 153 152 
219.187500 1816.125000 10020.000000 155 153 152 
203.531250 1816.125000 10020.000000 155 153 152 
187.875000 1816.125000 10020.000000 154 153 152 
172.218750 1816.125000 10020.000000 154 153 151 
143.142853 1660.457153 9161.142578 154 152 151 
20.310810 261.783783 1444.324341 154 152 151 
18.054054 261.783783 1444.324341 156 150 152 
15.797297 261.783783 1444.324341 157 148 153 
13.540541 261.783783 1444.324341 155 148 152 
11.283784 261.783783 1444.324341 154 149 152 
-84.676056 409.267609 2258.028076 149 148 147 
-87.740807 407.117340 2246.164551 149 149 147 
-91.250435 407.117340 2246.164551 152 151 150 
-94.843117 407.474152 2248.133301 154 153 151 
-98.788734 409.267609 2258.028076 152 151 150 
44.953957 276.821716 1514.238525 159 153 153 
42.537735 276.495270 1512.452881 158 152 152 
40.174530 276.495270 1512.452881 158 152 152 
236.634689 1730.391113 9465.387695 156 153 152 
234.843750 1831.781250 10020.000000 155 154 152 
219.187500 1831.781250 10020.000000 155 154 152 
203.531250 1831.781250 10020.000000 155 154 152 
187.875000 1831.781250 10020.000000 154 153 151 
172.218750 1831.781250 10020.000000 154 153 151 
143.142853 1674.771484 9161.142578 154 153 151 
20.310810 264.040527 1444.324341 154 153 151 
18.054054 264.040527 1444.324341 158 149 152 
15.797297 264.040527 1444.324341 159 148 152 
13.540541 264.040527 1444.324341 157 148 151 
11.283784 264.040527 1444.324341 155 148 150 
-84.676056 412.795776 2258.028076 148 146 145 
-87.740807 410.626984 2246.164551 148 147 145 
-91.170601 410.267731 2244.199463 150 149 147 
-94.843117 410.986847 2248.133301 152 151 149 
-98.788734 412.795776 2258.028076 152 151 149 
44.953957 279.187714 1514.238525 158 152 152 
42.537735 278.858490 1512.452881 158 152 152 
40.174530 278.858490 1512.452881 158 152 152 
238.394058 1758.156128 9535.761719 156 153 152 
234.843750 1847.437500 10020.000000 155 154 152 
219.187500 1847.437500 10020.000000 155 154 152 
203.531250 1847.437500 10020.000000 155 154 152 
187.875000 1847.437500 10020.000000 154 153 151 
172.218750 1847.437500 10020.000000 154 153 151 
143.142853 1689.085693 9161.142578 154 153 151 
20.310810 266.297302 1444.324341 154 153 151 
18.054054 266.297302 1444.324341 157 149 151 
15.797297 266.297302 1444.324341 158 147 151 
13.540541 266.297302 1444.324341 157 148 151 
11.283784 266.297302 1444.324341 156 149 151 
-84.527245 415.592255 2254.059814 149 148 147 
-87.664040 413.774292 2244.199463 149 148 146 
-90.931938 412.691101 2238.324707 150 149 147 
-94.677162 413.774292 2244.199463 151 150 148 
47.431953 282.220123 1517.822510 156 150 150 
44.953957 281.553711 1514.238525 156 150 150 
42.537735 281.221710 1512.452881 157 151 151 
40.174530 281.221710 1512.452881 158 152 152 
238.394058 1773.055786 9535.761719 156 154 152 
234.843750 1863.093750 10020.000000 155 154 152 
219.187500 1863.093750 10020.000000 155 154 152 
203.531250 1863.093750 10020.000000 155 154 152 
187.875000 1863.093750 10020.000000 154 153 151 
172.218750 1863.093750 10020.000000 154 153 151 
143.142853 1703.400024 9161.142578 154 153 151 
20.310810 268.554047 1444.324341 154 153 151 
18.054054 268.554047 1444.324341 156 148 150 
15.797297 268.554047 1444.324341 157 147 150 
13.540541 268.554047 1444.324341 157 148 151 
11.283784 268.554047 1444.324341 156 150 152 
-84.527245 419.114227 2254.059814 152 150 149 
-87.358330 415.825623 2236.373047 152 151 149 
-90.852661 415.825623 2236.373047 152 151 150 
-94.346992 415.825623 2236.373047 153 152 150 
47.375885 284.255310 1516.028320 155 149 149 
44.953957 283.919708 1514.238525 155 149 149 
42.537735 283.584900 1512.452881 157 151 151 
40.174530 283.584900 1512.452881 158 152 152 
238.394058 1787.955444 9535.761719 156 153 152 
234.843750 1878.750000 10020.000000 155 154 152 
219.187500 1878.750000 10020.000000 154 153 151 
203.531250 1878.750000 10020.000000 154 153 151 
187.875000 1878.750000 10020.000000 154 153 151 
172.218750 1878.750000 10020.000000 155 154 152 
143.142853 1717.714233 9161.142578 155 154 152 
20.310810 270.810822 1444.324341 156 154 153 
18.054054 270.810822 1444.324341 154 150 151 
15.797297 270.810822 1444.324341 154 149 151 
13.540541 270.810822 1444.324341 154 149 151 
11.283784 270.810822 1444.324341 154 150 151 
9.027027 270.810822 1444.324341 154 151 152 
-87.206268 418.590088 2232.480469 153 151 151 
-90.615654 418.226074 2230.539062 153 151 151 
-94.182770 418.590088 2232.480469 152 151 151 
47.375885 286.624115 1516.028320 154 148 148 
44.953957 286.285706 1514.238525 155 149 149 
42.537735 285.948120 1512.452881 157 151 151 
40.174530 285.948120 1512.452881 157 151 151 
237.511108 1796.177734 9500.444336 155 153 151 
234.843750 1894.406250 10020.000000 155 154 152 
219.187500 1894.406250 10020.000000 154 153 151 
203.531250 1894.406250 10020.000000 153 152 150 
187.875000 1894.406250 10020.000000 154 153 151 
172.218750 1894.406250 10020.000000 155 154 152 
143.142853 1732.028564 9161.142578 155 154 152 
20.310810 273.067566 1444.324341 155 154 152 
18.054054 273.067566 1444.324341 153 151 151 
15.797297 273.067566 1444.324341 152 150 151 
13.540541 273.067566 1444.324341 152 150 151 
11.283784 273.067566 1444.324341 152 150 151 
9.027027 273.067566 1444.324341 154 152 153 
-87.130432 421.711304 2230.539062 152 150 151 
-90.615654 421.711304 2230.539062 152 150 151 
-94.100868 421.711304 2230.539062 152 150 151 
47.403904 289.163818 1516.924927 152 146 146 
44.953957 288.651703 1514.238525 154 148 148 
42.537735 288.311310 1512.452881 156 150 150 
40.174530 288.311310 1512.452881 156 150 150 
236.634689 1804.339478 9465.387695 155 153 151 
234.843750 1910.062500 10020.000000 155 154 152 
219.187500 1910.062500 10020.000000 154 153 151 
203.531250 1910.062500 10020.000000 153 152 150 
187.875000 1910.062500 10020.000000 154 153 151 
172.218750 1910.062500 10020.000000 154 153 151 
143.142853 1746.342896 9161.142578 153 152 150 
20.310810 275.324310 1444.324341 152 151 150 
18.054054 275.324310 1444.324341 151 150 150 
15.797297 275.324310 1444.324341 151 149 150 
13.540541 275.324310 1444.324341 151 149 150 
11.283784 275.324310 1444.324341 151 149 150 
9.027027 275.324310 1444.324341 154 152 153 
-87.054733 424.827118 2228.601318 150 148 149 
-90.536926 424.827118 2228.601318 151 149 150 
-94.100868 425.196533 2230.539062 152 150 151 
47.403904 291.533997 1516.924927 151 145 145 
44.980507 291.189606 1515.132935 153 148 147 
42.562832 290.846008 1513.345093 156 150 150 
40.198231 290.846008 1513.345093 156 150 150 
236.634689 1819.129150 9465.387695 155 153 151 
234.843750 1925.718750 10020.000000 155 154 152 
219.187500 1925.718750 10020.000000 154 153 151 
203.531250 1925.718750 10020.000000 153 152 150 
187.875000 1925.718750 10020.000000 154 153 151 
172.218750 1925.718750 10020.000000 154 153 151 
143.142853 1760.657104 9161.142578 152 151 149 
20.310810 277.581085 1444.324341 150 149 147 
18.054054 277.581085 1444.324341 150 148 148 
15.797297 277.581085 1444.324341 150 148 149 
13.540541 277.581085 1444.324341 150 148 149 
11.283784 277.581085 1444.324341 150 148 149 
9.027027 277.581085 1444.324341 151 149 150 
-90.536926 428.309296 2228.601318 151 149 149 
47.572701 294.950745 1522.326416 150 147 146 
45.007092 293.730499 1516.028320 152 149 148 
42.587959 293.383698 1514.238525 155 152 151 
40.221958 293.383698 1514.238525 156 154 152 
236.634689 1833.918823 9465.387695 157 154 153 
234.843750 1941.375000 10020.000000 158 154 153 
219.187500 1941.375000 10020.000000 157 153 152 
203.531250 1941.375000 10020.000000 155 151 150 
187.875000 1941.375000 10020.000000 153 151 150 
172.218750 1941.375000 10020.000000 152 151 149 
143.142853 1774.971436 9161.142578 150 150 148 
20.310810 279.837830 1444.324341 148 147 145 
18.054054 279.837830 1444.324341 149 148 148 
15.797297 279.837830 1444.324341 152 150 151 
13.540541 279.837830 1444.324341 152 150 151 
11.283784 279.837830 1444.324341 150 148 149 
9.027027 279.837830 1444.324341 150 148 149 
47.685902 298.036896 1525.948853 154 153 151 
45.060356 296.449707 1517.822510 153 152 150 
42.638298 296.099304 1516.028320 154 153 151 
40.269505 296.099304 1516.028320 154 153 151 
237.511108 1855.555542 9500.444336 155 153 151 
234.843750 1957.031250 10020.000000 157 154 153 
219.187500 1957.031250 10020.000000 157 154 152 
203.531250 1957.031250 10020.000000 154 151 150 
187.875000 1957.031250 10020.000000 150 149 147 
172.218750 1957.031250 10020.000000 150 150 148 
143.142853 1789.285767 9161.142578 151 151 149 
20.310810 282.094604 1444.324341 151 150 148 
18.054054 282.094604 1444.324341 151 149 149 
15.797297 282.094604 1444.324341 152 150 151 
13.540541 282.094604 1444.324341 152 150 151 
11.283784 282.094604 1444.324341 150 148 149 
9.027027 282.094604 1444.324341 150 148 149 
47.685902 300.421173 1525.948853 156 155 153 
45.167259 299.530243 1521.423462 154 153 151 
42.688759 298.821289 1517.822510 154 153 151 
40.317162 298.821289 1517.822510 154 153 151 
238.394058 1877.353149 9535.761719 153 152 150 
234.843750 1972.687500 10020.000000 154 153 151 
219.187500 1972.687500 10020.000000 155 154 152 
203.531250 1972.687500 10020.000000 153 152 151 
187.875000 1972.687500 10020.000000 150 148 147 
172.218750 1972.687500 10020.000000 151 150 148 
143.142853 1803.599976 9161.142578 155 153 151 
20.310810 284.351349 1444.324341 155 153 152 
18.054054 284.351349 1444.324341 153 151 152 
15.797297 284.351349 1444.324341 151 149 150 
13.540541 284.351349 1444.324341 150 148 149 
11.283784 284.351349 1444.324341 150 148 149 
9.027027 284.351349 1444.324341 150 148 149 
47.714287 302.985718 1526.857178 158 157 155 
45.220901 302.266022 1523.230347 156 155 153 
42.764671 301.728516 1520.521606 154 153 151 
40.388855 301.728516 1520.521606 152 152 150 
240.179779 1906.427002 9607.191406 151 150 148 
234.843750 1988.343750 10020.000000 152 152 150 
219.187500 1988.343750 10020.000000 154 153 152 
203.531250 1988.343750 10020.000000 153 153 151 
187.875000 1988.343750 10020.000000 153 150 149 
172.218750 1988.343750 10020.000000 155 151 150 
143.142853 1817.914307 9161.142578 157 153 152 
20.310810 286.608124 1444.324341 156 152 152 
18.054054 286.608124 1444.324341 154 152 152 
15.797297 286.608124 1444.324341 151 149 150 
13.540541 286.608124 1444.324341 149 147 148 
11.283784 286.608124 1444.324341 151 149 150 
9.027027 286.608124 1444.324341 150 148 149 
47.714287 305.371429 1526.857178 159 158 156 
45.220901 304.646088 1523.230347 158 157 155 
42.840855 304.646088 1523.230347 155 154 152 
254.238800 1914.268677 9571.343750 151 150 148 
250.500000 2004.000000 10020.000000 150 149 149 
234.843750 2004.000000 10020.000000 152 151 151 
219.187500 2004.000000 10020.000000 154 153 153 
203.531250 2004.000000 10020.000000 153 152 152 
187.875000 2004.000000 10020.000000 152 150 150 
172.218750 2004.000000 10020.000000 153 150 151 
143.142853 1832.228516 9161.142578 154 151 151 
20.310810 288.864868 1444.324341 154 151 152 
18.054054 288.864868 1444.324341 153 152 151 
15.797297 288.864868 1444.324341 152 151 149 
13.540541 288.864868 1444.324341 151 150 149 
11.283784 288.864868 1444.324341 152 151 149 
9.027027 288.864868 1444.324341 151 150 149 
47.714287 307.757141 1526.857178 155 154 152 
45.220901 307.026123 1523.230347 156 155 153 
42.840855 307.026123 1523.230347 156 155 153 
257.116974 1951.064209 9679.698242 154 153 151 
250.500000 2019.656250 10020.000000 152 150 150 
234.843750 2019.656250 10020.000000 153 151 152 
219.187500 2019.656250 10020.000000 155 153 154 
203.531250 2019.656250 10020.000000 154 152 153 
187.875000 2019.656250 10020.000000 152 150 151 
172.218750 2019.656250 10020.000000 151 149 150 
143.142853 1846.542847 9161.142578 152 150 151 
20.310810 291.121613 1444.324341 153 151 152 
18.054054 291.121613 1444.324341 153 152 151 
15.797297 291.121613 1444.324341 153 152 150 
13.540541 291.121613 1444.324341 153 152 150 
11.283784 291.121613 1444.324341 153 152 150 
9.027027 291.121613 1444.324341 152 151 149 
45.167259 309.039154 1521.423462 155 154 152 
42.790035 309.039154 1521.423462 156 155 153 
266.156250 2035.312500 10020.000000 156 155 153 
250.500000 2035.312500 10020.000000 153 152 152 
234.843750 2035.312500 10020.000000 154 152 153 
219.187500 2035.312500 10020.000000 155 153 154 
203.531250 2035.312500 10020.000000 155 153 154 
187.875000 2035.312500 10020.000000 153 151 152 
172.218750 2035.312500 10020.000000 152 150 151 
143.142853 1860.857178 9161.142578 152 150 151 
20.310810 293.378387 1444.324341 152 150 151 
18.054054 293.378387 1444.324341 153 152 151 
15.797297 293.378387 1444.324341 154 153 151 
13.540541 293.378387 1444.324341 154 153 151 
11.283784 293.378387 1444.324341 154 153 151 
9.027027 293.378387 1444.324341 153 152 150 
45.167259 311.416382 1521.423462 156 155 153 
42.790035 311.416382 1521.423462 156 155 153 
266.156250 2050.968750 10020.000000 154 153 152 
250.500000 2050.968750 10020.000000 153 152 152 
234.843750 2050.968750 10020.000000 155 153 154 
219.187500 2050.968750 10020.000000 156 154 155 
203.531250 2050.968750 10020.000000 155 153 154 
187.875000 2050.968750 10020.000000 154 152 152 
172.218750 2050.968750 10020.000000 152 150 151 
22.669683 296.972839 1450.859741 151 149 150 
20.310810 295.635132 1444.324341 151 149 150 
18.054054 295.635132 1444.324341 152 151 150 
15.797297 295.635132 1444.324341 153 152 150 
13.540541 295.635132 1444.324341 153 152 150 
11.283784 295.635132 1444.324341 153 152 150 
9.027027 295.635132 1444.324341 153 152 150 
45.167259 313.793610 1521.423462 157 156 154 
42.790035 313.793610 1521.423462 156 155 153 
266.156250 2066.625000 10020.000000 155 154 152 
250.500000 2066.625000 10020.000000 154 152 151 
234.843750 2066.625000 10020.000000 155 154 153 
219.187500 2066.625000 10020.000000 155 154 153 
203.531250 2066.625000 10020.000000 153 151 150 
187.875000 2066.625000 10020.000000 151 150 149 
172.218750 2066.625000 10020.000000 148 147 146 
22.669683 299.239807 1450.859741 148 146 145 
20.310810 297.891907 1444.324341 152 151 149 
18.054054 297.891907 1444.324341 151 152 151 
15.797297 297.891907 1444.324341 150 152 151 
13.540541 297.891907 1444.324341 150 152 151 
11.283784 297.891907 1444.324341 151 153 152 
9.027027 297.891907 1444.324341 151 153 152 
45.220901 316.546326 1523.230347 156 155 153 
42.840855 316.546326 1523.230347 156 155 153 
266.156250 2082.281250 10020.000000 154 153 151 
250.500000 2082.281250 10020.000000 151 150 148 
234.843750 2082.281250 10020.000000 152 151 149 
219.187500 2082.281250 10020.000000 152 151 149 
203.531250 2082.281250 10020.000000 149 148 146 
187.875000 2082.281250 10020.000000 147 146 144 
172.218750 2082.281250 10020.000000 147 146 144 
22.669683 301.506775 1450.859741 148 147 145 
20.310810 300.148651 1444.324341 150 149 147 
18.054054 300.148651 1444.324341 149 149 149 
15.797297 300.148651 1444.324341 150 152 151 
13.540541 300.148651 1444.324341 152 153 153 
11.283784 300.148651 1444.324341 150 152 151 
9.027027 300.148651 1444.324341 149 150 150 
45.220901 318.926361 1523.230347 155 154 152 
42.840855 318.926361 1523.230347 154 153 151 
266.156250 2097.937500 10020.000000 151 150 148 
250.500000 2097.937500 10020.000000 148 147 145 
234.843750 2097.937500 10020.000000 150 149 147 
219.187500 2097.937500 10020.000000 151 150 148 
203.531250 2097.937500 10020.000000 148 147 145 
187.875000 2097.937500 10020.000000 146 145 143 
172.218750 2097.937500 10020.000000 148 147 145 
22.669683 303.773743 1450.859741 150 149 147 
20.310810 302.405396 1444.324341 148 146 145 
18.054054 302.405396 1444.324341 148 145 145 
15.797297 302.405396 1444.324341 153 149 150 
13.540541 302.405396 1444.324341 155 151 152 
11.283784 302.405396 1444.324341 152 148 149 
9.027027 302.405396 1444.324341 151 147 148 
45.274673 321.688477 1525.041626 155 153 152 
42.891796 321.688477 1525.041626 152 151 150 
266.156250 2113.593750 10020.000000 149 148 146 
250.500000 2113.593750 10020.000000 148 147 145 
234.843750 2113.593750 10020.000000 151 150 148 
219.187500 2113.593750 10020.000000 153 152 150 
203.531250 2113.593750 10020.000000 151 150 148 
187.875000 2113.593750 10020.000000 148 147 145 
172.218750 2113.593750 10020.000000 148 147 145 
22.669683 306.040710 1450.859741 148 147 145 
20.310810 304.662170 1444.324341 147 145 144 
18.054054 304.662170 1444.324341 150 145 146 
15.797297 304.662170 1444.324341 153 146 148 
13.540541 304.662170 1444.324341 154 147 149 
11.283784 304.662170 1444.324341 154 147 149 
9.027027 304.662170 1444.324341 155 148 150 
45.220901 323.686462 1523.230347 152 151 151 
42.840855 323.686462 1523.230347 149 149 148 
266.156250 2129.250000 10020.000000 147 148 147 
250.500000 2129.250000 10020.000000 149 149 149 
234.843750 2129.250000 10020.000000 152 150 150 
219.187500 2129.250000 10020.000000 153 151 151 
203.531250 2129.250000 10020.000000 152 150 150 
187.875000 2129.250000 10020.000000 150 148 148 
172.218750 2129.250000 10020.000000 147 145 145 
22.669683 308.307678 1450.859741 147 145 145 
20.310810 306.918915 1444.324341 149 147 147 
18.054054 306.918915 1444.324341 151 148 148 
15.797297 306.918915 1444.324341 152 148 148 
13.540541 306.918915 1444.324341 152 148 148 
11.283784 306.918915 1444.324341 152 149 148 
9.027027 306.918915 1444.324341 154 151 150 
45.382599 327.232422 1528.677002 149 148 149 
42.994041 327.232422 1528.677002 148 149 149 
266.156250 2144.906250 10020.000000 149 152 151 
250.500000 2144.906250 10020.000000 151 151 152 
234.843750 2144.906250 10020.000000 152 150 151 
219.187500 2144.906250 10020.000000 151 149 150 
203.531250 2144.906250 10020.000000 151 149 150 
187.875000 2144.906250 10020.000000 149 147 148 
172.218750 2144.906250 10020.000000 147 145 146 
22.669683 310.574646 1450.859741 147 145 146 
20.310810 309.175690 1444.324341 150 148 149 
18.054054 309.175690 1444.324341 151 150 149 
15.797297 309.175690 1444.324341 151 150 148 
13.540541 309.175690 1444.324341 151 150 148 
11.283784 309.175690 1444.324341 151 150 148 
45.382599 329.620972 1528.677002 149 147 148 
42.994041 329.620972 1528.677002 150 150 150 
266.156250 2160.562500 10020.000000 152 154 153 
250.500000 2160.562500 10020.000000 153 153 153 
234.843750 2160.562500 10020.000000 152 150 151 
219.187500 2160.562500 10020.000000 150 148 149 
203.531250 2160.562500 10020.000000 149 147 148 
187.875000 2160.562500 10020.000000 149 147 148 
172.218750 2160.562500 10020.000000 147 145 146 
22.669683 312.841644 1450.859741 147 145 146 
20.310810 311.432434 1444.324341 150 148 149 
18.054054 311.432434 1444.324341 151 150 149 
15.797297 311.432434 1444.324341 151 150 148 
13.540541 311.432434 1444.324341 151 150 148 
11.283784 311.432434 1444.324341 151 150 148 
45.382599 332.009521 1528.677002 151 149 150 
42.994041 332.009521 1528.677002 150 151 150 
266.156250 2176.218750 10020.000000 151 153 152 
250.500000 2176.218750 10020.000000 153 152 153 
234.843750 2176.218750 10020.000000 152 150 151 
219.187500 2176.218750 10020.000000 150 148 149 
203.531250 2176.218750 10020.000000 148 146 147 
187.875000 2176.218750 10020.000000 148 146 147 
172.218750 2176.218750 10020.000000 146 145 145 
22.669683 315.108612 1450.859741 147 145 145 
20.310810 313.689178 1444.324341 150 148 148 
18.054054 313.689178 1444.324341 151 150 149 
15.797297 313.689178 1444.324341 151 150 148 
13.540541 313.689178 1444.324341 151 150 148 
11.283784 313.689178 1444.324341 151 150 148 
45.382599 334.398102 1528.677002 153 151 152 
42.994041 334.398102 1528.677002 152 151 151 
266.156250 2191.875000 10020.000000 152 151 152 
250.500000 2191.875000 10020.000000 153 152 151 
234.843750 2191.875000 10020.000000 153 152 151 
219.187500 2191.875000 10020.000000 152 150 149 
203.531250 2191.875000 10020.000000 149 147 146 
187.875000 2191.875000 10020.000000 147 146 145 
172.218750 2191.875000 10020.000000 147 146 144 
22.669683 317.375580 1450.859741 147 146 145 
20.310810 315.945953 1444.324341 149 148 147 
18.054054 315.945953 1444.324341 150 149 149 
15.797297 315.945953 1444.324341 151 150 150 
13.540541 315.945953 1444.324341 151 151 150 
11.283784 315.945953 1444.324341 152 151 151 
45.382599 336.786652 1528.677002 153 151 152 
42.994041 336.786652 1528.677002 153 151 152 
266.156250 2207.531250 10020.000000 153 151 152 
250.500000 2207.531250 10020.000000 153 152 151 
234.843750 2207.531250 10020.000000 153 152 150 
219.187500 2207.531250 10020.000000 152 151 149 
203.531250 2207.531250 10020.000000 150 149 147 
187.875000 2207.531250 10020.000000 149 148 146 
172.218750 2207.531250 10020.000000 150 149 147 
121.087616 1707.335327 7749.607422 150 149 147 
20.310810 318.202698 1444.324341 151 150 148 
18.054054 318.202698 1444.324341 150 150 149 
15.797297 318.202698 1444.324341 150 150 150 
13.540541 318.202698 1444.324341 151 151 151 
11.283784 318.202698 1444.324341 152 152 152 
45.463882 339.782684 1531.414917 152 150 151 
43.071045 339.782684 1531.414917 152 150 151 
266.156250 2223.187500 10020.000000 152 150 151 
250.500000 2223.187500 10020.000000 152 151 150 
234.843750 2223.187500 10020.000000 151 150 148 
219.187500 2223.187500 10020.000000 149 148 146 
203.531250 2223.187500 10020.000000 151 150 148 
187.875000 2223.187500 10020.000000 151 150 148 
172.218750 2223.187500 10020.000000 151 150 148 
122.195122 1735.170776 7820.487793 152 151 149 
20.310810 320.459473 1444.324341 152 152 150 
18.054054 320.459473 1444.324341 151 151 150 
15.797297 320.459473 1444.324341 150 150 150 
13.540541 320.459473 1444.324341 151 151 151 
11.283784 320.459473 1444.324341 152 152 152 
281.812500 2238.843750 10020.000000 151 149 150 
266.156250 2238.843750 10020.000000 151 149 150 
250.500000 2238.843750 10020.000000 152 150 149 
234.843750 2238.843750 10020.000000 149 148 146 
219.187500 2238.843750 10020.000000 148 147 145 
203.531250 2238.843750 10020.000000 151 150 148 
187.875000 2238.843750 10020.000000 151 150 148 
172.218750 2238.843750 10020.000000 150 149 147 
122.195122 1747.390259 7820.487793 151 150 148 
20.310810 322.716217 1444.324341 151 150 149 
18.054054 322.716217 1444.324341 151 150 150 
15.797297 322.716217 1444.324341 150 150 150 
13.540541 322.716217 1444.324341 151 151 151 
11.283784 322.716217 1444.324341 152 152 152 
281.812500 2254.500000 10020.000000 150 149 149 
266.156250 2254.500000 10020.000000 149 148 149 
250.500000 2254.500000 10020.000000 150 149 149 
234.843750 2254.500000 10020.000000 149 148 148 
219.187500 2254.500000 10020.000000 149 147 147 
203.531250 2254.500000 10020.000000 150 149 149 
187.875000 2254.500000 10020.000000 149 148 148 
172.218750 2254.500000 10020.000000 150 148 148 
122.568810 1764.990845 7844.403809 152 150 150 
20.310810 324.972961 1444.324341 153 152 152 
18.054054 324.972961 1444.324341 152 151 151 
15.797297 324.972961 1444.324341 151 150 151 
13.540541 324.972961 1444.324341 152 150 151 
11.283784 324.972961 1444.324341 152 151 151 
45.113743 344.289093 1519.620850 150 150 150 
42.739338 344.289093 1519.620850 150 150 150 
266.156250 2270.156250 10020.000000 149 149 149 
250.500000 2270.156250 10020.000000 150 149 149 
234.843750 2270.156250 10020.000000 150 148 149 
219.187500 2270.156250 10020.000000 150 148 149 
203.531250 2270.156250 10020.000000 150 148 149 
187.875000 2270.156250 10020.000000 151 149 150 
172.218750 2270.156250 10020.000000 152 150 151 
123.323074 1788.184570 7892.676758 152 150 151 
20.310810 327.229736 1444.324341 152 150 151 
18.054054 327.229736 1444.324341 152 150 151 
15.797297 327.229736 1444.324341 152 150 151 
13.540541 327.229736 1444.324341 152 150 151 
11.283784 327.229736 1444.324341 152 150 151 
45.167259 347.074738 1521.423462 151 151 151 
42.790035 347.074738 1521.423462 151 151 151 
266.156250 2285.812500 10020.000000 152 152 152 
250.500000 2285.812500 10020.000000 151 150 151 
234.843750 2285.812500 10020.000000 151 149 150 
219.187500 2285.812500 10020.000000 151 149 150 
203.531250 2285.812500 10020.000000 151 149 150 
187.875000 2285.812500 10020.000000 153 151 152 
172.218750 2285.812500 10020.000000 153 151 152 
123.323074 1800.516968 7892.676758 152 150 151 
20.310810 329.486481 1444.324341 150 148 149 
18.054054 329.486481 1444.324341 151 149 150 
15.797297 329.486481 1444.324341 152 150 151 
13.540541 329.486481 1444.324341 152 150 151 
11.283784 329.486481 1444.324341 152 150 151 
47.885303 351.957001 1532.329712 151 150 151 
45.301605 350.491364 1525.948853 152 152 152 
42.815430 349.659363 1522.326416 153 153 153 
266.156250 2301.468750 10020.000000 154 153 153 
250.500000 2301.468750 10020.000000 153 151 152 
234.843750 2301.468750 10020.000000 152 150 151 
219.187500 2301.468750 10020.000000 152 150 151 
203.531250 2301.468750 10020.000000 152 150 151 
187.875000 2301.468750 10020.000000 152 150 151 
172.218750 2301.468750 10020.000000 152 150 151 
22.669683 333.244354 1450.859741 152 150 151 
20.310810 331.743256 1444.324341 152 150 150 
18.054054 331.743256 1444.324341 152 150 151 
15.797297 331.743256 1444.324341 152 150 151 
13.540541 331.743256 1444.324341 152 150 151 
11.283784 331.743256 1444.324341 152 150 151 
47.885303 354.351257 1532.329712 151 150 150 
45.328571 353.085724 1526.857178 152 151 151 
42.840855 352.247040 1523.230347 152 151 152 
40.460808 352.247040 1523.230347 153 151 152 
250.500000 2317.125000 10020.000000 153 151 151 
234.843750 2317.125000 10020.000000 153 151 150 
219.187500 2317.125000 10020.000000 153 151 150 
203.531250 2317.125000 10020.000000 153 151 150 
187.875000 2317.125000 10020.000000 153 152 151 
172.218750 2317.125000 10020.000000 153 152 150 
22.669683 335.511322 1450.859741 152 150 149 
20.310810 334.000000 1444.324341 151 149 148 
18.054054 334.000000 1444.324341 151 149 150 
15.797297 334.000000 1444.324341 151 149 150 
13.540541 334.000000 1444.324341 151 149 150 
11.283784 334.000000 1444.324341 152 150 151 
47.856716 356.532532 1531.414917 152 150 151 
45.328571 355.471436 1526.857178 152 150 151 
42.840855 354.627075 1523.230347 152 150 151 
40.460808 354.627075 1523.230347 152 150 151 
250.500000 2332.781250 10020.000000 152 151 150 
234.843750 2332.781250 10020.000000 153 152 150 
219.187500 2332.781250 10020.000000 153 152 150 
203.531250 2332.781250 10020.000000 153 152 150 
187.875000 2332.781250 10020.000000 153 152 150 
172.218750 2332.781250 10020.000000 153 152 150 
22.669683 337.778290 1450.859741 151 150 148 
20.310810 336.256744 1444.324341 150 149 147 
18.054054 336.256744 1444.324341 151 149 150 
15.797297 336.256744 1444.324341 151 149 150 
13.540541 336.256744 1444.324341 150 148 149 
11.283784 336.256744 1444.324341 151 149 150 
9.027027 336.256744 1444.324341 153 151 152 
47.856716 358.925385 1531.414917 153 151 152 
45.328571 357.857147 1526.857178 152 150 151 
42.840855 357.007141 1523.230347 152 150 151 
40.460808 357.007141 1523.230347 152 150 151 
250.500000 2348.437500 10020.000000 152 151 149 
234.843750 2348.437500 10020.000000 152 151 149 
219.187500 2348.437500 10020.000000 152 151 149 
203.531250 2348.437500 10020.000000 152 151 149 
187.875000 2348.437500 10020.000000 151 150 148 
172.218750 2348.437500 10020.000000 151 150 148 
22.669683 340.045258 1450.859741 151 150 148 
20.310810 338.513519 1444.324341 150 149 147 
18.054054 338.513519 1444.324341 152 150 151 
15.797297 338.513519 1444.324341 151 149 150 
13.540541 338.513519 1444.324341 150 148 149 
11.283784 338.513519 1444.324341 150 148 149 
9.027027 338.513519 1444.324341 152 150 151 
47.856716 361.318207 1531.414917 152 150 151 
45.328571 360.242859 1526.857178 152 150 151 
42.866310 359.600708 1524.135498 152 150 151 
40.484848 359.600708 1524.135498 152 150 151 
250.500000 2364.093750 10020.000000 151 150 149 
234.843750 2364.093750 10020.000000 151 150 148 
219.187500 2364.093750 10020.000000 151 150 148 
203.531250 2364.093750 10020.000000 151 150 148 
187.875000 2364.093750 10020.000000 150 149 147 
172.218750 2364.093750 10020.000000 150 149 147 
22.669683 342.312225 1450.859741 150 149 147 
20.310810 340.770264 1444.324341 151 150 148 
18.054054 340.770264 1444.324341 153 151 151 
15.797297 340.770264 1444.324341 152 150 151 
13.540541 340.770264 1444.324341 149 147 148 
11.283784 340.770264 1444.324341 149 147 148 
9.027027 340.770264 1444.324341 149 147 148 
47.828163 363.494049 1530.501221 151 149 150 
45.328571 362.628571 1526.857178 152 150 151 
42.866310 361.982178 1524.135498 152 150 151 
40.460808 361.767212 1523.230347 152 150 150 
250.500000 2379.750000 10020.000000 153 151 151 
234.843750 2379.750000 10020.000000 152 151 151 
219.187500 2379.750000 10020.000000 151 149 149 
203.531250 2379.750000 10020.000000 149 147 147 
187.875000 2379.750000 10020.000000 150 148 148 
172.218750 2379.750000 10020.000000 151 149 149 
22.669683 344.579193 1450.859741 151 150 150 
20.310810 343.027039 1444.324341 152 151 151 
18.054054 343.027039 1444.324341 153 151 152 
15.797297 343.027039 1444.324341 152 150 151 
13.540541 343.027039 1444.324341 149 147 148 
11.283784 343.027039 1444.324341 147 145 146 
9.027027 343.027039 1444.324341 148 146 147 
47.799641 365.667267 1529.588501 152 150 151 
45.328571 365.014282 1526.857178 152 150 151 
42.840855 364.147278 1523.230347 151 149 150 
40.341030 363.069275 1518.721191 151 149 150 
37.968029 363.069275 1518.721191 153 151 152 
234.843750 2395.406250 10020.000000 152 150 151 
219.187500 2395.406250 10020.000000 150 148 149 
203.531250 2395.406250 10020.000000 148 146 147 
187.875000 2395.406250 10020.000000 150 148 149 
157.457138 2190.085693 9161.142578 151 149 150 
22.669683 346.846161 1450.859741 152 150 151 
20.310810 345.283783 1444.324341 152 150 151 
18.054054 345.283783 1444.324341 152 150 151 
15.797297 345.283783 1444.324341 151 149 150 
13.540541 345.283783 1444.324341 149 147 148 
11.283784 345.283783 1444.324341 147 145 146 
9.027027 345.283783 1444.324341 150 148 149 
47.771156 367.837891 1528.677002 152 150 151 
45.301605 367.181427 1525.948853 151 149 150 
42.815430 366.309784 1522.326416 151 149 150 
40.293316 365.010040 1516.924927 150 148 149 
37.923122 365.010040 1516.924927 151 149 150 
234.843750 2411.062500 10020.000000 151 149 150 
219.187500 2411.062500 10020.000000 150 148 149 
203.531250 2411.062500 10020.000000 149 147 148 
187.875000 2411.062500 10020.000000 149 147 148 
157.457138 2204.399902 9161.142578 150 148 149 
22.669683 349.113129 1450.859741 151 149 150 
20.310810 347.540527 1444.324341 151 149 150 
18.054054 347.540527 1444.324341 151 149 150 
15.797297 347.540527 1444.324341 150 148 149 
13.540541 347.540527 1444.324341 150 148 149 
11.283784 347.540527 1444.324341 150 148 149 
9.027027 347.540527 1444.324341 151 149 150 
47.742702 370.005951 1527.766479 151 149 150 
45.274673 369.346008 1525.041626 151 149 150 
42.790035 368.469757 1521.423462 150 148 149 
40.245716 366.946259 1515.132935 149 147 148 
37.878323 366.946259 1515.132935 149 147 148 
234.843750 2426.718750 10020.000000 149 147 148 
219.187500 2426.718750 10020.000000 149 147 148 
203.531250 2426.718750 10020.000000 149 147 148 
187.875000 2426.718750 10020.000000 149 147 148 
157.457138 2218.714355 9161.142578 150 148 149 
22.669683 351.380096 1450.859741 150 148 149 
20.310810 349.797302 1444.324341 151 149 150 
18.054054 349.797302 1444.324341 150 148 149 
15.797297 349.797302 1444.324341 150 148 149 
13.540541 349.797302 1444.324341 151 149 150 
11.283784 349.797302 1444.324341 152 150 151 
9.027027 349.797302 1444.324341 151 149 150 
47.714287 372.171417 1526.857178 151 149 150 
45.220901 371.287415 1523.230347 151 149 150 
42.764671 370.627136 1520.521606 150 148 149 
40.221958 369.095642 1514.238525 150 148 149 
37.855961 369.095642 1514.238525 150 148 149 
234.843750 2442.375000 10020.000000 150 148 149 
219.187500 2442.375000 10020.000000 150 148 149 
203.531250 2442.375000 10020.000000 150 148 149 
187.875000 2442.375000 10020.000000 150 148 149 
157.457138 2233.028564 9161.142578 150 148 149 
22.669683 353.647064 1450.859741 150 148 149 
20.310810 352.054047 1444.324341 150 148 149 
18.054054 352.054047 1444.324341 149 147 148 
15.797297 352.054047 1444.324341 150 148 149 
13.540541 352.054047 1444.324341 151 149 150 
11.283784 352.054047 1444.324341 152 150 151 
9.027027 352.054047 1444.324341 150 148 149 
47.685902 374.334320 1525.948853 152 150 151 
45.194065 373.445709 1522.326416 151 149 150 
42.714031 372.561279 1518.721191 149 147 148 
40.221958 371.461639 1514.238525 150 148 149 
37.855961 371.461639 1514.238525 150 148 149 
234.843750 2458.031250 10020.000000 150 148 149 
219.187500 2458.031250 10020.000000 150 148 149 
203.531250 2458.031250 10020.000000 150 148 149 
187.875000 2458.031250 10020.000000 150 148 149 
157.457138 2247.342773 9161.142578 150 148 149 
22.669683 355.914032 1450.859741 150 148 149 
20.310810 354.310822 1444.324341 150 148 149 
18.054054 354.310822 1444.324341 150 148 149 
15.797297 354.310822 1444.324341 150 148 149 
13.540541 354.310822 1444.324341 151 149 150 
11.283784 354.310822 1444.324341 152 150 151 
9.027027 354.310822 1444.324341 150 148 149 
47.657551 376.494659 1525.041626 151 149 150 
45.194065 375.824341 1522.326416 149 147 148 
42.714031 374.934296 1518.721191 149 147 148 
40.221958 373.827637 1514.238525 150 148 149 
37.855961 373.827637 1514.238525 150 148 149 
234.843750 2473.687500 10020.000000 150 148 149 
219.187500 2473.687500 10020.000000 150 148 149 
203.531250 2473.687500 10020.000000 150 148 149 
187.875000 2473.687500 10020.000000 149 147 148 
157.457138 2261.657227 9161.142578 149 147 148 
22.669683 358.181000 1450.859741 150 148 149 
20.310810 356.567566 1444.324341 151 149 150 
18.054054 356.567566 1444.324341 151 149 150 
15.797297 356.567566 1444.324341 151 149 150 
13.540541 356.567566 1444.324341 151 149 150 
11.283784 356.567566 1444.324341 151 149 150 
9.027027 356.567566 1444.324341 150 148 149 
47.629234 378.652405 1524.135498 148 146 147 
45.194065 378.202972 1522.326416 148 146 147 
42.714031 377.307281 1518.721191 149 147 148 
40.221958 376.193634 1514.238525 151 149 150 
37.766785 375.307434 1510.671387 150 148 149 
35.406361 375.307434 1510.671387 150 148 149 
219.187500 2489.343750 10020.000000 150 148 149 
203.531250 2489.343750 10020.000000 150 148 149 
187.875000 2489.343750 10020.000000 148 146 147 
157.457138 2275.971436 9161.142578 149 147 148 
22.669683 360.447968 1450.859741 151 149 150 
20.310810 358.824310 1444.324341 152 150 151 
18.054054 358.824310 1444.324341 152 150 151 
15.797297 358.824310 1444.324341 152 150 151 
13.540541 358.824310 1444.324341 151 149 150 
11.283784 358.824310 1444.324341 150 148 149 
9.027027 358.824310 1444.324341 149 147 148 
-2645.544678 2103.208008 8465.742188 132 132 131 
-2658.772217 2103.208008 8465.742188 132 132 130 
-2672.000000 2103.208008 8465.742188 131 131 129 
-2685.227783 2103.208008 8465.742188 131 131 129 
-2725.439941 2124.239990 8550.400391 128 128 126 
-2747.959961 2131.344482 8578.997070 128 128 126 
-2761.364502 2131.344482 8578.997070 129 129 127 
47.629234 381.033875 1524.135498 146 145 146 
45.194065 380.581604 1522.326416 147 147 147 
42.739338 379.905212 1519.620850 149 149 149 
40.221958 378.559631 1514.238525 150 149 150 
37.766785 377.667847 1510.671387 149 148 149 
35.406361 377.667847 1510.671387 150 148 149 
219.187500 2505.000000 10020.000000 150 148 149 
203.531250 2505.000000 10020.000000 149 147 148 
187.875000 2505.000000 10020.000000 148 146 147 
148.945953 2166.486572 8665.946289 149 147 148 
22.669683 362.714935 1450.859741 151 149 150 
20.310810 361.081085 1444.324341 152 150 151 
18.054054 361.081085 1444.324341 152 151 150 
15.797297 361.081085 1444.324341 152 150 149 
13.540541 361.081085 1444.324341 151 149 148 
11.283784 361.081085 1444.324341 150 148 147 
9.027027 361.081085 1444.324341 149 148 147 
-2623.657959 2109.473633 8437.894531 132 132 131 
-2636.842041 2109.473633 8437.894531 132 132 131 
-2650.026367 2109.473633 8437.894531 130 130 130 
-2663.210449 2109.473633 8437.894531 129 129 128 
-2676.394775 2109.473633 8437.894531 127 127 127 
-2698.455566 2116.435547 8465.742188 126 126 125 
-2720.662354 2123.443604 8493.774414 127 127 126 
-2733.933838 2123.443604 8493.774414 129 129 128 
-2756.332275 2130.498291 8521.993164 130 130 129 
47.657551 383.643280 1525.041626 147 147 147 
45.220901 383.187653 1523.230347 148 148 148 
42.764671 382.506226 1520.521606 150 150 150 
40.221958 380.925629 1514.238525 150 149 150 
37.766785 380.028259 1510.671387 149 148 148 
35.406361 380.028259 1510.671387 150 148 149 
219.187500 2520.656250 10020.000000 149 147 148 
203.531250 2520.656250 10020.000000 147 145 146 
187.875000 2520.656250 10020.000000 147 145 146 
148.945953 2180.027100 8665.946289 149 147 148 
22.669683 364.981903 1450.859741 152 150 151 
20.310810 363.337830 1444.324341 151 149 150 
18.054054 363.337830 1444.324341 152 150 149 
15.797297 363.337830 1444.324341 152 151 149 
13.540541 363.337830 1444.324341 151 150 148 
11.283784 363.337830 1444.324341 150 149 147 
9.027027 363.337830 1444.324341 149 148 146 
-2636.842041 2122.657959 8437.894531 131 131 130 
-2650.026367 2122.657959 8437.894531 130 130 130 
-2663.210449 2122.657959 8437.894531 129 129 129 
-2676.394775 2122.657959 8437.894531 127 127 127 
-2689.578857 2122.657959 8437.894531 127 127 127 
-2711.683105 2129.663330 8465.742188 127 127 127 
-2724.910889 2129.663330 8465.742188 129 129 129 
-2747.205322 2136.715332 8493.774414 130 130 130 
-2769.647949 2143.813965 8521.993164 130 130 129 
47.685902 386.255798 1525.948853 148 148 148 
45.247772 385.796783 1524.135498 149 149 149 
42.764671 384.882050 1520.521606 150 150 150 
40.221958 383.291626 1514.238525 149 149 149 
37.766785 382.388702 1510.671387 149 148 148 
35.406361 382.388702 1510.671387 150 148 149 
219.187500 2536.312500 10020.000000 148 146 147 
203.531250 2536.312500 10020.000000 146 144 145 
187.875000 2536.312500 10020.000000 147 145 146 
148.945953 2193.567627 8665.946289 149 147 148 
22.669683 367.248871 1450.859741 152 150 151 
20.310810 365.594604 1444.324341 151 149 150 
18.054054 365.594604 1444.324341 152 150 149 
15.797297 365.594604 1444.324341 152 151 149 
13.540541 365.594604 1444.324341 151 150 148 
11.283784 365.594604 1444.324341 150 149 147 
9.027027 365.594604 1444.324341 150 149 147 
-2645.544678 2142.891113 8465.742188 130 130 129 
-2650.026367 2135.842041 8437.894531 129 129 129 
-2663.210449 2135.842041 8437.894531 129 129 129 
-2676.394775 2135.842041 8437.894531 128 128 128 
-2689.578857 2135.842041 8437.894531 129 129 129 
-2711.683105 2142.891113 8465.742188 129 129 129 
-2724.910889 2142.891113 8465.742188 129 129 129 
-2738.138672 2142.891113 8465.742188 130 130 130 
-2760.476807 2149.986816 8493.774414 131 131 129 
47.685902 388.640106 1525.948853 149 149 149 
45.247772 388.178253 1524.135498 150 150 150 
42.790035 387.487549 1521.423462 151 151 151 
40.245716 385.885406 1515.132935 149 149 149 
37.744556 384.522675 1509.782227 149 148 149 
35.385521 384.522675 1509.782227 150 148 149 
219.187500 2551.968750 10020.000000 148 146 147 
203.531250 2551.968750 10020.000000 144 142 143 
187.875000 2551.968750 10020.000000 146 144 145 
148.945953 2207.108154 8665.946289 149 147 148 
22.669683 369.515839 1450.859741 151 149 150 
20.310810 367.851349 1444.324341 151 150 150 
18.054054 367.851349 1444.324341 152 151 150 
15.797297 367.851349 1444.324341 152 151 149 
13.540541 367.851349 1444.324341 151 149 148 
11.283784 367.851349 1444.324341 150 149 147 
9.027027 367.851349 1444.324341 150 149 147 
-2650.026367 2149.026367 8437.894531 129 129 129 
-2663.210449 2149.026367 8437.894531 129 129 129 
-2676.394775 2149.026367 8437.894531 130 130 130 
-2689.578857 2149.026367 8437.894531 130 130 130 
-2711.683105 2156.118896 8465.742188 130 130 130 
-2724.910889 2156.118896 8465.742188 130 130 130 
-2738.138672 2156.118896 8465.742188 130 130 130 
-2760.476807 2163.258301 8493.774414 131 131 130 
47.714287 391.257141 1526.857178 149 149 149 
45.274673 390.791901 1525.041626 149 149 149 
42.790035 389.864777 1521.423462 150 150 150 
40.245716 388.252808 1515.132935 150 150 150 
37.744556 386.881683 1509.782227 150 149 148 
35.385521 386.881683 1509.782227 151 150 149 
219.187500 2567.625000 10020.000000 149 148 147 
203.531250 2567.625000 10020.000000 145 144 143 
171.771423 2347.542969 9161.142578 148 146 145 
148.945953 2220.648682 8665.946289 150 149 147 
22.669683 371.782806 1450.859741 151 149 148 
20.310810 370.108124 1444.324341 152 151 150 
18.054054 370.108124 1444.324341 154 152 152 
15.797297 370.108124 1444.324341 152 150 151 
13.540541 370.108124 1444.324341 149 147 147 
11.283784 370.108124 1444.324341 147 145 145 
9.027027 370.108124 1444.324341 148 147 147 
-2650.026367 2162.210449 8437.894531 130 130 130 
-2663.210449 2162.210449 8437.894531 131 131 131 
-2667.619629 2155.121338 8410.229492 131 131 131 
-2680.760742 2155.121338 8410.229492 131 131 131 
-2702.763184 2162.210449 8437.894531 130 130 130 
-2715.947266 2162.210449 8437.894531 129 129 129 
-2729.131592 2162.210449 8437.894531 130 130 130 
-2751.366455 2169.346436 8465.742188 131 131 131 
47.714287 393.642853 1526.857178 149 149 149 
45.274673 393.174805 1525.041626 148 148 148 
42.790035 392.242004 1521.423462 149 149 149 
40.245716 390.620209 1515.132935 150 150 150 
37.744556 389.240723 1509.782227 151 150 149 
35.385521 389.240723 1509.782227 152 151 149 
219.187500 2583.281250 10020.000000 150 149 147 
203.531250 2583.281250 10020.000000 147 146 144 
171.771423 2361.857178 9161.142578 149 148 146 
141.307693 2119.615479 8221.538086 150 149 147 
22.669683 374.049774 1450.859741 150 149 147 
20.310810 372.364868 1444.324341 152 151 149 
18.054054 372.364868 1444.324341 156 154 154 
15.797297 372.364868 1444.324341 154 152 153 
13.540541 372.364868 1444.324341 150 148 149 
11.283784 372.364868 1444.324341 148 146 147 
9.027027 372.364868 1444.324341 148 146 147 
-2650.026367 2175.394775 8437.894531 130 130 130 
-2663.210449 2175.394775 8437.894531 131 131 131 
-2667.619629 2168.262207 8410.229492 132 132 132 
-2680.760742 2168.262207 8410.229492 131 131 131 
-2702.763184 2175.394775 8437.894531 129 129 129 
-2715.947266 2175.394775 8437.894531 129 129 129 
-2729.131592 2175.394775 8437.894531 130 130 130 
-2742.315674 2175.394775 8437.894531 131 131 131 
47.714287 396.028564 1526.857178 148 148 148 
45.301605 395.792969 1525.948853 148 148 148 
42.815430 394.853424 1522.326416 149 149 149 
40.245716 392.987610 1515.132935 150 150 150 
37.722355 391.369415 1508.894165 152 151 149 
35.364704 391.369415 1508.894165 151 150 148 
219.187500 2598.937500 10020.000000 149 148 146 
203.531250 2598.937500 10020.000000 149 148 146 
171.771423 2376.171387 9161.142578 150 149 147 
141.307693 2132.461426 8221.538086 150 149 147 
22.669683 376.316742 1450.859741 150 149 147 
20.310810 374.621613 1444.324341 152 151 149 
18.054054 374.621613 1444.324341 156 154 154 
15.797297 374.621613 1444.324341 154 152 153 
13.540541 374.621613 1444.324341 151 149 150 
11.283784 374.621613 1444.324341 150 148 149 
9.027027 374.621613 1444.324341 150 148 149 
-2650.026367 2188.578857 8437.894531 130 130 130 
-2663.210449 2188.578857 8437.894531 131 131 131 
-2676.394775 2188.578857 8437.894531 132 132 132 
-2689.578857 2188.578857 8437.894531 130 130 130 
-2702.763184 2188.578857 8437.894531 128 128 128 
-2715.947266 2188.578857 8437.894531 128 128 128 
-2720.183594 2181.403320 8410.229492 129 129 129 
-2733.324707 2181.403320 8410.229492 131 131 131 
47.742702 398.651581 1527.766479 148 148 148 
45.301605 398.177277 1525.948853 148 148 148 
42.815430 397.232056 1522.326416 149 149 149 
40.245716 395.354980 1515.132935 150 150 150 
37.722355 393.727051 1508.894165 152 151 150 
35.364704 393.727051 1508.894165 150 149 147 
219.187500 2614.593750 10020.000000 149 148 146 
203.531250 2614.593750 10020.000000 151 150 148 
171.771423 2390.485840 9161.142578 151 150 148 
141.307693 2145.307617 8221.538086 150 149 147 
22.669683 378.583710 1450.859741 150 149 147 
20.310810 376.878387 1444.324341 152 151 149 
18.054054 376.878387 1444.324341 153 151 152 
15.797297 376.878387 1444.324341 151 149 150 
13.540541 376.878387 1444.324341 149 147 148 
11.283784 376.878387 1444.324341 149 147 148 
9.027027 376.878387 1444.324341 149 147 148 
-2663.210449 2201.763184 8437.894531 131 131 131 
-2676.394775 2201.763184 8437.894531 132 132 132 
-2689.578857 2201.763184 8437.894531 130 130 130 
-2702.763184 2201.763184 8437.894531 128 128 128 
-2715.947266 2201.763184 8437.894531 128 128 128 
-2720.183594 2194.544189 8410.229492 129 129 129 
-2715.517822 2180.247559 8355.439453 130 130 130 
47.742702 401.038727 1527.766479 151 149 150 
45.274673 400.323425 1525.041626 150 148 149 
42.790035 399.373657 1521.423462 150 148 149 
40.221958 397.487610 1514.238525 151 149 150 
37.700176 395.851868 1508.007080 152 150 150 
35.343914 395.851868 1508.007080 150 149 149 
219.187500 2630.250000 10020.000000 150 148 148 
203.531250 2630.250000 10020.000000 151 150 150 
171.771423 2404.800049 9161.142578 151 149 149 
141.307693 2158.153809 8221.538086 150 149 149 
22.669683 380.850677 1450.859741 151 149 149 
20.310810 379.135132 1444.324341 152 150 150 
18.054054 379.135132 1444.324341 150 148 149 
15.797297 379.135132 1444.324341 149 147 148 
13.540541 379.135132 1444.324341 147 145 146 
11.283784 379.135132 1444.324341 147 145 146 
9.027027 379.135132 1444.324341 148 146 147 
-2672.000000 2222.257324 8465.742188 132 132 132 
-2676.394775 2214.947266 8437.894531 132 132 132 
-2689.578857 2214.947266 8437.894531 130 130 130 
-2702.763184 2214.947266 8437.894531 129 129 129 
-2715.947266 2214.947266 8437.894531 129 129 129 
-2702.462646 2193.302979 8355.439453 130 130 130 
-2706.701416 2186.181885 8328.311523 130 130 130 
47.714287 403.185730 1526.857178 151 149 150 
45.247772 402.467010 1524.135498 150 148 149 
42.764671 401.512756 1520.521606 150 148 149 
40.174530 399.382080 1512.452881 151 149 150 
37.655903 397.740448 1506.236084 152 150 151 
35.302406 397.740448 1506.236084 150 148 149 
219.187500 2645.906250 10020.000000 150 148 149 
203.531250 2645.906250 10020.000000 151 149 150 
171.771423 2419.114258 9161.142578 150 148 149 
148.945953 2288.351318 8665.946289 149 147 148 
22.669683 383.117645 1450.859741 150 148 149 
20.310810 381.391907 1444.324341 150 148 149 
18.054054 381.391907 1444.324341 148 146 147 
15.797297 381.391907 1444.324341 146 144 145 
13.540541 381.391907 1444.324341 146 144 145 
11.283784 381.391907 1444.324341 145 143 144 
9.027027 381.391907 1444.324341 147 145 146 
-2672.000000 2235.485107 8465.742188 133 133 133 
-2676.394775 2228.131592 8437.894531 132 132 132 
-2689.578857 2228.131592 8437.894531 131 131 131 
-2702.763184 2228.131592 8437.894531 130 130 130 
-2715.947266 2228.131592 8437.894531 130 130 130 
-2702.462646 2206.358398 8355.439453 130 130 130 
-2706.701416 2199.194824 8328.311523 131 131 131 
47.685902 405.330170 1525.948853 151 149 150 
45.194065 404.367950 1522.326416 149 147 148 
42.714031 403.410309 1518.721191 149 147 148 
40.150856 401.508545 1511.561523 150 148 149 
37.611729 399.624634 1504.469238 151 149 150 
35.260998 399.624634 1504.469238 149 147 148 
219.187500 2661.562500 10020.000000 149 147 148 
203.531250 2661.562500 10020.000000 150 148 149 
171.771423 2433.428467 9161.142578 149 147 148 
148.945953 2301.891846 8665.946289 149 147 148 
22.567568 383.648651 1444.324341 149 147 148 
20.310810 383.648651 1444.324341 150 148 149 
18.054054 383.648651 1444.324341 148 146 147 
15.797297 383.648651 1444.324341 146 144 145 
13.540541 383.648651 1444.324341 145 143 144 
11.283784 383.648651 1444.324341 145 143 144 
9.027027 383.648651 1444.324341 147 145 146 
-2672.000000 2248.712891 8465.742188 133 133 133 
-2685.227783 2248.712891 8465.742188 132 132 132 
-2689.578857 2241.315674 8437.894531 131 131 131 
-2702.763184 2241.315674 8437.894531 131 131 131 
-2707.042725 2233.967285 8410.229492 131 131 131 
-2702.462646 2219.413574 8355.439453 131 131 131 
-2715.517822 2219.413574 8355.439453 131 131 131 
-2595.542236 2052.289062 7726.265137 128 128 128 
-2584.262695 2033.910400 7657.074707 128 128 128 
-2588.500000 2027.857178 7634.285645 129 129 129 
-2608.191162 2033.910400 7657.074707 129 129 129 
47.657551 407.472046 1525.041626 150 148 149 
45.167259 406.505341 1521.423462 149 147 148 
42.688759 405.543182 1517.822510 148 146 147 
40.150856 403.870361 1511.561523 150 148 149 
37.611729 401.975372 1504.469238 150 148 149 
35.260998 401.975372 1504.469238 149 147 148 
219.187500 2677.218750 10020.000000 148 146 147 
203.531250 2677.218750 10020.000000 150 148 149 
171.771423 2447.742920 9161.142578 149 147 148 
148.945953 2315.432373 8665.946289 150 148 149 
22.567568 385.905396 1444.324341 150 148 149 
20.310810 385.905396 1444.324341 151 149 150 
18.054054 385.905396 1444.324341 150 148 149 
15.797297 385.905396 1444.324341 149 147 148 
13.540541 385.905396 1444.324341 148 146 147 
11.283784 385.905396 1444.324341 148 146 147 
9.027027 385.905396 1444.324341 148 146 147 
-2672.000000 2261.940674 8465.742188 133 133 133 
-2685.227783 2261.940674 8465.742188 132 132 132 
-2689.578857 2254.500000 8437.894531 131 131 131 
-2693.901611 2247.108154 8410.229492 132 132 132 
-2698.196045 2239.764648 8382.745117 132 132 132 
-2693.688232 2225.220703 8328.311523 132 132 132 
-2697.941650 2218.019531 8301.359375 131 131 131 
-2583.469971 2064.361328 7726.265137 129 129 129 
-2580.000000 2052.000000 7680.000000 128 128 128 
-2584.262695 2045.874634 7657.074707 128 128 128 
-2588.500000 2039.785767 7634.285645 128 128 128 
-2608.191162 2045.874634 7657.074707 128 128 128 
-2620.155273 2045.874634 7657.074707 126 126 126 
-2632.119385 2045.874634 7657.074707 124 124 124 
-2644.083496 2045.874634 7657.074707 126 126 126 
47.657551 409.854950 1525.041626 147 147 147 
45.167259 408.882568 1521.423462 148 147 147 
42.688759 407.914795 1517.822510 148 147 147 
40.150856 406.232178 1511.561523 148 147 148 
37.633804 404.563385 1505.352173 149 148 148 
35.281689 404.563385 1505.352173 149 147 148 
219.187500 2692.875000 10020.000000 148 146 147 
203.531250 2692.875000 10020.000000 148 146 147 
171.771423 2462.057129 9161.142578 148 146 147 
147.946304 2313.342285 8607.785156 148 146 147 
22.567568 388.162170 1444.324341 150 148 149 
20.310810 388.162170 1444.324341 151 149 150 
18.054054 388.162170 1444.324341 151 149 150 
15.797297 388.162170 1444.324341 149 147 148 
13.540541 388.162170 1444.324341 150 148 149 
11.283784 388.162170 1444.324341 147 145 146 
9.027027 388.162170 1444.324341 146 144 145 
-2685.227783 2275.168213 8465.742188 132 132 132 
-2698.455566 2275.168213 8465.742188 130 130 130 
-2693.901611 2260.249268 8410.229492 130 130 130 
-2698.196045 2252.862793 8382.745117 131 131 131 
-2684.970947 2230.990234 8301.359375 132 132 132 
-2663.463379 2202.479248 8195.271484 131 131 131 
-2642.498535 2174.687744 8091.861328 130 130 130 
-2655.141846 2174.687744 8091.861328 130 130 130 
-2583.469971 2076.433838 7726.265137 129 129 129 
-2580.000000 2064.000000 7680.000000 129 129 129 
-2592.000000 2064.000000 7680.000000 128 128 128 
-2604.000000 2064.000000 7680.000000 128 128 128 
-2616.000000 2064.000000 7680.000000 129 129 129 
-2628.000000 2064.000000 7680.000000 128 128 128 
-2632.119385 2057.838867 7657.074707 128 128 128 
-2644.083496 2057.838867 7657.074707 129 129 129 
-2656.047852 2057.838867 7657.074707 130 130 130 
47.714287 412.728577 1526.857178 145 145 145 
45.220901 411.748230 1523.230347 145 145 145 
42.739338 410.772522 1519.620850 145 145 145 
40.174530 408.834900 1512.452881 145 145 145 
37.678024 407.393646 1507.121094 146 145 146 
35.323151 407.393646 1507.121094 147 145 146 
219.187500 2708.531250 10020.000000 147 145 146 
203.531250 2708.531250 10020.000000 147 145 146 
171.771423 2476.371338 9161.142578 147 145 146 
145.026321 2280.868408 8437.894531 147 145 146 
22.567568 390.418915 1444.324341 149 147 148 
20.310810 390.418915 1444.324341 150 148 149 
18.054054 390.418915 1444.324341 150 148 149 
15.797297 390.418915 1444.324341 149 147 148 
13.540541 390.418915 1444.324341 149 147 148 
11.283784 390.418915 1444.324341 146 144 145 
9.027027 390.418915 1444.324341 145 143 144 
-2693.688232 2251.246826 8328.311523 128 128 128 
-2629.854980 2187.331299 8091.861328 128 128 128 
-2601.465820 2153.366455 7966.211426 129 129 129 
-2589.784668 2133.489258 7892.676758 129 129 129 
-2602.116943 2133.489258 7892.676758 129 129 129 
-2614.449219 2133.489258 7892.676758 128 128 128 
-2571.397705 2088.506104 7726.265137 128 128 128 
-2575.711670 2082.234131 7703.062988 129 129 129 
-2580.000000 2076.000000 7680.000000 130 130 130 
-2592.000000 2076.000000 7680.000000 129 129 129 
-2604.000000 2076.000000 7680.000000 129 129 129 
-2616.000000 2076.000000 7680.000000 129 129 129 
-2628.000000 2076.000000 7680.000000 129 129 129 
-2640.000000 2076.000000 7680.000000 128 128 128 
-2644.083496 2069.802979 7657.074707 128 128 128 
-2656.047852 2069.802979 7657.074707 128 128 128 
-2660.071533 2063.642822 7634.285645 128 128 128 
47.742702 415.361511 1527.766479 145 145 145 
45.274673 414.620697 1525.041626 145 145 145 
42.790035 413.637024 1521.423462 145 145 145 
40.221958 411.683594 1514.238525 145 144 144 
37.722355 410.230591 1508.894165 145 144 144 
35.364704 410.230591 1508.894165 146 144 145 
219.187500 2724.187500 10020.000000 147 145 146 
203.531250 2724.187500 10020.000000 147 145 146 
171.771423 2490.685791 9161.142578 147 145 146 
141.307693 2235.230713 8221.538086 147 145 146 
22.567568 392.675690 1444.324341 148 146 147 
20.310810 392.675690 1444.324341 148 146 147 
18.054054 392.675690 1444.324341 149 147 148 
15.797297 392.675690 1444.324341 150 148 149 
13.540541 392.675690 1444.324341 148 146 147 
11.283784 392.675690 1444.324341 146 144 145 
9.027027 392.675690 1444.324341 146 144 145 
-2597.084229 2172.560791 7991.027832 126 126 126 
-2561.687988 2132.697266 7844.403809 127 127 127 
-2542.839844 2106.924561 7749.607422 128 128 128 
-2539.603516 2094.270264 7703.062988 129 129 129 
-2544.000000 2088.000000 7680.000000 128 128 128 
-2556.000000 2088.000000 7680.000000 128 128 128 
-2560.334229 2081.767090 7657.074707 129 129 129 
-2580.000000 2088.000000 7680.000000 130 130 130 
-2592.000000 2088.000000 7680.000000 129 129 129 
-2604.000000 2088.000000 7680.000000 129 129 129 
-2623.855957 2094.270264 7703.062988 128 128 128 
-2635.891846 2094.270264 7703.062988 127 127 127 
-2640.000000 2088.000000 7680.000000 127 127 127 
-2652.000000 2088.000000 7680.000000 127 127 127 
-2656.047852 2081.767090 7657.074707 127 127 127 
-2668.011963 2081.767090 7657.074707 127 127 127 
-2679.976074 2081.767090 7657.074707 127 127 127 
47.742702 417.748657 1527.766479 146 146 146 
45.301605 417.251648 1525.948853 146 146 146 
42.790035 416.014221 1521.423462 146 146 146 
40.245716 414.294159 1515.132935 147 146 146 
37.855961 414.049591 1514.238525 147 146 146 
223.494431 2607.435059 9535.761719 148 146 147 
219.187500 2739.843750 10020.000000 150 148 149 
203.531250 2739.843750 10020.000000 151 149 150 
171.771423 2505.000000 9161.142578 149 147 148 
141.307693 2248.076904 8221.538086 147 145 146 
22.567568 394.932434 1444.324341 147 145 146 
20.310810 394.932434 1444.324341 147 145 146 
18.054054 394.932434 1444.324341 148 146 147 
15.797297 394.932434 1444.324341 151 149 150 
13.540541 394.932434 1444.324341 148 146 147 
11.283784 394.932434 1444.324341 146 144 145 
9.027027 394.932434 1444.324341 146 144 145 
-2549.431152 2144.954102 7844.403809 126 126 126 
-2530.731201 2119.033203 7749.607422 126 126 126 
-2520.000000 2100.000000 7680.000000 128 128 128 
-2524.441895 2093.731445 7657.074707 129 129 129 
-2536.406006 2093.731445 7657.074707 128 128 128 
-2548.370117 2093.731445 7657.074707 128 128 128 
-2560.334229 2093.731445 7657.074707 129 129 129 
-2572.298584 2093.731445 7657.074707 130 130 130 
-2592.000000 2100.000000 7680.000000 130 130 130 
-2611.819824 2106.306396 7703.062988 129 129 129 
-2623.855957 2106.306396 7703.062988 127 127 127 
-2635.891846 2106.306396 7703.062988 125 125 125 
-2647.927979 2106.306396 7703.062988 125 125 125 
-2652.000000 2100.000000 7680.000000 125 125 125 
-2664.000000 2100.000000 7680.000000 125 125 125 
-2676.000000 2100.000000 7680.000000 126 126 126 
47.742702 420.135803 1527.766479 146 146 146 
45.301605 419.635925 1525.948853 145 145 145 
42.815430 418.639771 1522.326416 145 145 145 
40.269505 416.907806 1516.028320 147 147 147 
37.900711 416.907806 1516.028320 148 147 147 
223.494431 2622.334473 9535.761719 150 148 147 
171.771423 2519.314209 9161.142578 148 147 146 
141.307693 2260.923096 8221.538086 147 146 145 
22.669683 398.986420 1450.859741 146 145 144 
20.310810 397.189178 1444.324341 146 145 144 
18.054054 397.189178 1444.324341 146 145 145 
15.797297 397.189178 1444.324341 148 148 148 
13.540541 397.189178 1444.324341 148 147 148 
11.283784 397.189178 1444.324341 147 146 146 
9.027027 397.189178 1444.324341 147 146 146 
-2526.254639 2137.600098 7773.090820 129 129 129 
-2508.000000 2112.000000 7680.000000 128 128 128 
-2505.000000 2099.428467 7634.285645 127 127 127 
-2516.928467 2099.428467 7634.285645 126 126 126 
-2528.857178 2099.428467 7634.285645 126 126 126 
-2540.785645 2099.428467 7634.285645 126 126 126 
-2552.714355 2099.428467 7634.285645 127 127 127 
-2572.298584 2105.695557 7657.074707 129 129 129 
-2592.000000 2112.000000 7680.000000 129 129 129 
-2611.819824 2118.342285 7703.062988 128 128 128 
-2623.855957 2118.342285 7703.062988 128 128 128 
-2635.891846 2118.342285 7703.062988 127 127 127 
-2647.927979 2118.342285 7703.062988 125 125 125 
-2652.000000 2112.000000 7680.000000 124 124 124 
-2664.000000 2112.000000 7680.000000 125 125 125 
47.742702 422.522919 1527.766479 147 147 147 
45.301605 422.020233 1525.948853 145 145 145 
42.815430 421.018402 1522.326416 145 145 145 
40.269505 419.276611 1516.028320 147 147 147 
37.900711 419.276611 1516.028320 148 147 146 
221.029419 2608.146973 9430.587891 149 148 146 
171.771423 2533.628662 9161.142578 144 143 141 
144.550827 2325.954102 8410.229492 144 143 141 
22.669683 401.253387 1450.859741 144 143 141 
20.310810 399.445953 1444.324341 144 143 141 
18.054054 399.445953 1444.324341 145 145 145 
15.797297 399.445953 1444.324341 147 147 147 
13.540541 399.445953 1444.324341 148 148 148 
11.283784 399.445953 1444.324341 146 146 146 
9.027027 399.445953 1444.324341 144 144 144 
-2526.254639 2149.745361 7773.090820 130 130 130 
-2500.513428 2117.659668 7657.074707 129 129 129 
-2505.000000 2111.357178 7634.285645 127 127 127 
-2516.928467 2111.357178 7634.285645 125 125 125 
-2528.857178 2111.357178 7634.285645 123 123 123 
-2540.785645 2111.357178 7634.285645 122 122 122 
-2552.714355 2111.357178 7634.285645 123 123 123 
-2564.642822 2111.357178 7634.285645 126 126 126 
-2592.000000 2124.000000 7680.000000 128 128 128 
-2604.000000 2124.000000 7680.000000 128 128 128 
-2623.855957 2130.378418 7703.062988 128 128 128 
-2635.891846 2130.378418 7703.062988 128 128 128 
-2647.927979 2130.378418 7703.062988 126 126 126 
-2652.000000 2124.000000 7680.000000 125 125 125 
-2664.000000 2124.000000 7680.000000 125 125 125 
47.714287 424.657135 1526.857178 149 149 149 
45.274673 424.152191 1525.041626 147 147 147 
42.815430 423.397034 1522.326416 146 146 146 
40.269505 421.645386 1516.028320 147 147 147 
37.900711 421.645386 1516.028320 148 147 146 
221.029419 2622.882324 9430.587891 148 147 145 
171.771423 2547.942871 9161.142578 141 140 138 
144.550827 2339.094971 8410.229492 141 140 138 
22.669683 403.520355 1450.859741 142 141 139 
20.310810 401.702698 1444.324341 143 143 141 
18.054054 401.702698 1444.324341 146 146 145 
15.797297 401.702698 1444.324341 148 148 148 
13.540541 401.702698 1444.324341 148 148 148 
11.283784 401.702698 1444.324341 145 145 145 
9.027027 401.702698 1444.324341 142 142 142 
-2500.513428 2129.623779 7657.074707 129 129 129 
-2505.000000 2123.285645 7634.285645 128 128 128 
-2516.928467 2123.285645 7634.285645 127 127 127 
-2528.857178 2123.285645 7634.285645 126 126 126 
-2540.785645 2123.285645 7634.285645 124 124 124 
-2552.714355 2123.285645 7634.285645 124 124 124 
-2564.642822 2123.285645 7634.285645 126 126 126 
-2584.262695 2129.623779 7657.074707 128 128 128 
-2604.000000 2136.000000 7680.000000 128 128 128 
-2616.000000 2136.000000 7680.000000 128 128 128 
-2628.000000 2136.000000 7680.000000 128 128 128 
-2640.000000 2136.000000 7680.000000 128 128 128 
-2644.083496 2129.623779 7657.074707 127 127 127 
-2656.047852 2129.623779 7657.074707 124 124 124 
47.714287 427.042847 1526.857178 151 151 151 
45.247772 426.281647 1524.135498 149 149 149 
42.815430 425.775665 1522.326416 147 147 147 
40.269505 424.014191 1516.028320 148 148 147 
37.900711 424.014191 1516.028320 148 147 146 
221.845016 2647.350586 9465.387695 148 147 145 
171.771423 2562.257080 9161.142578 141 140 138 
143.142853 2329.324707 8328.311523 143 142 140 
22.669683 405.787323 1450.859741 145 144 142 
20.310810 403.959473 1444.324341 146 145 143 
18.054054 403.959473 1444.324341 148 148 147 
15.797297 403.959473 1444.324341 149 149 149 
13.540541 403.959473 1444.324341 148 148 148 
11.283784 403.959473 1444.324341 145 145 145 
-2493.071533 2135.214355 7634.285645 129 129 129 
-2505.000000 2135.214355 7634.285645 129 129 129 
-2516.928467 2135.214355 7634.285645 128 128 128 
-2521.353027 2128.878418 7611.631836 127 127 127 
-2533.246338 2128.878418 7611.631836 126 126 126 
-2552.714355 2135.214355 7634.285645 125 125 125 
-2564.642822 2135.214355 7634.285645 126 126 126 
-2584.262695 2141.588135 7657.074707 127 127 127 
-2596.226807 2141.588135 7657.074707 128 128 128 
-2616.000000 2148.000000 7680.000000 128 128 128 
-2628.000000 2148.000000 7680.000000 128 128 128 
-2640.000000 2148.000000 7680.000000 129 129 129 
-2644.083496 2141.588135 7657.074707 128 128 128 
-2656.047852 2141.588135 7657.074707 124 124 124 
-2668.011963 2141.588135 7657.074707 121 121 121 
47.685902 429.173126 1525.948853 148 147 148 
45.220901 428.408539 1523.230347 147 146 147 
42.790035 427.900360 1521.423462 147 146 147 
40.269505 426.382965 1516.028320 148 146 147 
37.900711 426.382965 1516.028320 148 146 146 
221.845016 2662.140137 9465.387695 147 145 145 
171.771423 2576.571533 9161.142578 143 141 141 
141.762054 2319.742676 8247.974609 145 144 144 
22.669683 408.054291 1450.859741 148 146 146 
20.310810 406.216217 1444.324341 149 147 147 
18.054054 406.216217 1444.324341 150 148 149 
15.797297 406.216217 1444.324341 150 149 150 
13.540541 406.216217 1444.324341 150 148 149 
11.283784 406.216217 1444.324341 149 147 148 
-2500.513428 2153.552246 7657.074707 128 128 128 
-2505.000000 2147.142822 7634.285645 128 128 128 
-2516.928467 2147.142822 7634.285645 128 128 128 
-2528.857178 2147.142822 7634.285645 127 127 127 
-2533.246338 2140.771484 7611.631836 125 125 125 
-2552.714355 2147.142822 7634.285645 124 124 124 
-2564.642822 2147.142822 7634.285645 125 125 125 
-2584.262695 2153.552246 7657.074707 125 125 125 
-2596.226807 2153.552246 7657.074707 127 127 127 
-2608.191162 2153.552246 7657.074707 127 127 127 
-2628.000000 2160.000000 7680.000000 127 127 127 
-2632.119385 2153.552246 7657.074707 129 129 129 
-2644.083496 2153.552246 7657.074707 129 129 129 
-2648.142822 2147.142822 7634.285645 127 127 127 
-2660.071533 2147.142822 7634.285645 124 124 124 
-2672.000000 2147.142822 7634.285645 121 121 121 
47.657551 431.300842 1525.041626 147 145 146 
45.194065 430.532928 1522.326416 146 144 145 
42.764671 430.022522 1520.521606 147 145 146 
40.245716 428.498535 1515.132935 148 146 147 
37.878323 428.498535 1515.132935 148 146 147 
221.845016 2676.929932 9465.387695 148 146 147 
219.187500 2833.781250 10020.000000 148 146 147 
203.531250 2833.781250 10020.000000 147 145 146 
171.771423 2590.885742 9161.142578 146 144 145 
141.762054 2332.630127 8247.974609 147 145 146 
22.669683 410.321259 1450.859741 149 147 148 
20.310810 408.472961 1444.324341 149 147 148 
18.054054 408.472961 1444.324341 149 147 148 
15.797297 408.472961 1444.324341 149 147 148 
13.540541 408.472961 1444.324341 149 147 148 
11.283784 408.472961 1444.324341 149 147 148 
-2508.000000 2172.000000 7680.000000 128 128 128 
-2512.477539 2165.516357 7657.074707 128 128 128 
-2516.928467 2159.071533 7634.285645 128 128 128 
-2528.857178 2159.071533 7634.285645 127 127 127 
-2540.785645 2159.071533 7634.285645 125 125 125 
-2552.714355 2159.071533 7634.285645 124 124 124 
-2564.642822 2159.071533 7634.285645 125 125 125 
-2584.262695 2165.516357 7657.074707 125 125 125 
-2596.226807 2165.516357 7657.074707 127 127 127 
-2616.000000 2172.000000 7680.000000 127 127 127 
-2628.000000 2172.000000 7680.000000 126 126 126 
-2632.119385 2165.516357 7657.074707 126 126 126 
-2644.083496 2165.516357 7657.074707 128 128 128 
-2648.142822 2159.071533 7634.285645 128 128 128 
-2660.071533 2159.071533 7634.285645 127 127 127 
-2672.000000 2159.071533 7634.285645 125 125 125 
-2683.928467 2159.071533 7634.285645 125 125 125 
47.629234 433.426025 1524.135498 147 145 146 
45.167259 432.654816 1521.423462 146 144 145 
42.764671 432.398346 1520.521606 147 145 146 
40.245716 430.865906 1515.132935 148 146 147 
37.878323 430.865906 1515.132935 149 147 148 
221.845016 2691.719482 9465.387695 149 147 148 
219.187500 2849.437500 10020.000000 150 148 149 
203.531250 2849.437500 10020.000000 151 149 150 
171.771423 2605.199951 9161.142578 148 146 147 
148.444443 2456.080811 8636.767578 148 146 147 
22.669683 412.588226 1450.859741 149 147 148 
20.310810 410.729736 1444.324341 148 146 147 
18.054054 410.729736 1444.324341 150 148 149 
15.797297 410.729736 1444.324341 151 149 150 
13.540541 410.729736 1444.324341 151 149 150 
11.283784 410.729736 1444.324341 150 148 149 
-2508.000000 2184.000000 7680.000000 128 128 128 
-2512.477539 2177.480713 7657.074707 128 128 128 
-2524.441895 2177.480713 7657.074707 128 128 128 
-2528.857178 2171.000000 7634.285645 127 127 127 
-2540.785645 2171.000000 7634.285645 125 125 125 
-2552.714355 2171.000000 7634.285645 124 124 124 
-2564.642822 2171.000000 7634.285645 125 125 125 
-2584.262695 2177.480713 7657.074707 127 127 127 
-2604.000000 2184.000000 7680.000000 128 128 128 
-2616.000000 2184.000000 7680.000000 128 128 128 
-2628.000000 2184.000000 7680.000000 126 126 126 
-2640.000000 2184.000000 7680.000000 127 127 127 
-2644.083496 2177.480713 7657.074707 128 128 128 
-2656.047852 2177.480713 7657.074707 128 128 128 
-2668.011963 2177.480713 7657.074707 125 125 125 
-2672.000000 2171.000000 7634.285645 125 125 125 
-2683.928467 2171.000000 7634.285645 126 126 126 
-2695.857178 2171.000000 7634.285645 126 126 126 
47.600948 435.548706 1523.230347 147 145 146 
45.140488 434.774170 1520.521606 146 144 145 
42.739338 434.516602 1519.620850 147 145 146 
40.245716 433.233307 1515.132935 148 146 147 
37.878323 433.233307 1515.132935 150 148 149 
221.029419 2696.558838 9430.587891 150 148 149 
219.187500 2865.093750 10020.000000 148 146 147 
203.531250 2865.093750 10020.000000 147 145 146 
171.771423 2619.514404 9161.142578 148 146 147 
148.945953 2477.918945 8665.946289 149 147 148 
22.669683 414.855194 1450.859741 149 148 148 
20.310810 412.986481 1444.324341 148 146 147 
18.054054 412.986481 1444.324341 149 147 148 
15.797297 412.986481 1444.324341 150 148 149 
13.540541 412.986481 1444.324341 150 148 149 
11.283784 412.986481 1444.324341 150 148 149 
-2520.000000 2196.000000 7680.000000 128 128 128 
-2524.441895 2189.444824 7657.074707 128 128 128 
-2528.857178 2182.928467 7634.285645 127 127 127 
-2540.785645 2182.928467 7634.285645 125 125 125 
-2552.714355 2182.928467 7634.285645 124 124 124 
-2572.298584 2189.444824 7657.074707 125 125 125 
-2592.000000 2196.000000 7680.000000 128 128 128 
-2604.000000 2196.000000 7680.000000 129 129 129 
-2616.000000 2196.000000 7680.000000 128 128 128 
-2628.000000 2196.000000 7680.000000 126 126 126 
-2640.000000 2196.000000 7680.000000 126 126 126 
-2644.083496 2189.444824 7657.074707 128 128 128 
-2656.047852 2189.444824 7657.074707 127 127 127 
-2668.011963 2189.444824 7657.074707 125 125 125 
-2679.976074 2189.444824 7657.074707 124 124 124 
-2683.928467 2182.928467 7634.285645 123 123 123 
-2695.857178 2182.928467 7634.285645 123 123 123 
47.572701 437.668854 1522.326416 147 145 146 
45.140488 437.149963 1520.521606 146 144 145 
42.739338 436.890991 1519.620850 146 144 145 
40.221958 435.343567 1514.238525 148 146 146 
37.855961 435.343567 1514.238525 149 147 147 
221.029419 2711.294189 9430.587891 148 146 145 
219.187500 2880.750000 10020.000000 146 145 144 
203.531250 2880.750000 10020.000000 147 145 144 
171.771423 2633.828613 9161.142578 147 146 145 
148.945953 2491.459473 8665.946289 148 147 146 
22.669683 417.122162 1450.859741 148 147 146 
20.310810 415.243256 1444.324341 147 146 145 
18.054054 415.243256 1444.324341 147 146 146 
15.797297 415.243256 1444.324341 148 146 147 
13.540541 415.243256 1444.324341 148 146 147 
11.283784 415.243256 1444.324341 149 147 148 
-2527.567627 2214.630615 7703.062988 127 127 127 
-2524.441895 2201.408936 7657.074707 128 128 128 
-2528.857178 2194.857178 7634.285645 127 127 127 
-2540.785645 2194.857178 7634.285645 126 126 126 
-2552.714355 2194.857178 7634.285645 126 126 126 
-2572.298584 2201.408936 7657.074707 126 126 126 
-2592.000000 2208.000000 7680.000000 128 128 128 
-2604.000000 2208.000000 7680.000000 129 129 129 
-2623.855957 2214.630615 7703.062988 127 127 127 
-2635.891846 2214.630615 7703.062988 126 126 126 
-2640.000000 2208.000000 7680.000000 126 126 126 
-2644.083496 2201.408936 7657.074707 127 127 127 
-2656.047852 2201.408936 7657.074707 128 128 128 
-2668.011963 2201.408936 7657.074707 128 128 128 
-2679.976074 2201.408936 7657.074707 124 124 124 
-2691.940186 2201.408936 7657.074707 123 123 123 
-2703.904541 2201.408936 7657.074707 122 122 122 
47.572701 440.047485 1522.326416 146 144 145 
45.140488 439.525787 1520.521606 145 143 144 
42.739338 439.265411 1519.620850 145 143 144 
40.221958 437.709564 1514.238525 146 144 145 
37.855961 437.709564 1514.238525 148 146 145 
221.029419 2726.029297 9430.587891 147 146 144 
219.187500 2896.406250 10020.000000 146 145 143 
203.531250 2896.406250 10020.000000 147 146 144 
171.771423 2648.142822 9161.142578 147 146 144 
148.945953 2505.000000 8665.946289 147 146 144 
22.669683 419.389130 1450.859741 147 146 144 
20.310810 417.500000 1444.324341 147 146 144 
18.054054 417.500000 1444.324341 147 145 145 
15.797297 417.500000 1444.324341 147 145 146 
13.540541 417.500000 1444.324341 148 146 147 
11.283784 417.500000 1444.324341 148 146 147 
-2532.000000 2220.000000 7680.000000 126 126 126 
-2528.857178 2206.785645 7634.285645 128 128 128 
-2540.785645 2206.785645 7634.285645 129 129 129 
-2552.714355 2206.785645 7634.285645 129 129 129 
-2572.298584 2213.373047 7657.074707 129 129 129 
-2592.000000 2220.000000 7680.000000 128 128 128 
-2611.819824 2226.666748 7703.062988 128 128 128 
-2623.855957 2226.666748 7703.062988 127 127 127 
-2635.891846 2226.666748 7703.062988 126 126 126 
-2640.000000 2220.000000 7680.000000 127 127 127 
-2652.000000 2220.000000 7680.000000 128 128 128 
-2656.047852 2213.373047 7657.074707 128 128 128 
-2668.011963 2213.373047 7657.074707 127 127 127 
-2679.976074 2213.373047 7657.074707 126 126 126 
-2691.940186 2213.373047 7657.074707 126 126 126 
-2703.904541 2213.373047 7657.074707 125 125 125 
47.600948 442.688843 1523.230347 146 144 145 
45.167259 442.163696 1521.423462 145 143 144 
42.739338 441.639801 1519.620850 144 142 143 
40.245716 440.335510 1515.132935 146 144 144 
37.878323 440.335510 1515.132935 147 146 145 
221.029419 2740.764648 9430.587891 147 146 144 
219.187500 2912.062500 10020.000000 146 145 143 
203.531250 2912.062500 10020.000000 147 146 144 
171.771423 2662.457031 9161.142578 146 145 143 
141.307693 2389.384521 8221.538086 146 145 143 
22.669683 421.656097 1450.859741 146 145 143 
20.310810 419.756744 1444.324341 146 145 143 
18.054054 419.756744 1444.324341 146 144 144 
15.797297 419.756744 1444.324341 146 144 145 
13.540541 419.756744 1444.324341 147 145 146 
11.283784 419.756744 1444.324341 148 146 147 
-2539.603516 2238.702637 7703.062988 124 124 124 
-2536.406006 2225.337402 7657.074707 127 127 127 
-2540.785645 2218.714355 7634.285645 129 129 129 
-2552.714355 2218.714355 7634.285645 129 129 129 
-2580.000000 2232.000000 7680.000000 128 128 128 
-2599.783691 2238.702637 7703.062988 127 127 127 
-2611.819824 2238.702637 7703.062988 127 127 127 
-2623.855957 2238.702637 7703.062988 127 127 127 
-2628.000000 2232.000000 7680.000000 127 127 127 
-2640.000000 2232.000000 7680.000000 128 128 128 
-2644.083496 2225.337402 7657.074707 128 128 128 
-2656.047852 2225.337402 7657.074707 127 127 127 
-2668.011963 2225.337402 7657.074707 126 126 126 
-2679.976074 2225.337402 7657.074707 126 126 126 
-2691.940186 2225.337402 7657.074707 127 127 127 
-2703.904541 2225.337402 7657.074707 127 127 127 
47.657551 445.598083 1525.041626 147 145 146 
45.194065 444.804749 1522.326416 146 144 145 
42.764671 444.277405 1520.521606 145 143 144 
40.269505 442.964539 1516.028320 147 145 146 
37.900711 442.964539 1516.028320 148 146 145 
220.219788 2745.406494 9396.043945 147 146 144 
219.187500 2927.718750 10020.000000 146 145 143 
203.531250 2927.718750 10020.000000 147 146 144 
171.771423 2676.771484 9161.142578 146 145 143 
141.307693 2402.230713 8221.538086 145 144 142 
22.669683 423.923065 1450.859741 145 144 142 
20.310810 422.013519 1444.324341 145 144 142 
18.054054 422.013519 1444.324341 145 143 144 
15.797297 422.013519 1444.324341 146 144 145 
13.540541 422.013519 1444.324341 146 144 145 
11.283784 422.013519 1444.324341 147 145 146 
-2544.000000 2244.000000 7680.000000 124 124 124 
-2540.785645 2230.642822 7634.285645 126 126 126 
-2552.714355 2230.642822 7634.285645 126 126 126 
-2580.000000 2244.000000 7680.000000 125 125 125 
-2599.783691 2250.738770 7703.062988 125 125 125 
-2604.000000 2244.000000 7680.000000 126 126 126 
-2616.000000 2244.000000 7680.000000 127 127 127 
-2628.000000 2244.000000 7680.000000 128 128 128 
-2632.119385 2237.301514 7657.074707 128 128 128 
-2644.083496 2237.301514 7657.074707 128 128 128 
-2648.142822 2230.642822 7634.285645 126 126 126 
-2660.071533 2230.642822 7634.285645 124 124 124 
-2672.000000 2230.642822 7634.285645 123 123 123 
-2683.928467 2230.642822 7634.285645 124 124 124 
-2695.857178 2230.642822 7634.285645 125 125 125 
47.685902 448.247467 1525.948853 147 145 146 
45.247772 447.714783 1524.135498 147 145 146 
42.815430 447.183380 1522.326416 147 145 146 
40.317162 445.860352 1517.822510 148 146 147 
37.945560 445.860352 1517.822510 148 147 147 
220.219788 2760.087891 9396.043945 147 146 146 
219.187500 2943.375000 10020.000000 145 145 144 
203.531250 2943.375000 10020.000000 144 144 143 
171.771423 2691.085693 9161.142578 144 143 143 
148.945953 2545.621582 8665.946289 141 140 140 
22.669683 426.190033 1450.859741 139 139 139 
20.310810 424.270264 1444.324341 143 142 142 
18.054054 424.270264 1444.324341 145 143 144 
15.797297 424.270264 1444.324341 145 143 144 
13.540541 424.270264 1444.324341 146 144 145 
11.283784 424.270264 1444.324341 147 145 146 
-2556.000000 2256.000000 7680.000000 125 125 125 
-2575.711670 2262.774658 7703.062988 125 125 125 
-2587.747803 2262.774658 7703.062988 124 124 124 
-2599.783691 2262.774658 7703.062988 123 123 123 
-2596.226807 2249.265625 7657.074707 125 125 125 
-2600.428467 2242.571533 7634.285645 126 126 126 
-2612.357178 2242.571533 7634.285645 128 128 128 
-2624.285645 2242.571533 7634.285645 128 128 128 
-2636.214355 2242.571533 7634.285645 127 127 127 
-2648.142822 2242.571533 7634.285645 126 126 126 
-2660.071533 2242.571533 7634.285645 124 124 124 
-2672.000000 2242.571533 7634.285645 124 124 124 
-2683.928467 2242.571533 7634.285645 125 125 125 
-2695.857178 2242.571533 7634.285645 126 126 126 
47.714287 450.899994 1526.857178 148 146 147 
45.247772 450.096252 1524.135498 147 145 146 
42.815430 449.562012 1522.326416 147 145 146 
40.317162 448.231964 1517.822510 147 145 146 
37.945560 448.231964 1517.822510 147 146 147 
220.219788 2774.769287 9396.043945 146 146 146 
219.187500 2959.031250 10020.000000 145 145 145 
203.531250 2959.031250 10020.000000 143 143 143 
171.771423 2705.399902 9161.142578 143 143 143 
148.945953 2559.162109 8665.946289 140 140 140 
22.669683 428.457001 1450.859741 139 139 139 
20.310810 426.527039 1444.324341 142 142 142 
18.054054 426.527039 1444.324341 145 143 144 
15.797297 426.527039 1444.324341 145 143 144 
13.540541 426.527039 1444.324341 146 144 145 
11.283784 426.527039 1444.324341 147 145 146 
-2596.226807 2261.229736 7657.074707 122 122 122 
-2600.428467 2254.500000 7634.285645 123 123 123 
-2612.357178 2254.500000 7634.285645 125 125 125 
-2624.285645 2254.500000 7634.285645 126 126 126 
-2636.214355 2254.500000 7634.285645 126 126 126 
-2648.142822 2254.500000 7634.285645 125 125 125 
-2660.071533 2254.500000 7634.285645 125 125 125 
-2672.000000 2254.500000 7634.285645 125 125 125 
-2683.928467 2254.500000 7634.285645 126 126 126 
47.714287 453.285706 1526.857178 148 146 147 
45.220901 452.209015 1523.230347 148 146 147 
42.790035 451.672607 1521.423462 147 145 146 
40.269505 450.070923 1516.028320 146 144 145 
37.900711 450.070923 1516.028320 146 145 145 
221.029419 2799.705811 9430.587891 145 145 145 
219.187500 2974.687500 10020.000000 145 145 145 
203.531250 2974.687500 10020.000000 144 144 144 
171.771423 2719.714355 9161.142578 143 143 143 
148.945953 2572.702637 8665.946289 142 142 142 
22.669683 430.723969 1450.859741 142 142 142 
20.310810 428.783783 1444.324341 143 143 143 
18.054054 428.783783 1444.324341 144 143 144 
15.797297 428.783783 1444.324341 145 143 144 
13.540541 428.783783 1444.324341 146 144 145 
11.283784 428.783783 1444.324341 147 145 146 
-2600.428467 2266.428467 7634.285645 121 121 121 
-2612.357178 2266.428467 7634.285645 122 122 122 
-2616.498535 2259.703369 7611.631836 123 123 123 
-2628.391602 2259.703369 7611.631836 125 125 125 
-2632.473389 2253.017822 7589.112305 125 125 125 
-2652.177979 2259.703369 7611.631836 125 125 125 
-2664.071289 2259.703369 7611.631836 126 126 126 
-2683.928467 2266.428467 7634.285645 127 127 127 
47.657551 455.129608 1525.041626 148 146 147 
45.194065 454.319275 1522.326416 148 146 147 
42.764671 453.780670 1520.521606 146 144 145 
40.245716 452.172485 1515.132935 145 143 144 
37.878323 452.172485 1515.132935 145 144 144 
223.494431 2845.829102 9535.761719 145 145 145 
219.187500 2990.343750 10020.000000 145 145 145 
203.531250 2990.343750 10020.000000 145 145 145 
171.771423 2734.028564 9161.142578 144 144 144 
148.945953 2586.243164 8665.946289 144 144 144 
22.669683 432.990936 1450.859741 144 144 144 
20.310810 431.040527 1444.324341 143 143 143 
18.054054 431.040527 1444.324341 144 143 144 
15.797297 431.040527 1444.324341 145 143 144 
13.540541 431.040527 1444.324341 146 144 145 
11.283784 431.040527 1444.324341 147 145 146 
-2612.357178 2278.357178 7634.285645 123 123 123 
-2608.757324 2264.875732 7589.112305 123 123 123 
-2620.615479 2264.875732 7589.112305 123 123 123 
-2624.708008 2258.194580 7566.725586 124 124 124 
-2628.776367 2251.552979 7544.470703 125 125 125 
-2640.564697 2251.552979 7544.470703 127 127 127 
-2652.353027 2251.552979 7544.470703 127 127 127 
47.629234 457.240631 1524.135498 147 145 146 
45.167259 456.427032 1521.423462 147 145 146 
42.764671 456.156494 1520.521606 146 144 145 
40.221958 454.271545 1514.238525 146 144 145 
37.855961 454.271545 1514.238525 145 144 145 
223.494431 2860.728516 9535.761719 145 145 145 
219.187500 3006.000000 10020.000000 145 145 145 
203.531250 3006.000000 10020.000000 145 145 145 
171.771423 2748.342773 9161.142578 145 145 145 
141.307693 2466.461426 8221.538086 145 145 145 
22.669683 435.257904 1450.859741 145 145 145 
20.310810 433.297302 1444.324341 145 144 145 
18.054054 433.297302 1444.324341 145 144 145 
15.797297 433.297302 1444.324341 145 144 145 
13.540541 433.297302 1444.324341 145 145 145 
11.283784 433.297302 1444.324341 146 145 145 
-2616.498535 2283.489502 7611.631836 124 124 124 
-2620.615479 2276.733643 7589.112305 124 124 124 
-2624.708008 2270.017822 7566.725586 124 124 124 
-2628.776367 2263.341064 7544.470703 124 124 124 
-2640.564697 2263.341064 7544.470703 125 125 125 
-2652.353027 2263.341064 7544.470703 126 126 126 
47.629234 459.622101 1524.135498 146 144 145 
45.140488 458.532318 1520.521606 146 144 145 
42.714031 457.989349 1518.721191 146 144 145 
40.221958 456.637543 1514.238525 146 144 145 
37.744556 455.293701 1509.782227 145 145 145 
35.385521 455.293701 1509.782227 145 145 145 
219.187500 3021.656250 10020.000000 145 145 145 
203.531250 3021.656250 10020.000000 145 145 145 
187.875000 3021.656250 10020.000000 145 145 145 
141.307693 2479.307617 8221.538086 145 145 145 
22.669683 437.524902 1450.859741 145 145 145 
20.310810 435.554047 1444.324341 145 145 145 
18.054054 435.554047 1444.324341 145 145 145 
15.797297 435.554047 1444.324341 145 145 145 
13.540541 435.554047 1444.324341 145 145 145 
11.283784 435.554047 1444.324341 145 145 145 
47.629234 462.003571 1524.135498 146 144 145 
45.140488 460.908112 1520.521606 146 144 145 
42.714031 460.362335 1518.721191 146 144 145 
40.198231 458.732758 1513.345093 146 144 145 
37.744556 457.652740 1509.782227 145 145 145 
35.385521 457.652740 1509.782227 145 145 145 
219.187500 3037.312500 10020.000000 145 145 145 
203.531250 3037.312500 10020.000000 145 145 145 
187.875000 3037.312500 10020.000000 145 145 145 
141.307693 2492.153809 8221.538086 145 145 145 
22.669683 439.791870 1450.859741 145 145 145 
20.310810 437.810822 1444.324341 145 145 145 
18.054054 437.810822 1444.324341 145 145 145 
15.797297 437.810822 1444.324341 145 145 145 
13.540541 437.810822 1444.324341 145 145 145 
11.283784 437.810822 1444.324341 145 145 145 
9.027027 437.810822 1444.324341 145 145 145 
47.629234 464.385040 1524.135498 146 144 145 
45.087032 462.735352 1518.721191 146 144 145 
42.688759 462.461548 1517.822510 146 144 145 
40.198231 461.097351 1513.345093 146 144 145 
37.744556 460.011780 1509.782227 145 145 145 
35.385521 460.011780 1509.782227 145 145 145 
219.187500 3052.968750 10020.000000 145 145 145 
203.531250 3052.968750 10020.000000 145 145 145 
187.875000 3052.968750 10020.000000 145 145 145 
141.307693 2505.000000 8221.538086 145 145 145 
22.669683 442.058838 1450.859741 145 145 145 
20.310810 440.067566 1444.324341 145 145 145 
18.054054 440.067566 1444.324341 145 145 145 
15.797297 440.067566 1444.324341 145 145 145 
13.540541 440.067566 1444.324341 145 145 145 
11.283784 440.067566 1444.324341 145 145 145 
9.027027 440.067566 1444.324341 145 145 145 
47.657551 467.044006 1525.041626 145 144 145 
45.113743 465.383881 1519.620850 145 145 145 
42.688759 464.833130 1517.822510 145 145 145 
40.198231 463.461945 1513.345093 145 145 145 
37.744556 462.370819 1509.782227 144 144 144 
35.385521 462.370819 1509.782227 144 144 144 
219.187500 3068.625000 10020.000000 145 145 145 
203.531250 3068.625000 10020.000000 145 145 145 
187.875000 3068.625000 10020.000000 145 145 145 
141.307693 2517.846191 8221.538086 146 146 146 
22.669683 444.325806 1450.859741 145 145 145 
20.310810 442.324310 1444.324341 144 144 144 
18.054054 442.324310 1444.324341 143 143 143 
15.797297 442.324310 1444.324341 144 144 144 
13.540541 442.324310 1444.324341 144 144 144 
11.283784 442.324310 1444.324341 144 144 144 
9.027027 442.324310 1444.324341 145 145 145 
47.685902 469.706116 1525.948853 145 145 145 
45.167259 468.313171 1521.423462 145 145 145 
42.688759 467.204742 1517.822510 145 145 145 
40.198231 465.826538 1513.345093 145 145 145 
37.744556 464.729828 1509.782227 144 144 144 
35.385521 464.729828 1509.782227 143 143 143 
219.187500 3084.281250 10020.000000 143 143 143 
203.531250 3084.281250 10020.000000 144 144 144 
187.875000 3084.281250 10020.000000 145 145 145 
141.307693 2530.692383 8221.538086 146 146 146 
22.669683 446.592773 1450.859741 146 146 146 
20.310810 444.581085 1444.324341 144 144 144 
18.054054 444.581085 1444.324341 143 143 143 
15.797297 444.581085 1444.324341 143 143 143 
13.540541 444.581085 1444.324341 143 143 143 
11.283784 444.581085 1444.324341 143 143 143 
9.027027 444.581085 1444.324341 145 145 145 
47.714287 472.371429 1526.857178 145 145 145 
45.194065 470.969727 1522.326416 145 145 145 
42.688759 469.576324 1517.822510 145 145 145 
40.198231 468.191162 1513.345093 145 145 145 
37.744556 467.088867 1509.782227 144 144 144 
35.385521 467.088867 1509.782227 142 142 142 
219.187500 3099.937500 10020.000000 141 141 141 
203.531250 3099.937500 10020.000000 143 143 143 
187.875000 3099.937500 10020.000000 144 144 144 
141.307693 2543.538574 8221.538086 145 145 145 
22.669683 448.859741 1450.859741 146 146 146 
20.310810 446.837830 1444.324341 145 145 145 
18.054054 446.837830 1444.324341 143 143 143 
15.797297 446.837830 1444.324341 143 143 143 
13.540541 446.837830 1444.324341 143 143 143 
11.283784 446.837830 1444.324341 143 143 143 
9.027027 446.837830 1444.324341 144 144 144 
47.714287 474.757141 1526.857178 145 145 145 
45.194065 473.348358 1522.326416 145 145 145 
42.688759 471.947937 1517.822510 145 145 145 
40.198231 470.555756 1513.345093 145 145 145 
37.744556 469.447906 1509.782227 145 145 145 
35.385521 469.447906 1509.782227 142 142 142 
219.187500 3115.593750 10020.000000 140 140 140 
203.531250 3115.593750 10020.000000 142 142 142 
187.875000 3115.593750 10020.000000 143 143 143 
141.307693 2556.384521 8221.538086 145 145 145 
22.669683 451.126709 1450.859741 146 146 146 
20.310810 449.094604 1444.324341 146 146 146 
18.054054 449.094604 1444.324341 144 144 144 
15.797297 449.094604 1444.324341 143 143 143 
13.540541 449.094604 1444.324341 143 143 143 
11.283784 449.094604 1444.324341 143 143 143 
9.027027 449.094604 1444.324341 144 144 144 
47.714287 477.142853 1526.857178 144 144 144 
45.194065 475.726990 1522.326416 143 143 143 
42.688759 474.319519 1517.822510 143 143 143 
40.198231 472.920349 1513.345093 143 143 143 
37.722355 471.529419 1508.894165 145 145 145 
35.364704 471.529419 1508.894165 142 142 142 
219.187500 3131.250000 10020.000000 139 139 139 
203.531250 3131.250000 10020.000000 142 142 142 
187.875000 3131.250000 10020.000000 144 144 144 
141.307693 2569.230713 8221.538086 144 144 144 
22.669683 453.393677 1450.859741 146 146 146 
20.310810 451.351349 1444.324341 146 146 146 
18.054054 451.351349 1444.324341 145 145 145 
15.797297 451.351349 1444.324341 143 143 143 
13.540541 451.351349 1444.324341 143 143 143 
11.283784 451.351349 1444.324341 144 144 144 
9.027027 451.351349 1444.324341 144 144 144 
47.714287 479.528564 1526.857178 145 145 145 
45.194065 478.105652 1522.326416 144 144 144 
42.688759 476.691132 1517.822510 142 142 142 
40.174530 475.004730 1512.452881 140 140 140 
37.700176 473.608459 1508.007080 143 143 143 
35.343914 473.608459 1508.007080 142 142 142 
219.187500 3146.906250 10020.000000 140 140 140 
203.531250 3146.906250 10020.000000 143 143 143 
171.771423 2877.171387 9161.142578 144 144 144 
141.307693 2582.076904 8221.538086 144 144 144 
22.669683 455.660645 1450.859741 145 145 145 
20.310810 453.608124 1444.324341 146 146 146 
18.054054 453.608124 1444.324341 145 145 145 
15.797297 453.608124 1444.324341 143 143 143 
13.540541 453.608124 1444.324341 143 143 143 
11.283784 453.608124 1444.324341 144 144 144 
9.027027 453.608124 1444.324341 144 144 144 
47.714287 481.914276 1526.857178 146 146 146 
45.194065 480.484283 1522.326416 145 145 145 
42.663513 478.779419 1516.924927 142 142 142 
40.174530 477.367920 1512.452881 140 140 140 
37.678024 475.685089 1507.121094 141 141 141 
35.323151 475.685089 1507.121094 142 142 142 
219.187500 3162.562500 10020.000000 143 143 143 
203.531250 3162.562500 10020.000000 144 144 144 
171.771423 2891.485840 9161.142578 144 144 144 
141.307693 2594.923096 8221.538086 144 144 144 
22.669683 457.927612 1450.859741 145 145 145 
20.310810 455.864868 1444.324341 146 146 146 
18.054054 455.864868 1444.324341 144 144 144 
15.797297 455.864868 1444.324341 142 142 142 
13.540541 455.864868 1444.324341 142 142 142 
11.283784 455.864868 1444.324341 143 143 143 
9.027027 455.864868 1444.324341 143 143 143 
50.189625 485.166382 1529.588501 145 145 145 
47.685902 484.011902 1525.948853 145 145 145 
45.167259 482.576508 1521.423462 145 145 145 
42.663513 481.149628 1516.924927 144 144 144 
40.174530 479.731140 1512.452881 143 143 143 
37.678024 478.039948 1507.121094 141 141 141 
35.323151 478.039948 1507.121094 143 143 143 
219.187500 3178.218750 10020.000000 145 145 145 
203.531250 3178.218750 10020.000000 145 145 145 
171.771423 2905.800049 9161.142578 144 144 144 
141.307693 2607.769287 8221.538086 144 144 144 
22.669683 460.194580 1450.859741 145 145 145 
20.310810 458.121613 1444.324341 146 146 146 
18.054054 458.121613 1444.324341 144 144 144 
15.797297 458.121613 1444.324341 142 142 142 
13.540541 458.121613 1444.324341 141 141 141 
11.283784 458.121613 1444.324341 143 143 143 
9.027027 458.121613 1444.324341 142 142 142 
50.189625 487.556366 1529.588501 146 146 146 
47.685902 486.396179 1525.948853 146 146 146 
45.167259 484.953735 1521.423462 145 145 145 
42.663513 483.519806 1516.924927 145 145 145 
40.174530 482.094330 1512.452881 144 144 144 
37.678024 480.394836 1507.121094 143 143 143 
35.323151 480.394836 1507.121094 143 143 143 
219.187500 3193.875000 10020.000000 144 144 144 
203.531250 3193.875000 10020.000000 144 144 144 
171.771423 2920.114258 9161.142578 143 143 143 
141.307693 2620.615479 8221.538086 143 143 143 
22.669683 462.461548 1450.859741 144 144 144 
20.310810 460.378387 1444.324341 144 144 144 
18.054054 460.378387 1444.324341 143 143 143 
15.797297 460.378387 1444.324341 143 143 143 
13.540541 460.378387 1444.324341 142 142 142 
11.283784 460.378387 1444.324341 143 143 143 
9.027027 460.378387 1444.324341 143 143 143 
50.159714 489.654358 1528.677002 146 146 146 
47.685902 488.780487 1525.948853 146 146 146 
45.167259 487.330963 1521.423462 146 146 146 
42.663513 485.890015 1516.924927 145 145 145 
40.174530 484.457550 1512.452881 144 144 144 
37.700176 483.033508 1508.007080 144 144 144 
35.343914 483.033508 1508.007080 145 145 145 
219.187500 3209.531250 10020.000000 145 145 145 
203.531250 3209.531250 10020.000000 144 144 144 
171.771423 2934.428467 9161.142578 143 143 143 
141.307693 2633.461426 8221.538086 142 142 142 
22.669683 464.728516 1450.859741 143 143 143 
20.310810 462.635132 1444.324341 144 144 144 
18.054054 462.635132 1444.324341 143 143 143 
15.797297 462.635132 1444.324341 143 143 143 
13.540541 462.635132 1444.324341 143 143 143 
11.283784 462.635132 1444.324341 143 143 143 
9.027027 462.635132 1444.324341 143 143 143 
50.159714 492.042908 1528.677002 146 146 146 
47.685902 491.164795 1525.948853 146 146 146 
45.167259 489.708191 1521.423462 146 146 146 
42.663513 488.260193 1516.924927 145 145 145 
40.174530 486.820770 1512.452881 144 144 144 
37.700176 485.389771 1508.007080 144 144 144 
35.343914 485.389771 1508.007080 145 145 145 
219.187500 3225.187500 10020.000000 145 145 145 
203.531250 3225.187500 10020.000000 144 144 144 
171.771423 2948.742920 9161.142578 143 143 143 
141.307693 2646.307617 8221.538086 142 142 142 
22.669683 466.995483 1450.859741 143 143 143 
20.310810 464.891907 1444.324341 144 144 144 
18.054054 464.891907 1444.324341 143 143 143 
15.797297 464.891907 1444.324341 143 143 143 
13.540541 464.891907 1444.324341 143 143 143 
11.283784 464.891907 1444.324341 143 143 143 
9.027027 464.891907 1444.324341 143 143 143 
50.159714 494.431458 1528.677002 145 145 145 
47.685902 493.549072 1525.948853 146 146 145 
45.167259 492.085419 1521.423462 146 146 145 
42.663513 490.630402 1516.924927 145 145 145 
40.198231 489.472565 1513.345093 144 144 144 
37.700176 487.746033 1508.007080 142 142 142 
35.343914 487.746033 1508.007080 141 141 141 
219.187500 3240.843750 10020.000000 141 141 141 
203.531250 3240.843750 10020.000000 141 141 141 
187.875000 3240.843750 10020.000000 142 142 142 
141.307693 2659.153809 8221.538086 142 142 142 
22.669683 469.262451 1450.859741 143 143 143 
20.310810 467.148651 1444.324341 144 144 144 
18.054054 467.148651 1444.324341 143 143 143 
15.797297 467.148651 1444.324341 143 143 143 
13.540541 467.148651 1444.324341 143 143 143 
11.283784 467.148651 1444.324341 143 143 143 
9.027027 467.148651 1444.324341 143 143 143 
50.159714 496.820038 1528.677002 145 144 143 
47.685902 495.933380 1525.948853 145 145 143 
45.167259 494.462646 1521.423462 145 144 143 
42.663513 493.000580 1516.924927 144 143 142 
40.198231 491.837158 1513.345093 143 142 141 
37.700176 490.102295 1508.007080 140 140 140 
35.343914 490.102295 1508.007080 139 139 139 
219.187500 3256.500000 10020.000000 140 140 140 
203.531250 3256.500000 10020.000000 140 140 140 
187.875000 3256.500000 10020.000000 141 141 141 
141.307693 2672.000000 8221.538086 142 142 142 
22.669683 471.529419 1450.859741 142 142 142 
20.310810 469.405396 1444.324341 143 143 143 
18.054054 469.405396 1444.324341 142 142 142 
15.797297 469.405396 1444.324341 142 142 142 
13.540541 469.405396 1444.324341 142 142 142 
11.283784 469.405396 1444.324341 142 142 142 
9.027027 469.405396 1444.324341 142 142 142 
50.159714 499.208588 1528.677002 145 144 142 
47.685902 498.317657 1525.948853 145 144 142 
45.167259 496.839844 1521.423462 144 143 141 
42.663513 495.370789 1516.924927 143 142 140 
40.174530 493.910370 1512.452881 143 142 140 
37.700176 492.458557 1508.007080 140 140 139 
35.343914 492.458557 1508.007080 139 139 139 
219.187500 3272.156250 10020.000000 140 140 140 
203.531250 3272.156250 10020.000000 140 140 140 
187.875000 3272.156250 10020.000000 141 141 141 
141.307693 2684.846191 8221.538086 142 142 142 
22.669683 473.796387 1450.859741 142 142 142 
20.310810 471.662170 1444.324341 142 142 142 
18.054054 471.662170 1444.324341 142 142 142 
15.797297 471.662170 1444.324341 142 142 142 
13.540541 471.662170 1444.324341 142 142 142 
11.283784 471.662170 1444.324341 142 142 142 
9.027027 471.662170 1444.324341 142 142 142 
50.129841 501.298401 1527.766479 144 143 141 
47.657551 500.404266 1525.041626 144 143 141 
45.140488 498.921173 1520.521606 143 142 140 
42.638298 497.446808 1516.028320 143 142 140 
40.174530 496.273590 1512.452881 142 141 139 
37.678024 494.524078 1507.121094 140 140 139 
35.323151 494.524078 1507.121094 140 140 140 
219.187500 3287.812500 10020.000000 140 140 140 
203.531250 3287.812500 10020.000000 141 141 141 
171.771423 3006.000000 9161.142578 142 142 142 
141.307693 2697.692383 8221.538086 142 142 142 
22.669683 476.063354 1450.859741 142 142 142 
20.310810 473.918915 1444.324341 142 142 142 
18.054054 473.918915 1444.324341 142 142 142 
15.797297 473.918915 1444.324341 142 142 142 
13.540541 473.918915 1444.324341 142 142 142 
11.283784 473.918915 1444.324341 142 142 142 
9.027027 473.918915 1444.324341 143 143 143 
50.099998 503.385712 1526.857178 143 142 140 
47.629234 502.488403 1524.135498 143 142 141 
45.140488 501.296967 1520.521606 143 142 140 
42.613113 499.520386 1515.132935 142 141 139 
40.150856 498.342957 1511.561523 141 140 139 
37.655903 496.587189 1506.236084 141 140 140 
35.302406 496.587189 1506.236084 141 140 140 
219.187500 3303.468750 10020.000000 141 141 141 
203.531250 3303.468750 10020.000000 142 142 142 
171.771423 3020.314209 9161.142578 142 142 142 
141.307693 2710.538574 8221.538086 142 142 142 
22.669683 478.330322 1450.859741 142 142 142 
20.310810 476.175690 1444.324341 142 142 142 
18.054054 476.175690 1444.324341 142 142 142 
15.797297 476.175690 1444.324341 142 142 142 
13.540541 476.175690 1444.324341 142 142 142 
11.283784 476.175690 1444.324341 142 142 142 
9.027027 476.175690 1444.324341 143 143 143 
50.099998 505.771423 1526.857178 141 140 140 
47.629234 504.869873 1524.135498 142 142 141 
45.140488 503.672791 1520.521606 140 140 139 
42.613113 501.887787 1515.132935 138 138 138 
40.127209 500.409882 1510.671387 141 141 140 
37.633804 498.647888 1505.352173 143 142 143 
35.281689 498.647888 1505.352173 144 142 143 
219.187500 3319.125000 10020.000000 144 142 143 
203.531250 3319.125000 10020.000000 144 143 143 
171.771423 3034.628662 9161.142578 145 143 144 
141.307693 2723.384521 8221.538086 144 143 144 
22.876713 484.986298 1464.109619 143 142 142 
20.402716 480.597290 1450.859741 142 141 141 
18.054054 478.432434 1444.324341 141 141 141 
15.797297 478.432434 1444.324341 141 141 141 
13.540541 478.432434 1444.324341 141 141 141 
11.283784 478.432434 1444.324341 141 141 141 
9.027027 478.432434 1444.324341 143 143 143 
50.099998 508.157135 1526.857178 140 140 140 
47.629234 507.251343 1524.135498 141 141 141 
45.140488 506.048615 1520.521606 138 138 138 
42.613113 504.255157 1515.132935 137 137 137 
40.127209 502.770325 1510.671387 140 140 140 
37.633804 501.000000 1505.352173 144 142 143 
35.281689 501.000000 1505.352173 145 143 144 
219.187500 3334.781250 10020.000000 145 143 144 
203.531250 3334.781250 10020.000000 145 143 144 
171.771423 3048.942871 9161.142578 145 143 144 
141.307693 2736.230713 8221.538086 145 143 144 
22.876713 487.273987 1464.109619 144 142 143 
20.589041 487.273987 1464.109619 142 140 141 
18.054054 480.689178 1444.324341 142 141 141 
15.797297 480.689178 1444.324341 141 141 141 
13.540541 480.689178 1444.324341 141 141 141 
11.283784 480.689178 1444.324341 141 141 141 
9.027027 480.689178 1444.324341 141 141 141 
50.099998 510.542847 1526.857178 141 141 141 
47.600948 509.330170 1523.230347 140 140 140 
45.113743 508.123230 1519.620850 139 139 139 
42.638298 506.921997 1516.028320 139 139 139 
40.127209 505.130737 1510.671387 140 140 140 
37.633804 503.352112 1505.352173 143 141 142 
35.281689 503.352112 1505.352173 144 142 143 
208.594803 3188.520508 9535.761719 144 142 143 
193.695175 3188.520508 9535.761719 144 142 143 
171.771423 3063.257080 9161.142578 144 142 143 
140.407639 2731.566895 8169.171875 144 142 143 
22.876713 489.561646 1464.109619 144 142 143 
20.402716 485.131226 1450.859741 143 142 142 
18.054054 482.945953 1444.324341 143 142 142 
15.797297 482.945953 1444.324341 142 142 142 
13.540541 482.945953 1444.324341 142 142 142 
11.283784 482.945953 1444.324341 142 142 142 
9.027027 482.945953 1444.324341 142 142 142 
50.070198 512.623413 1525.948853 141 141 141 
47.600948 511.710205 1523.230347 140 140 140 
45.087032 510.195374 1518.721191 141 141 141 
42.638298 509.290771 1516.028320 142 142 142 
40.150856 507.790222 1511.561523 141 141 141 
37.655903 506.001190 1506.236084 142 141 142 
35.281689 505.704224 1505.352173 143 141 142 
32.929577 505.704224 1505.352173 143 141 142 
186.085709 3077.571533 9161.142578 143 141 142 
162.486481 2911.216309 8665.946289 143 141 142 
139.078857 2718.359619 8091.861328 144 142 143 
22.669683 487.398193 1450.859741 144 142 143 
20.402716 487.398193 1450.859741 144 142 143 
18.054054 485.202698 1444.324341 143 143 143 
15.797297 485.202698 1444.324341 143 143 143 
13.540541 485.202698 1444.324341 143 143 143 
11.283784 485.202698 1444.324341 143 143 143 
9.027027 485.202698 1444.324341 142 142 142 
50.040428 514.701538 1525.041626 141 141 141 
47.572701 513.785156 1522.326416 140 140 140 
45.060356 512.265076 1517.822510 142 142 142 
42.613113 511.357361 1515.132935 143 143 143 
40.150856 510.152039 1511.561523 142 142 142 
37.655903 508.354675 1506.236084 143 142 143 
35.281689 508.056335 1505.352173 143 143 143 
32.929577 508.056335 1505.352173 142 141 141 
176.027023 2924.756836 8665.946289 139 138 139 
162.486481 2924.756836 8665.946289 141 140 141 
25.396313 498.691254 1477.603638 143 142 142 
22.669683 489.665161 1450.859741 143 142 142 
20.402716 489.665161 1450.859741 143 142 142 
18.054054 487.459473 1444.324341 142 142 142 
15.797297 487.459473 1444.324341 142 142 142 
13.540541 487.459473 1444.324341 142 142 142 
11.283784 487.459473 1444.324341 142 142 142 
9.027027 487.459473 1444.324341 141 141 141 
50.010696 516.777161 1524.135498 142 142 142 
47.572701 516.163818 1522.326416 142 142 142 
45.060356 514.636658 1517.822510 143 143 143 
42.613113 513.724731 1515.132935 143 143 143 
40.150856 512.513855 1511.561523 140 140 140 
37.678024 511.008240 1507.121094 140 140 140 
35.281689 510.408447 1505.352173 140 140 140 
32.929577 510.408447 1505.352173 140 140 140 
176.027023 2938.297363 8665.946289 140 140 140 
162.486481 2938.297363 8665.946289 141 141 141 
25.396313 501.000000 1477.603638 142 142 142 
22.669683 491.932129 1450.859741 142 142 142 
20.402716 491.932129 1450.859741 142 142 142 
18.054054 489.716217 1444.324341 141 141 141 
15.797297 489.716217 1444.324341 141 141 141 
13.540541 489.716217 1444.324341 141 141 141 
11.283784 489.716217 1444.324341 141 141 141 
9.027027 489.716217 1444.324341 139 139 139 
49.980999 518.850342 1523.230347 143 143 143 
47.544483 518.234863 1521.423462 144 144 144 
45.060356 517.008301 1517.822510 144 144 144 
42.613113 516.092163 1515.132935 142 142 142 
40.150856 514.875671 1511.561523 139 139 139 
37.678024 513.363098 1507.121094 137 137 137 
35.323151 513.363098 1507.121094 136 136 136 
210.157303 3272.449463 9607.191406 138 138 138 
195.146072 3272.449463 9607.191406 142 142 142 
162.486481 2951.837891 8665.946289 143 143 143 
25.396313 503.308746 1477.603638 142 142 142 
22.669683 494.199097 1450.859741 142 142 142 
20.402716 494.199097 1450.859741 142 142 142 
18.054054 491.972961 1444.324341 140 140 140 
15.797297 491.972961 1444.324341 140 140 140 
13.540541 491.972961 1444.324341 140 140 140 
11.283784 491.972961 1444.324341 140 140 140 
9.027027 491.972961 1444.324341 139 139 139 
49.921707 520.612122 1521.423462 143 143 143 
47.516300 520.303528 1520.521606 142 142 142 
45.033707 519.072754 1516.924927 142 142 142 
42.587959 518.153503 1514.238525 143 143 143 
40.150856 517.237488 1511.561523 142 141 142 
37.678024 515.717957 1507.121094 138 138 138 
35.302406 515.415161 1506.236084 135 135 135 
210.157303 3287.460693 9607.191406 135 135 135 
195.146072 3287.460693 9607.191406 141 141 141 
154.153839 2813.307617 8221.538086 143 142 142 
25.396313 505.617523 1477.603638 142 142 142 
22.669683 496.466064 1450.859741 142 142 142 
20.402716 496.466064 1450.859741 142 142 142 
18.054054 494.229736 1444.324341 140 140 140 
15.797297 494.229736 1444.324341 139 139 139 
13.540541 494.229736 1444.324341 139 139 139 
11.283784 494.229736 1444.324341 140 140 139 
9.027027 494.229736 1444.324341 141 140 140 
49.921707 522.989319 1521.423462 142 142 142 
47.516300 522.679321 1520.521606 140 140 140 
45.033707 521.442932 1516.924927 140 140 140 
42.587959 520.519470 1514.238525 143 143 143 
40.127209 519.293274 1510.671387 144 144 144 
37.655903 517.768616 1506.236084 143 142 142 
35.281689 517.464783 1505.352173 138 136 137 
32.929577 517.464783 1505.352173 136 134 135 
167.000000 2826.153809 8221.538086 140 139 140 
154.153839 2826.153809 8221.538086 143 141 142 
25.396313 507.926270 1477.603638 142 141 142 
22.669683 498.733032 1450.859741 142 141 142 
20.402716 498.733032 1450.859741 142 141 141 
18.054054 496.486481 1444.324341 141 140 139 
15.797297 496.486481 1444.324341 138 138 136 
13.540541 496.486481 1444.324341 139 138 137 
11.283784 496.486481 1444.324341 143 142 141 
9.027027 496.486481 1444.324341 143 142 140 
47.516300 525.055115 1520.521606 142 142 142 
45.033707 523.813110 1516.924927 141 141 141 
42.587959 522.885498 1514.238525 140 140 140 
40.103592 521.346680 1509.782227 140 140 140 
37.633804 519.816895 1505.352173 140 139 140 
35.281689 519.816895 1505.352173 140 138 139 
32.929577 519.816895 1505.352173 139 137 138 
167.000000 2839.000000 8221.538086 140 138 139 
154.153839 2839.000000 8221.538086 141 139 140 
25.396313 510.235016 1477.603638 141 139 140 
22.669683 501.000000 1450.859741 141 139 140 
20.402716 501.000000 1450.859741 141 139 140 
18.054054 498.743256 1444.324341 141 140 139 
15.797297 498.743256 1444.324341 139 138 136 
13.540541 498.743256 1444.324341 139 138 136 
11.283784 498.743256 1444.324341 143 142 140 
9.027027 498.743256 1444.324341 143 142 140 
47.516300 527.430969 1520.521606 142 142 142 
45.033707 526.183350 1516.924927 139 139 139 
42.562832 524.941589 1513.345093 135 135 135 
40.080002 523.397644 1508.894165 133 133 133 
37.633804 522.169006 1505.352173 135 134 135 
35.281689 522.169006 1505.352173 140 138 139 
200.399994 3177.771484 9161.142578 142 140 141 
186.085709 3177.771484 9161.142578 140 138 139 
154.153839 2851.846191 8221.538086 140 138 139 
25.396313 512.543762 1477.603638 140 138 139 
22.669683 503.266968 1450.859741 140 138 139 
20.402716 503.266968 1450.859741 140 138 139 
18.054054 501.000000 1444.324341 141 139 138 
15.797297 501.000000 1444.324341 140 139 137 
13.540541 501.000000 1444.324341 140 139 137 
11.283784 501.000000 1444.324341 142 141 139 
9.027027 501.000000 1444.324341 142 141 139 
47.431953 528.866272 1517.822510 142 142 142 
44.980507 527.929138 1515.132935 140 140 140 
42.537735 526.995300 1512.452881 137 137 137 
40.056438 525.446228 1508.007080 135 135 135 
37.479836 522.375244 1499.193481 136 134 135 
35.116821 522.070068 1498.317749 139 137 138 
189.567566 3019.540527 8665.946289 141 140 141 
176.027023 3019.540527 8665.946289 141 139 140 
154.153839 2864.692383 8221.538086 141 139 140 
25.164383 510.150696 1464.109619 141 139 140 
22.669683 505.533936 1450.859741 141 139 140 
20.310810 503.256744 1444.324341 141 139 140 
18.054054 503.256744 1444.324341 141 139 138 
15.797297 503.256744 1444.324341 142 141 139 
13.540541 503.256744 1444.324341 142 141 139 
11.283784 503.256744 1444.324341 140 139 137 
9.027027 503.256744 1444.324341 135 134 132 
47.375885 530.609924 1516.028320 143 143 143 
44.927433 529.670776 1513.345093 143 143 143 
42.537735 529.358521 1512.452881 141 141 141 
40.032902 527.492371 1507.121094 138 138 138 
37.457943 524.411194 1498.317749 138 137 137 
34.953487 521.972107 1491.348877 138 138 138 
32.623257 521.972107 1491.348877 139 138 139 
169.719864 2924.403809 8355.439453 139 138 139 
154.153839 2877.538574 8221.538086 139 139 139 
25.164383 512.438354 1464.109619 140 139 140 
22.669683 507.800903 1450.859741 140 140 140 
20.310810 505.513519 1444.324341 141 140 140 
18.054054 505.513519 1444.324341 139 139 138 
15.797297 505.513519 1444.324341 141 141 140 
13.540541 505.513519 1444.324341 144 143 143 
11.283784 505.513519 1444.324341 138 138 137 
9.027027 505.513519 1444.324341 126 126 125 
47.347904 532.663940 1515.132935 143 143 143 
44.900944 531.721680 1512.452881 143 143 143 
42.512669 531.408386 1511.561523 142 142 142 
40.032902 529.847229 1507.121094 139 139 139 
37.457943 526.752319 1498.317749 138 138 138 
34.953487 524.302307 1491.348877 138 138 138 
32.623257 524.302307 1491.348877 137 137 137 
169.719864 2937.459229 8355.439453 138 138 138 
156.664490 2937.459229 8355.439453 140 140 140 
24.936651 510.067871 1450.859741 140 140 140 
22.669683 510.067871 1450.859741 140 140 140 
20.310810 507.770264 1444.324341 140 140 140 
18.054054 507.770264 1444.324341 139 139 139 
15.797297 507.770264 1444.324341 140 140 140 
13.540541 507.770264 1444.324341 143 143 143 
11.283784 507.770264 1444.324341 137 137 137 
9.027027 507.770264 1444.324341 127 127 127 
47.347904 535.031311 1515.132935 142 142 142 
44.900944 534.084900 1512.452881 143 143 143 
42.512669 533.770203 1511.561523 143 143 143 
40.056438 532.515015 1508.007080 141 141 141 
37.479836 529.402710 1499.193481 139 139 139 
34.953487 526.632568 1491.348877 136 136 136 
32.623257 526.632568 1491.348877 136 136 136 
170.274506 2960.156982 8382.745117 140 140 140 
157.176468 2960.156982 8382.745117 142 142 142 
24.936651 512.334839 1450.859741 141 141 141 
22.669683 512.334839 1450.859741 140 140 140 
20.310810 510.027039 1444.324341 139 139 139 
18.054054 510.027039 1444.324341 139 139 139 
15.797297 510.027039 1444.324341 138 138 138 
13.540541 510.027039 1444.324341 139 139 139 
11.283784 510.027039 1444.324341 135 135 135 
9.027027 510.027039 1444.324341 129 129 129 
47.347904 537.398682 1515.132935 142 142 142 
44.927433 536.764587 1513.345093 143 143 143 
42.537735 536.448120 1512.452881 144 144 144 
40.080002 535.185913 1508.894165 142 142 142 
37.501755 532.056152 1500.070190 140 140 140 
34.953487 528.962769 1491.348877 135 135 135 
32.623257 528.962769 1491.348877 135 135 135 
170.274506 2973.254883 8382.745117 141 141 141 
157.176468 2973.254883 8382.745117 143 143 143 
24.936651 514.601807 1450.859741 141 141 141 
22.669683 514.601807 1450.859741 139 139 139 
20.310810 512.283813 1444.324341 138 138 138 
18.054054 512.283813 1444.324341 139 139 139 
15.797297 512.283813 1444.324341 137 137 137 
13.540541 512.283813 1444.324341 137 137 137 
11.283784 512.283813 1444.324341 134 134 134 
9.027027 512.283813 1444.324341 131 131 131 
47.347904 539.766113 1515.132935 141 141 141 
44.927433 539.129211 1513.345093 142 142 142 
42.537735 538.811340 1512.452881 142 142 142 
40.080002 537.543518 1508.894165 141 141 141 
37.523697 534.712708 1500.947876 137 137 137 
34.953487 531.293030 1491.348877 134 134 134 
32.623257 531.293030 1491.348877 136 136 136 
170.832794 2996.144287 8410.229492 142 142 142 
157.691803 2996.144287 8410.229492 143 143 143 
24.936651 516.868774 1450.859741 142 142 142 
22.669683 516.868774 1450.859741 139 139 139 
20.310810 514.540527 1444.324341 138 138 138 
18.054054 514.540527 1444.324341 138 138 138 
15.797297 514.540527 1444.324341 138 138 138 
13.540541 514.540527 1444.324341 138 138 138 
11.283784 514.540527 1444.324341 136 136 136 
9.027027 514.540527 1444.324341 136 136 136 
47.347904 542.133484 1515.132935 142 142 142 
44.927433 541.493835 1513.345093 142 142 142 
42.537735 541.174500 1512.452881 141 141 141 
40.080002 539.901184 1508.894165 138 138 138 
37.545666 537.372375 1501.826660 134 134 134 
34.953487 533.623230 1491.348877 136 136 136 
32.623257 533.623230 1491.348877 139 139 139 
171.394730 3019.184326 8437.894531 141 141 141 
158.210526 3019.184326 8437.894531 141 141 141 
24.936651 519.135742 1450.859741 141 141 141 
22.669683 519.135742 1450.859741 140 140 140 
20.310810 516.797302 1444.324341 138 138 138 
18.054054 516.797302 1444.324341 138 138 138 
15.797297 516.797302 1444.324341 139 139 139 
13.540541 516.797302 1444.324341 139 139 139 
11.283784 516.797302 1444.324341 138 138 138 
9.027027 516.797302 1444.324341 138 138 138 
47.375885 544.822693 1516.028320 142 142 142 
44.953957 544.179443 1514.238525 142 142 142 
42.562832 543.858398 1513.345093 140 140 140 
40.080002 542.258850 1508.894165 137 137 137 
37.545666 539.718994 1501.826660 135 135 135 
35.178467 539.403137 1500.947876 138 138 138 
189.567566 3114.324219 8665.946289 140 140 140 
176.027023 3114.324219 8665.946289 139 139 139 
158.210526 3032.368408 8437.894531 140 140 140 
24.936651 521.402710 1450.859741 140 140 140 
22.669683 521.402710 1450.859741 140 140 140 
20.310810 519.054077 1444.324341 139 139 139 
18.054054 519.054077 1444.324341 139 139 139 
15.797297 519.054077 1444.324341 140 140 140 
13.540541 519.054077 1444.324341 140 140 140 
11.283784 519.054077 1444.324341 139 139 139 
9.027027 519.054077 1444.324341 138 138 138 
47.375885 547.191467 1516.028320 141 141 141 
44.953957 546.545471 1514.238525 140 140 140 
42.562832 546.223022 1513.345093 140 140 140 
40.103592 544.937012 1509.782227 138 138 138 
37.523697 541.748413 1500.947876 139 139 139 
35.178467 541.748413 1500.947876 139 139 139 
189.567566 3127.864990 8665.946289 138 138 138 
176.027023 3127.864990 8665.946289 138 138 138 
158.210526 3045.552734 8437.894531 139 139 139 
24.936651 523.669678 1450.859741 140 140 140 
22.669683 523.669678 1450.859741 140 140 140 
20.310810 521.310791 1444.324341 140 140 140 
18.054054 521.310791 1444.324341 140 140 140 
15.797297 521.310791 1444.324341 140 140 140 
13.540541 521.310791 1444.324341 141 141 141 
11.283784 521.310791 1444.324341 139 139 139 
9.027027 521.310791 1444.324341 138 138 138 
47.403904 549.885254 1516.924927 141 141 141 
44.980507 549.235657 1515.132935 140 140 140 
42.562832 548.587585 1513.345093 139 139 139 
40.103592 547.296082 1509.782227 138 138 138 
37.479836 543.457642 1499.193481 139 139 139 
35.137348 543.457642 1499.193481 139 139 139 
189.567566 3141.405518 8665.946289 138 138 138 
176.027023 3141.405518 8665.946289 138 138 138 
157.691803 3048.708252 8410.229492 139 139 139 
24.936651 525.936646 1450.859741 140 140 140 
22.669683 525.936646 1450.859741 140 140 140 
20.310810 523.567566 1444.324341 140 140 140 
18.054054 523.567566 1444.324341 141 141 141 
15.797297 523.567566 1444.324341 140 140 140 
13.540541 523.567566 1444.324341 139 139 139 
11.283784 523.567566 1444.324341 138 138 138 
9.027027 523.567566 1444.324341 138 138 138 
47.488152 553.236938 1519.620850 141 141 141 
45.007092 551.929077 1516.028320 140 140 140 
42.587959 551.277466 1514.238525 139 139 139 
40.127209 549.978821 1510.671387 139 139 139 
37.479836 545.800110 1499.193481 139 139 139 
35.137348 545.800110 1499.193481 139 139 139 
189.567566 3154.946045 8665.946289 138 138 138 
176.027023 3154.946045 8665.946289 138 138 138 
154.153839 2993.153809 8221.538086 139 139 139 
24.936651 528.203613 1450.859741 140 140 140 
22.669683 528.203613 1450.859741 140 140 140 
20.310810 525.824341 1444.324341 140 140 140 
18.054054 525.824341 1444.324341 140 140 140 
15.797297 525.824341 1444.324341 140 140 140 
13.540541 525.824341 1444.324341 138 138 138 
11.283784 525.824341 1444.324341 137 137 137 
9.027027 525.824341 1444.324341 138 138 138 
47.516300 555.940735 1520.521606 141 141 141 
45.007092 554.297852 1516.028320 140 140 140 
42.613113 553.970459 1515.132935 140 140 140 
40.127209 552.339233 1510.671387 141 141 141 
37.501755 548.463135 1500.070190 140 140 140 
35.157894 548.463135 1500.070190 140 140 140 
189.567566 3168.486572 8665.946289 139 139 139 
176.027023 3168.486572 8665.946289 138 138 138 
154.153839 3006.000000 8221.538086 139 139 139 
24.936651 530.470581 1450.859741 139 139 139 
22.669683 530.470581 1450.859741 139 139 139 
20.310810 528.081055 1444.324341 139 139 139 
18.054054 528.081055 1444.324341 138 138 138 
15.797297 528.081055 1444.324341 138 138 138 
13.540541 528.081055 1444.324341 138 138 138 
11.283784 528.081055 1444.324341 137 137 137 
9.027027 528.081055 1444.324341 138 138 138 
47.516300 558.316528 1520.521606 140 140 140 
45.007092 556.666687 1516.028320 140 140 140 
42.613113 556.337891 1515.132935 141 141 141 
40.127209 554.699646 1510.671387 142 142 142 
37.545666 551.451965 1501.826660 141 141 141 
35.157894 550.807007 1500.070190 140 140 140 
189.567566 3182.027100 8665.946289 140 140 140 
176.027023 3182.027100 8665.946289 139 139 139 
154.153839 3018.846191 8221.538086 138 138 138 
24.936651 532.737549 1450.859741 138 138 138 
22.669683 532.737549 1450.859741 138 138 138 
20.310810 530.337830 1444.324341 138 138 138 
18.054054 530.337830 1444.324341 137 137 137 
15.797297 530.337830 1444.324341 137 137 137 
13.540541 530.337830 1444.324341 137 137 137 
11.283784 530.337830 1444.324341 137 137 137 
9.027027 530.337830 1444.324341 137 137 137 
45.060356 559.697021 1517.822510 140 139 139 
42.638298 559.035461 1516.028320 143 142 143 
40.174530 557.716980 1512.452881 144 143 143 
37.655903 555.424561 1506.236084 141 141 141 
34.731369 546.440186 1481.871704 140 140 140 
32.415943 546.440186 1481.871704 140 140 140 
167.000000 3031.692383 8221.538086 140 140 140 
154.153839 3031.692383 8221.538086 139 139 139 
24.936651 535.004517 1450.859741 139 139 139 
22.669683 535.004517 1450.859741 139 139 139 
20.310810 532.594604 1444.324341 139 139 139 
18.054054 532.594604 1444.324341 139 139 139 
15.797297 532.594604 1444.324341 138 138 138 
13.540541 532.594604 1444.324341 137 137 137 
11.283784 532.594604 1444.324341 137 137 137 
9.027027 532.594604 1444.324341 136 136 136 
45.140488 563.068176 1520.521606 140 138 139 
42.663513 561.736267 1516.924927 142 140 141 
40.174530 560.080200 1512.452881 142 141 141 
37.722355 558.762329 1508.894165 140 139 139 
34.631336 547.175110 1477.603638 139 139 139 
32.322582 547.175110 1477.603638 139 139 139 
167.000000 3044.538574 8221.538086 139 139 139 
154.153839 3044.538574 8221.538086 139 139 139 
24.936651 537.271484 1450.859741 139 139 139 
22.669683 537.271484 1450.859741 139 139 139 
20.310810 534.851379 1444.324341 139 139 139 
18.054054 534.851379 1444.324341 139 139 139 
15.797297 534.851379 1444.324341 139 139 139 
13.540541 534.851379 1444.324341 138 138 138 
11.283784 534.851379 1444.324341 137 137 137 
9.027027 534.851379 1444.324341 136 136 136 
45.140488 565.443970 1520.521606 141 139 140 
42.688759 564.440247 1517.822510 139 137 138 
40.221958 563.107422 1514.238525 138 136 137 
37.744556 561.450256 1509.782227 139 138 139 
34.315067 544.465759 1464.109619 139 139 139 
32.027397 544.465759 1464.109619 139 139 139 
176.027023 3222.648682 8665.946289 139 139 139 
162.486481 3222.648682 8665.946289 139 139 139 
24.936651 539.538452 1450.859741 139 139 139 
22.669683 539.538452 1450.859741 139 139 139 
20.310810 537.108093 1444.324341 139 139 139 
18.054054 537.108093 1444.324341 138 138 138 
15.797297 537.108093 1444.324341 138 138 138 
13.540541 537.108093 1444.324341 138 138 138 
11.283784 537.108093 1444.324341 138 138 138 
9.027027 537.108093 1444.324341 137 137 137 
45.194065 568.493774 1522.326416 141 139 140 
42.764671 567.819824 1520.521606 136 134 135 
40.245716 565.807434 1515.132935 134 132 133 
37.789040 564.473755 1511.561523 137 137 137 
34.315067 546.753418 1464.109619 138 138 138 
32.027397 546.753418 1464.109619 138 138 138 
176.027023 3236.189209 8665.946289 138 138 138 
162.486481 3236.189209 8665.946289 139 139 139 
24.936651 541.805420 1450.859741 139 139 139 
22.669683 541.805420 1450.859741 139 139 139 
20.402716 541.805420 1450.859741 139 139 139 
18.054054 539.364868 1444.324341 137 137 137 
15.797297 539.364868 1444.324341 137 137 137 
13.540541 539.364868 1444.324341 138 138 138 
11.283784 539.364868 1444.324341 139 139 139 
9.027027 539.364868 1444.324341 137 137 137 
45.247772 571.550781 1524.135498 140 139 140 
42.815430 570.872375 1522.326416 136 136 136 
40.269505 568.510620 1516.028320 133 132 133 
37.811321 567.169800 1512.452881 136 136 136 
35.178467 562.855469 1500.947876 138 138 138 
32.833237 562.855469 1500.947876 138 138 138 
176.027023 3249.729736 8665.946289 138 138 138 
162.486481 3249.729736 8665.946289 138 138 138 
25.164383 549.041077 1464.109619 138 138 138 
22.669683 544.072388 1450.859741 138 138 138 
20.402716 544.072388 1450.859741 137 137 137 
18.054054 541.621643 1444.324341 135 135 135 
15.797297 541.621643 1444.324341 133 133 133 
13.540541 541.621643 1444.324341 136 136 136 
11.283784 541.621643 1444.324341 137 137 137 
9.027027 541.621643 1444.324341 137 137 137 
45.274673 574.273499 1525.041626 139 139 139 
42.840855 573.591431 1523.230347 137 137 137 
40.293316 571.217041 1516.924927 136 136 136 
37.811321 569.533020 1512.452881 138 138 138 
35.448112 569.533020 1512.452881 139 139 139 
200.399994 3449.742920 9161.142578 139 139 139 
186.085709 3449.742920 9161.142578 139 139 139 
162.486481 3263.270264 8665.946289 137 137 137 
25.164383 551.328796 1464.109619 137 137 137 
22.669683 546.339355 1450.859741 137 137 137 
20.402716 546.339355 1450.859741 137 137 137 
18.054054 543.878357 1444.324341 134 134 134 
15.797297 543.878357 1444.324341 132 132 132 
13.540541 543.878357 1444.324341 135 135 135 
11.283784 543.878357 1444.324341 136 136 136 
9.027027 543.878357 1444.324341 135 135 135 
45.301605 576.999390 1525.948853 139 139 139 
42.866310 576.313721 1524.135498 137 137 137 
40.317162 573.926636 1517.822510 139 139 139 
37.833630 572.233643 1513.345093 139 139 139 
35.469028 572.233643 1513.345093 138 138 138 
200.399994 3464.057129 9161.142578 138 138 138 
186.085709 3464.057129 9161.142578 138 138 138 
162.486481 3276.810791 8665.946289 136 136 136 
25.164383 553.616455 1464.109619 136 136 136 
22.669683 548.606323 1450.859741 136 136 136 
20.402716 548.606323 1450.859741 136 136 136 
18.054054 546.135132 1444.324341 135 135 135 
15.797297 546.135132 1444.324341 132 132 132 
13.540541 546.135132 1444.324341 135 135 135 
11.283784 546.135132 1444.324341 135 135 135 
9.027027 546.135132 1444.324341 133 133 133 
47.771156 580.419556 1528.677002 136 136 136 
45.328571 579.728577 1526.857178 138 138 138 
42.866310 578.695190 1524.135498 139 139 139 
40.341030 576.639404 1518.721191 140 140 140 
37.855961 574.937439 1514.238525 138 138 138 
35.489964 574.937439 1514.238525 137 137 137 
200.399994 3478.371338 9161.142578 137 137 137 
186.085709 3478.371338 9161.142578 137 137 137 
162.486481 3290.351318 8665.946289 136 136 136 
24.936651 550.873291 1450.859741 135 135 135 
22.669683 550.873291 1450.859741 135 135 135 
20.402716 550.873291 1450.859741 135 135 135 
18.054054 548.391907 1444.324341 135 135 135 
15.797297 548.391907 1444.324341 133 133 133 
13.540541 548.391907 1444.324341 135 135 135 
11.283784 548.391907 1444.324341 134 134 134 
9.027027 548.391907 1444.324341 132 132 132 
47.771156 582.808105 1528.677002 134 134 134 
45.328571 582.114258 1526.857178 137 137 137 
42.891796 581.422119 1525.041626 139 139 139 
40.341030 579.012451 1518.721191 138 138 138 
37.855961 577.303406 1514.238525 137 137 137 
35.489964 577.303406 1514.238525 136 136 136 
200.399994 3492.685791 9161.142578 136 136 136 
186.085709 3492.685791 9161.142578 135 135 135 
162.486481 3303.891846 8665.946289 135 135 135 
24.936651 553.140259 1450.859741 135 135 135 
22.669683 553.140259 1450.859741 136 136 136 
20.402716 553.140259 1450.859741 135 135 135 
18.054054 550.648621 1444.324341 134 134 134 
15.797297 550.648621 1444.324341 136 136 136 
13.540541 550.648621 1444.324341 137 137 137 
11.283784 550.648621 1444.324341 134 134 134 
9.027027 550.648621 1444.324341 131 131 131 
47.771156 585.196655 1528.677002 136 136 136 
45.355568 584.848145 1527.766479 137 137 137 
42.917313 584.152283 1525.948853 139 139 139 
40.388855 582.074707 1520.521606 138 138 138 
37.878323 580.011841 1515.132935 136 136 136 
35.510929 580.011841 1515.132935 136 136 136 
200.399994 3507.000000 9161.142578 135 135 135 
186.085709 3507.000000 9161.142578 134 134 134 
162.486481 3317.432373 8665.946289 136 136 136 
24.936651 555.407227 1450.859741 138 138 138 
22.669683 555.407227 1450.859741 138 138 138 
20.310810 552.905396 1444.324341 137 137 137 
18.054054 552.905396 1444.324341 135 135 135 
15.797297 552.905396 1444.324341 136 136 136 
13.540541 552.905396 1444.324341 136 136 136 
11.283784 552.905396 1444.324341 134 134 134 
9.027027 552.905396 1444.324341 132 132 132 
47.799641 587.935608 1529.588501 138 138 138 
45.355568 587.235291 1527.766479 139 139 139 
42.942856 586.885742 1526.857178 139 139 139 
40.412811 584.797180 1521.423462 138 138 138 
37.923122 583.067993 1516.924927 138 138 138 
35.552929 583.067993 1516.924927 138 138 138 
200.399994 3521.314209 9161.142578 137 137 137 
186.085709 3521.314209 9161.142578 136 136 136 
162.486481 3330.972900 8665.946289 137 137 137 
24.936651 557.674194 1450.859741 138 138 138 
22.669683 557.674194 1450.859741 138 138 138 
20.310810 555.162170 1444.324341 137 137 137 
18.054054 555.162170 1444.324341 135 135 135 
15.797297 555.162170 1444.324341 133 133 133 
13.540541 555.162170 1444.324341 133 133 133 
11.283784 555.162170 1444.324341 134 134 134 
9.027027 555.162170 1444.324341 133 133 133 
47.799641 590.325562 1529.588501 139 139 139 
45.355568 589.622375 1527.766479 140 140 140 
42.942856 589.271423 1526.857178 140 140 140 
40.412811 587.174377 1521.423462 137 137 137 
37.923122 585.438232 1516.924927 136 136 136 
35.552929 585.438232 1516.924927 135 135 135 
200.399994 3535.628662 9161.142578 134 134 134 
186.085709 3535.628662 9161.142578 133 133 133 
162.486481 3344.513428 8665.946289 134 134 134 
142.679611 3203.805908 8301.359375 135 135 135 
22.669683 559.941162 1450.859741 135 135 135 
20.310810 557.418945 1444.324341 134 134 134 
18.054054 557.418945 1444.324341 134 134 134 
15.797297 557.418945 1444.324341 132 132 132 
13.540541 557.418945 1444.324341 131 131 131 
11.283784 557.418945 1444.324341 133 133 133 
9.027027 557.418945 1444.324341 134 134 134 
47.742702 592.009521 1527.766479 138 138 138 
45.328571 591.657166 1526.857178 140 140 140 
42.917313 591.305176 1525.948853 140 140 140 
40.388855 589.202148 1520.521606 139 139 139 
37.923122 587.808411 1516.924927 137 137 137 
35.552929 587.808411 1516.924927 134 134 134 
200.399994 3549.942871 9161.142578 132 132 132 
186.085709 3549.942871 9161.142578 131 131 131 
162.486481 3358.053955 8665.946289 133 133 133 
143.142853 3227.220703 8328.311523 134 134 134 
22.567568 559.675659 1444.324341 134 134 134 
20.310810 559.675659 1444.324341 134 134 134 
18.054054 559.675659 1444.324341 134 134 134 
15.797297 559.675659 1444.324341 131 131 131 
13.540541 559.675659 1444.324341 130 130 130 
11.283784 559.675659 1444.324341 133 133 133 
9.027027 559.675659 1444.324341 134 134 134 
47.714287 594.042847 1526.857178 135 135 135 
45.301605 593.689453 1525.948853 138 138 138 
42.866310 592.983948 1524.135498 141 141 141 
40.317162 590.527832 1517.822510 141 141 141 
37.900711 589.829773 1516.028320 141 141 141 
214.714279 3564.257080 9161.142578 138 138 138 
219.187500 3898.406250 10020.000000 135 135 135 
186.085709 3564.257080 9161.142578 135 135 135 
171.771423 3564.257080 9161.142578 134 134 134 
143.142853 3240.233887 8328.311523 134 134 134 
22.567568 561.932434 1444.324341 134 134 134 
20.310810 561.932434 1444.324341 134 134 134 
18.054054 561.932434 1444.324341 134 134 134 
15.797297 561.932434 1444.324341 132 132 132 
13.540541 561.932434 1444.324341 132 132 132 
11.283784 561.932434 1444.324341 133 133 133 
9.027027 561.932434 1444.324341 132 132 132 
47.685902 596.073792 1525.948853 134 134 134 
45.247772 595.365417 1524.135498 138 138 138 
42.815430 594.658752 1522.326416 140 140 140 
40.269505 592.198608 1516.028320 141 141 141 
37.878323 591.848816 1515.132935 140 140 140 
234.843750 3914.062500 10020.000000 138 138 138 
219.187500 3914.062500 10020.000000 136 136 136 
203.531250 3914.062500 10020.000000 137 137 137 
171.771423 3578.571533 9161.142578 136 136 136 
142.219360 3232.258057 8274.581055 135 135 135 
22.567568 564.189209 1444.324341 135 135 135 
20.310810 564.189209 1444.324341 135 135 135 
18.054054 564.189209 1444.324341 134 134 134 
15.797297 564.189209 1444.324341 135 135 135 
13.540541 564.189209 1444.324341 135 135 135 
11.283784 564.189209 1444.324341 134 134 134 
9.027027 564.189209 1444.324341 131 131 131 
47.685902 598.458069 1525.948853 136 136 136 
45.247772 597.746887 1524.135498 139 139 139 
42.815430 597.037415 1522.326416 139 139 139 
40.269505 594.567383 1516.028320 137 137 137 
37.900711 594.567383 1516.028320 136 136 136 
234.843750 3929.718750 10020.000000 135 135 135 
219.187500 3929.718750 10020.000000 134 134 134 
203.531250 3929.718750 10020.000000 135 135 135 
187.875000 3929.718750 10020.000000 136 136 136 
142.219360 3245.187012 8274.581055 136 136 136 
22.567568 566.445923 1444.324341 136 136 136 
20.310810 566.445923 1444.324341 136 136 136 
18.054054 566.445923 1444.324341 135 135 135 
15.797297 566.445923 1444.324341 136 136 136 
13.540541 566.445923 1444.324341 137 137 137 
11.283784 566.445923 1444.324341 135 135 135 
9.027027 566.445923 1444.324341 132 132 132 
47.657551 600.485107 1525.041626 136 136 136 
45.247772 600.128357 1524.135498 138 138 138 
42.815430 599.416016 1522.326416 136 136 136 
40.269505 596.936157 1516.028320 133 133 133 
37.900711 596.936157 1516.028320 130 133 132 
234.843750 3945.375000 10020.000000 131 133 132 
219.187500 3945.375000 10020.000000 132 133 133 
203.531250 3945.375000 10020.000000 133 133 133 
187.875000 3945.375000 10020.000000 133 133 133 
157.457138 3607.199951 9161.142578 134 134 134 
22.567568 568.702698 1444.324341 136 134 135 
20.310810 568.702698 1444.324341 138 135 136 
18.054054 568.702698 1444.324341 136 135 135 
15.797297 568.702698 1444.324341 136 136 136 
13.540541 568.702698 1444.324341 137 137 137 
11.283784 568.702698 1444.324341 136 136 136 
9.027027 568.702698 1444.324341 133 133 133 
47.629234 602.509827 1524.135498 136 136 136 
45.194065 601.794678 1522.326416 137 137 137 
42.790035 601.437744 1521.423462 135 135 135 
40.269505 599.304993 1516.028320 134 134 134 
37.900711 599.304993 1516.028320 130 133 132 
234.843750 3961.031250 10020.000000 131 134 133 
219.187500 3961.031250 10020.000000 133 134 134 
203.531250 3961.031250 10020.000000 132 133 133 
187.875000 3961.031250 10020.000000 131 131 131 
157.457138 3621.514404 9161.142578 132 132 132 
22.567568 570.959473 1444.324341 135 133 134 
20.310810 570.959473 1444.324341 138 134 135 
18.054054 570.959473 1444.324341 136 134 135 
15.797297 570.959473 1444.324341 135 135 135 
13.540541 570.959473 1444.324341 136 136 136 
11.283784 570.959473 1444.324341 136 136 136 
9.027027 570.959473 1444.324341 133 133 133 
47.629234 604.891296 1524.135498 137 137 137 
45.167259 603.814941 1521.423462 137 137 137 
42.714031 602.742432 1518.721191 136 136 136 
40.245716 601.318359 1515.132935 136 136 136 
37.878323 601.318359 1515.132935 133 136 135 
234.843750 3976.687500 10020.000000 133 137 136 
219.187500 3976.687500 10020.000000 134 136 135 
203.531250 3976.687500 10020.000000 133 133 133 
187.875000 3976.687500 10020.000000 131 131 131 
157.457138 3635.828613 9161.142578 131 130 130 
22.567568 573.216248 1444.324341 134 131 132 
20.310810 573.216248 1444.324341 136 132 133 
18.054054 573.216248 1444.324341 135 133 134 
15.797297 573.216248 1444.324341 134 134 134 
13.540541 573.216248 1444.324341 135 135 135 
11.283784 573.216248 1444.324341 135 135 135 
9.027027 573.216248 1444.324341 133 133 133 
47.516300 605.832825 1520.521606 136 136 136 
45.087032 605.115479 1518.721191 137 137 137 
42.638298 604.042542 1516.028320 137 137 137 
40.221958 603.329407 1514.238525 137 137 137 
37.855961 603.329407 1514.238525 135 138 137 
234.843750 3992.343750 10020.000000 135 138 137 
219.187500 3992.343750 10020.000000 136 137 136 
203.531250 3992.343750 10020.000000 133 133 133 
187.875000 3992.343750 10020.000000 130 130 130 
157.457138 3650.142822 9161.142578 130 129 129 
22.567568 575.472961 1444.324341 132 130 131 
20.310810 575.472961 1444.324341 135 131 132 
18.054054 575.472961 1444.324341 134 132 133 
15.797297 575.472961 1444.324341 134 134 134 
13.540541 575.472961 1444.324341 135 134 134 
11.283784 575.472961 1444.324341 135 135 135 
9.027027 575.472961 1444.324341 133 133 133 
47.375885 606.411377 1516.028320 135 135 135 
45.007092 606.411377 1516.028320 136 136 136 
42.613113 606.053162 1515.132935 137 137 137 
40.221958 605.695374 1514.238525 137 137 137 
37.855961 605.695374 1514.238525 136 137 137 
234.843750 4008.000000 10020.000000 137 138 137 
219.187500 4008.000000 10020.000000 137 138 137 
203.531250 4008.000000 10020.000000 135 135 135 
187.875000 4008.000000 10020.000000 132 132 132 
157.457138 3664.457031 9161.142578 130 130 130 
22.567568 577.729736 1444.324341 130 129 129 
20.310810 577.729736 1444.324341 131 130 130 
18.054054 577.729736 1444.324341 132 130 131 
15.797297 577.729736 1444.324341 134 133 133 
13.540541 577.729736 1444.324341 136 134 135 
11.283784 577.729736 1444.324341 134 133 134 
9.027027 577.729736 1444.324341 135 133 134 
47.375885 608.780151 1516.028320 135 135 135 
45.007092 608.780151 1516.028320 135 135 135 
42.613113 608.420532 1515.132935 136 136 136 
40.221958 608.061401 1514.238525 136 136 136 
37.855961 608.061401 1514.238525 136 136 136 
234.843750 4023.656250 10020.000000 136 136 136 
219.187500 4023.656250 10020.000000 137 137 137 
203.531250 4023.656250 10020.000000 136 136 136 
187.875000 4023.656250 10020.000000 134 134 134 
172.218750 4023.656250 10020.000000 133 133 133 
135.405411 3479.918945 8665.946289 130 130 130 
20.310810 579.986511 1444.324341 128 127 128 
18.054054 579.986511 1444.324341 130 128 129 
15.797297 579.986511 1444.324341 134 132 133 
13.540541 579.986511 1444.324341 136 134 135 
11.283784 579.986511 1444.324341 134 132 133 
9.027027 579.986511 1444.324341 134 132 133 
47.375885 611.148926 1516.028320 135 135 135 
45.007092 611.148926 1516.028320 135 135 135 
42.613113 610.787964 1515.132935 135 135 135 
40.221958 610.427368 1514.238525 134 134 134 
37.855961 610.427368 1514.238525 134 134 134 
234.843750 4039.312500 10020.000000 135 135 135 
219.187500 4039.312500 10020.000000 136 136 136 
203.531250 4039.312500 10020.000000 134 134 134 
187.875000 4039.312500 10020.000000 134 134 134 
172.218750 4039.312500 10020.000000 135 135 135 
143.142853 3693.085693 9161.142578 132 132 132 
20.310810 582.243225 1444.324341 127 127 127 
18.054054 582.243225 1444.324341 128 127 128 
15.797297 582.243225 1444.324341 133 131 132 
13.540541 582.243225 1444.324341 135 133 134 
11.283784 582.243225 1444.324341 133 131 132 
9.027027 582.243225 1444.324341 133 131 132 
47.403904 613.880554 1516.924927 135 135 135 
45.033707 613.880554 1516.924927 135 135 135 
42.638298 613.517761 1516.028320 134 134 134 
40.245716 613.155334 1515.132935 133 133 133 
37.878323 613.155334 1515.132935 133 133 133 
234.843750 4054.968750 10020.000000 134 134 134 
219.187500 4054.968750 10020.000000 134 134 134 
203.531250 4054.968750 10020.000000 133 133 133 
187.875000 4054.968750 10020.000000 132 132 132 
172.218750 4054.968750 10020.000000 134 134 134 
143.142853 3707.399902 9161.142578 134 134 134 
20.310810 584.500000 1444.324341 129 129 129 
18.054054 584.500000 1444.324341 128 127 128 
15.797297 584.500000 1444.324341 132 131 131 
13.540541 584.500000 1444.324341 134 133 133 
11.283784 584.500000 1444.324341 132 131 131 
9.027027 584.500000 1444.324341 131 130 131 
47.431953 616.615356 1517.822510 137 136 136 
45.060356 616.615356 1517.822510 137 134 135 
42.663513 616.250732 1516.924927 135 133 134 
40.269505 615.886536 1516.028320 134 132 132 
37.900711 615.886536 1516.028320 133 132 132 
234.843750 4070.625000 10020.000000 133 133 133 
219.187500 4070.625000 10020.000000 133 133 133 
203.531250 4070.625000 10020.000000 133 133 133 
187.875000 4070.625000 10020.000000 132 132 132 
172.218750 4070.625000 10020.000000 133 133 133 
135.405411 3520.540527 8665.946289 133 133 133 
20.310810 586.756775 1444.324341 129 129 129 
18.054054 586.756775 1444.324341 128 127 126 
15.797297 586.756775 1444.324341 131 131 128 
13.540541 586.756775 1444.324341 134 133 131 
11.283784 586.756775 1444.324341 132 131 130 
9.027027 586.756775 1444.324341 130 129 130 
47.460037 619.353455 1518.721191 137 136 136 
45.087032 619.353455 1518.721191 136 135 136 
42.688759 618.987000 1517.822510 135 133 134 
40.269505 618.255310 1516.028320 134 132 133 
37.900711 618.255310 1516.028320 132 132 132 
234.843750 4086.281250 10020.000000 132 132 132 
219.187500 4086.281250 10020.000000 132 132 132 
203.531250 4086.281250 10020.000000 132 132 132 
187.875000 4086.281250 10020.000000 132 132 132 
172.218750 4086.281250 10020.000000 133 133 133 
135.405411 3534.081055 8665.946289 132 132 132 
20.310810 589.013489 1444.324341 129 129 129 
18.054054 589.013489 1444.324341 126 127 125 
15.797297 589.013489 1444.324341 128 128 126 
13.540541 589.013489 1444.324341 130 130 129 
11.283784 589.013489 1444.324341 130 130 129 
9.027027 589.013489 1444.324341 129 129 130 
47.460037 621.726440 1518.721191 137 137 137 
45.087032 621.726440 1518.721191 136 137 136 
42.688759 621.358582 1517.822510 135 135 135 
40.269505 620.624084 1516.028320 133 134 133 
37.900711 620.624084 1516.028320 131 132 131 
234.843750 4101.937500 10020.000000 131 131 131 
219.187500 4101.937500 10020.000000 131 131 131 
203.531250 4101.937500 10020.000000 131 131 131 
187.875000 4101.937500 10020.000000 132 132 132 
172.218750 4101.937500 10020.000000 133 133 133 
135.405411 3547.621582 8665.946289 132 132 132 
20.310810 591.270264 1444.324341 129 129 129 
18.054054 591.270264 1444.324341 126 126 127 
15.797297 591.270264 1444.324341 125 125 126 
13.540541 591.270264 1444.324341 127 127 127 
11.283784 591.270264 1444.324341 129 129 129 
9.027027 591.270264 1444.324341 129 129 129 
47.460037 624.099487 1518.721191 136 137 137 
45.060356 623.730164 1517.822510 135 138 137 
42.688759 623.730164 1517.822510 134 136 135 
40.269505 622.992920 1516.028320 133 135 134 
37.900711 622.992920 1516.028320 130 131 131 
234.843750 4117.593750 10020.000000 129 129 129 
219.187500 4117.593750 10020.000000 129 129 129 
203.531250 4117.593750 10020.000000 129 129 129 
187.875000 4117.593750 10020.000000 131 131 131 
172.218750 4117.593750 10020.000000 133 133 133 
135.405411 3561.162109 8665.946289 132 132 132 
20.310810 593.527039 1444.324341 129 129 129 
18.054054 593.527039 1444.324341 127 127 129 
15.797297 593.527039 1444.324341 125 125 127 
13.540541 593.527039 1444.324341 126 125 128 
11.283784 593.527039 1444.324341 129 129 131 
9.027027 593.527039 1444.324341 130 130 129 
47.431953 626.101807 1517.822510 135 136 136 
45.060356 626.101807 1517.822510 134 135 135 
42.663513 625.731506 1516.924927 135 136 135 
40.245716 624.992310 1515.132935 134 135 135 
37.878323 624.992310 1515.132935 130 131 131 
234.843750 4133.250000 10020.000000 128 128 128 
203.531250 4133.250000 10020.000000 128 128 128 
187.875000 4133.250000 10020.000000 131 131 131 
148.945953 3574.702637 8665.946289 132 132 132 
122.195122 3225.951172 7820.487793 131 131 131 
20.310810 595.783813 1444.324341 130 130 130 
18.054054 595.783813 1444.324341 129 129 130 
15.797297 595.783813 1444.324341 129 128 130 
13.540541 595.783813 1444.324341 129 129 130 
11.283784 595.783813 1444.324341 131 131 132 
9.027027 595.783813 1444.324341 131 131 131 
47.431953 628.473389 1517.822510 136 136 136 
45.060356 628.473389 1517.822510 133 133 133 
42.663513 628.101746 1516.924927 133 133 133 
40.245716 627.359741 1515.132935 134 134 134 
37.878323 627.359741 1515.132935 132 132 132 
234.843750 4148.906250 10020.000000 129 129 129 
187.875000 4148.906250 10020.000000 130 130 130 
148.945953 3588.243164 8665.946289 131 131 131 
122.195122 3238.170654 7820.487793 131 131 131 
20.310810 598.040527 1444.324341 131 131 131 
18.054054 598.040527 1444.324341 130 130 130 
15.797297 598.040527 1444.324341 130 130 130 
13.540541 598.040527 1444.324341 131 131 131 
11.283784 598.040527 1444.324341 132 132 132 
9.027027 598.040527 1444.324341 132 132 132 
47.516300 631.966797 1520.521606 136 136 136 
45.113743 631.592407 1519.620850 130 130 130 
42.688759 630.844971 1517.822510 129 129 129 
40.269505 630.099304 1516.028320 133 133 133 
37.878323 629.727112 1515.132935 133 133 133 
234.843750 4164.562500 10020.000000 130 130 130 
187.875000 4164.562500 10020.000000 130 130 130 
148.945953 3601.783691 8665.946289 131 131 131 
122.195122 3250.390137 7820.487793 131 131 131 
20.310810 600.297302 1444.324341 131 131 131 
18.054054 600.297302 1444.324341 130 130 130 
15.797297 600.297302 1444.324341 130 130 130 
13.540541 600.297302 1444.324341 131 131 131 
11.283784 600.297302 1444.324341 132 132 132 
9.027027 600.297302 1444.324341 132 132 132 
47.572701 635.095520 1522.326416 135 135 135 
45.167259 634.718872 1521.423462 128 128 128 
42.764671 634.342651 1520.521606 126 126 126 
40.317162 633.216553 1517.822510 131 131 131 
37.855961 631.721375 1514.238525 134 134 134 
35.489964 631.721375 1514.238525 131 131 131 
187.875000 4180.218750 10020.000000 130 130 130 
148.945953 3615.324219 8665.946289 131 131 131 
122.195122 3262.609863 7820.487793 131 131 131 
20.310810 602.554077 1444.324341 131 131 131 
18.054054 602.554077 1444.324341 130 130 130 
15.797297 602.554077 1444.324341 130 130 130 
13.540541 602.554077 1444.324341 131 131 131 
11.283784 602.554077 1444.324341 132 132 132 
9.027027 602.554077 1444.324341 132 132 132 
47.600948 637.852722 1523.230347 134 134 134 
45.194065 637.474182 1522.326416 130 130 130 
42.790035 637.096069 1521.423462 127 127 127 
40.341030 635.964478 1518.721191 130 130 130 
37.855961 634.087341 1514.238525 133 134 134 
35.489964 634.087341 1514.238525 132 133 132 
219.187500 4195.875000 10020.000000 129 130 130 
203.531250 4195.875000 10020.000000 128 129 128 
187.875000 4195.875000 10020.000000 127 128 128 
148.945953 3628.864990 8665.946289 128 129 129 
22.567568 604.810791 1444.324341 129 131 130 
20.310810 604.810791 1444.324341 129 130 130 
18.054054 604.810791 1444.324341 130 130 130 
15.797297 604.810791 1444.324341 131 131 131 
13.540541 604.810791 1444.324341 131 131 131 
11.283784 604.810791 1444.324341 131 131 131 
9.027027 604.810791 1444.324341 131 131 131 
47.629234 640.613220 1524.135498 133 133 133 
45.220901 640.232788 1523.230347 134 134 134 
42.815430 639.852844 1522.326416 131 131 131 
40.388855 639.094238 1520.521606 132 132 132 
37.878323 636.829285 1515.132935 133 134 133 
35.510929 636.829285 1515.132935 131 133 132 
219.187500 4211.531250 10020.000000 130 132 131 
203.531250 4211.531250 10020.000000 128 130 129 
187.875000 4211.531250 10020.000000 126 128 127 
148.945953 3642.405518 8665.946289 127 129 128 
22.567568 607.067566 1444.324341 129 131 130 
20.310810 607.067566 1444.324341 128 130 129 
18.054054 607.067566 1444.324341 130 130 130 
15.797297 607.067566 1444.324341 131 131 131 
13.540541 607.067566 1444.324341 131 131 131 
11.283784 607.067566 1444.324341 131 131 131 
9.027027 607.067566 1444.324341 130 130 130 
47.657551 643.376953 1525.041626 130 130 130 
45.247772 642.994629 1524.135498 135 135 135 
42.840855 642.612854 1523.230347 134 134 134 
40.388855 641.470093 1520.521606 133 133 133 
37.878323 639.196716 1515.132935 132 133 133 
35.510929 639.196716 1515.132935 130 132 131 
219.187500 4227.187500 10020.000000 130 132 131 
203.531250 4227.187500 10020.000000 129 131 130 
187.875000 4227.187500 10020.000000 128 130 129 
148.945953 3655.946045 8665.946289 129 131 130 
22.567568 609.324341 1444.324341 129 131 130 
20.310810 609.324341 1444.324341 128 130 129 
18.054054 609.324341 1444.324341 130 130 130 
15.797297 609.324341 1444.324341 131 131 131 
13.540541 609.324341 1444.324341 131 131 131 
11.283784 609.324341 1444.324341 131 131 131 
9.027027 609.324341 1444.324341 130 130 130 
47.685902 646.143982 1525.948853 128 128 128 
45.274673 645.759827 1525.041626 132 132 132 
42.866310 645.376099 1524.135498 133 133 133 
40.412811 644.227783 1521.423462 131 131 131 
37.900711 641.943237 1516.028320 130 131 131 
35.531914 641.943237 1516.028320 130 132 131 
219.187500 4242.843750 10020.000000 130 132 131 
203.531250 4242.843750 10020.000000 130 132 131 
187.875000 4242.843750 10020.000000 130 131 131 
148.945953 3669.486572 8665.946289 130 132 131 
22.669683 614.348389 1450.859741 129 131 130 
20.310810 611.581055 1444.324341 128 129 128 
18.054054 611.581055 1444.324341 130 130 130 
15.797297 611.581055 1444.324341 131 131 131 
13.540541 611.581055 1444.324341 131 131 131 
11.283784 611.581055 1444.324341 131 131 131 
9.027027 611.581055 1444.324341 129 129 129 
47.685902 648.528259 1525.948853 129 129 129 
45.301605 648.528259 1525.948853 131 131 131 
42.866310 647.757568 1524.135498 130 130 130 
40.412811 646.604980 1521.423462 129 129 129 
38.035587 646.604980 1521.423462 128 129 129 
234.843750 4258.500000 10020.000000 129 129 129 
187.875000 4258.500000 10020.000000 129 130 129 
148.945953 3683.027100 8665.946289 129 129 129 
124.472054 3385.639648 7966.211426 129 130 129 
20.310810 613.837830 1444.324341 129 129 129 
18.054054 613.837830 1444.324341 131 131 131 
15.797297 613.837830 1444.324341 130 130 130 
13.540541 613.837830 1444.324341 130 130 130 
11.283784 613.837830 1444.324341 130 130 130 
9.027027 613.837830 1444.324341 129 129 129 
47.685902 650.912537 1525.948853 131 131 131 
45.301605 650.912537 1525.948853 130 130 130 
42.866310 650.139038 1524.135498 129 129 129 
40.412811 648.982178 1521.423462 129 129 129 
38.035587 648.982178 1521.423462 128 128 128 
234.843750 4274.156250 10020.000000 128 128 128 
187.875000 4274.156250 10020.000000 129 129 129 
148.945953 3696.567627 8665.946289 129 129 129 
125.250000 3419.324951 8016.000000 130 130 130 
20.310810 616.094604 1444.324341 131 131 131 
18.054054 616.094604 1444.324341 131 131 131 
15.797297 616.094604 1444.324341 129 129 129 
13.540541 616.094604 1444.324341 128 128 128 
11.283784 616.094604 1444.324341 129 129 129 
9.027027 616.094604 1444.324341 128 128 128 
47.685902 653.296875 1525.948853 129 129 129 
45.274673 652.908447 1525.041626 129 129 129 
42.866310 652.520508 1524.135498 129 129 129 
40.388855 650.973328 1520.521606 129 129 129 
38.013042 650.973328 1520.521606 128 128 128 
234.843750 4289.812500 10020.000000 127 127 127 
187.875000 4289.812500 10020.000000 129 129 129 
148.945953 3710.108154 8665.946289 129 129 129 
125.642632 3442.608154 8041.128418 129 129 129 
20.310810 618.351379 1444.324341 130 130 130 
18.054054 618.351379 1444.324341 130 130 130 
15.797297 618.351379 1444.324341 128 128 128 
13.540541 618.351379 1444.324341 126 126 126 
11.283784 618.351379 1444.324341 127 127 127 
9.027027 618.351379 1444.324341 127 127 127 
47.685902 655.681152 1525.948853 127 127 127 
45.274673 655.291321 1525.041626 127 128 128 
42.840855 654.513062 1523.230347 128 128 129 
40.364929 652.962097 1519.620850 129 129 129 
37.990520 652.962097 1519.620850 127 127 127 
234.843750 4305.468750 10020.000000 127 127 127 
187.875000 4305.468750 10020.000000 126 126 126 
148.945953 3723.648682 8665.946289 125 125 125 
126.435333 3476.971680 8091.861328 126 126 126 
20.310810 620.608093 1444.324341 127 127 127 
18.054054 620.608093 1444.324341 128 128 128 
15.797297 620.608093 1444.324341 126 126 126 
13.540541 620.608093 1444.324341 125 125 125 
11.283784 620.608093 1444.324341 126 126 126 
9.027027 620.608093 1444.324341 127 127 127 
47.685902 658.065430 1525.948853 128 129 130 
45.247772 657.283447 1524.135498 128 129 130 
42.815430 656.503235 1522.326416 128 129 130 
40.293316 654.173889 1516.924927 128 129 130 
37.923122 654.173889 1516.924927 128 129 129 
234.843750 4321.125000 10020.000000 125 125 125 
187.875000 4321.125000 10020.000000 127 127 127 
148.945953 3737.189209 8665.946289 125 125 125 
127.238098 3511.771484 8143.238281 124 124 124 
20.310810 622.864868 1444.324341 124 124 124 
18.054054 622.864868 1444.324341 126 126 126 
15.797297 622.864868 1444.324341 125 125 125 
13.540541 622.864868 1444.324341 124 124 124 
11.283784 622.864868 1444.324341 125 125 125 
9.027027 622.864868 1444.324341 125 125 125 
47.657551 660.057068 1525.041626 129 130 132 
45.247772 659.664856 1524.135498 129 130 132 
42.790035 658.491089 1521.423462 128 129 131 
40.245716 655.768433 1515.132935 127 128 130 
37.878323 655.768433 1515.132935 129 129 130 
234.843750 4336.781250 10020.000000 126 126 126 
219.187500 4336.781250 10020.000000 124 124 124 
203.531250 4336.781250 10020.000000 128 128 128 
187.875000 4336.781250 10020.000000 129 129 129 
157.457138 3965.057129 9161.142578 128 128 128 
127.238098 3524.495361 8143.238281 127 127 127 
20.310810 625.121643 1444.324341 127 127 127 
18.054054 625.121643 1444.324341 127 127 127 
15.797297 625.121643 1444.324341 125 125 125 
13.540541 625.121643 1444.324341 124 124 124 
11.283784 625.121643 1444.324341 124 124 124 
9.027027 625.121643 1444.324341 125 125 125 
47.657551 662.439941 1525.041626 129 130 132 
45.220901 661.653198 1523.230347 129 130 132 
42.790035 660.868347 1521.423462 128 129 131 
40.221958 657.747314 1514.238525 127 128 130 
37.855961 657.747314 1514.238525 129 129 130 
234.843750 4352.437500 10020.000000 128 128 128 
219.187500 4352.437500 10020.000000 127 127 127 
203.531250 4352.437500 10020.000000 129 129 129 
187.875000 4352.437500 10020.000000 131 131 131 
157.457138 3979.371338 9161.142578 131 131 131 
22.567568 627.378357 1444.324341 130 130 130 
20.310810 627.378357 1444.324341 129 129 129 
18.054054 627.378357 1444.324341 128 128 128 
15.797297 627.378357 1444.324341 126 126 126 
13.540541 627.378357 1444.324341 124 124 124 
11.283784 627.378357 1444.324341 124 124 124 
9.027027 627.378357 1444.324341 125 125 125 
47.657551 664.822815 1525.041626 129 130 132 
45.220901 664.033264 1523.230347 129 130 132 
42.790035 663.245544 1521.423462 128 129 131 
40.198231 659.723877 1513.345093 127 128 130 
37.833630 659.723877 1513.345093 129 129 130 
234.843750 4368.093750 10020.000000 130 130 130 
219.187500 4368.093750 10020.000000 130 130 130 
203.531250 4368.093750 10020.000000 130 130 130 
187.875000 4368.093750 10020.000000 130 130 130 
157.457138 3993.685791 9161.142578 129 129 129 
22.567568 629.635132 1444.324341 129 129 129 
20.310810 629.635132 1444.324341 128 128 128 
18.054054 629.635132 1444.324341 129 129 129 
15.797297 629.635132 1444.324341 127 127 127 
13.540541 629.635132 1444.324341 123 123 123 
11.283784 629.635132 1444.324341 123 123 123 
9.027027 629.635132 1444.324341 125 125 125 
47.657551 667.205688 1525.041626 130 130 131 
45.220901 666.413330 1523.230347 129 130 130 
42.764671 665.228210 1520.521606 128 129 129 
40.174530 661.698120 1512.452881 128 128 129 
37.811321 661.698120 1512.452881 128 129 129 
234.843750 4383.750000 10020.000000 129 129 129 
219.187500 4383.750000 10020.000000 130 130 130 
203.531250 4383.750000 10020.000000 130 130 130 
187.875000 4383.750000 10020.000000 129 129 129 
157.457138 4008.000000 9161.142578 128 128 128 
22.567568 631.891907 1444.324341 128 128 128 
20.310810 631.891907 1444.324341 128 128 128 
18.054054 631.891907 1444.324341 129 129 129 
15.797297 631.891907 1444.324341 128 128 128 
13.540541 631.891907 1444.324341 125 125 125 
11.283784 631.891907 1444.324341 124 124 124 
9.027027 631.891907 1444.324341 126 126 126 
47.657551 669.588562 1525.041626 130 130 130 
45.220901 668.793335 1523.230347 129 129 129 
42.764671 667.604004 1520.521606 128 128 128 
40.174530 664.061340 1512.452881 128 128 128 
37.811321 664.061340 1512.452881 128 128 128 
234.843750 4399.406250 10020.000000 129 129 129 
219.187500 4399.406250 10020.000000 129 129 129 
203.531250 4399.406250 10020.000000 129 129 129 
187.875000 4399.406250 10020.000000 128 128 128 
157.457138 4022.314209 9161.142578 128 128 128 
22.567568 634.148621 1444.324341 128 128 128 
20.310810 634.148621 1444.324341 128 128 128 
18.054054 634.148621 1444.324341 128 128 128 
15.797297 634.148621 1444.324341 128 128 128 
13.540541 634.148621 1444.324341 127 127 127 
11.283784 634.148621 1444.324341 126 126 126 
9.027027 634.148621 1444.324341 127 127 127 
47.657551 671.971436 1525.041626 129 129 129 
45.220901 671.173401 1523.230347 128 128 128 
42.764671 669.979858 1520.521606 128 128 128 
40.174530 666.424500 1512.452881 127 127 127 
37.811321 666.424500 1512.452881 128 128 128 
234.843750 4415.062500 10020.000000 129 129 129 
219.187500 4415.062500 10020.000000 128 128 128 
203.531250 4415.062500 10020.000000 127 127 127 
187.875000 4415.062500 10020.000000 127 127 127 
157.457138 4036.628662 9161.142578 127 127 127 
22.567568 636.405396 1444.324341 127 127 127 
20.310810 636.405396 1444.324341 127 127 127 
18.054054 636.405396 1444.324341 127 127 127 
15.797297 636.405396 1444.324341 127 127 127 
13.540541 636.405396 1444.324341 127 127 127 
11.283784 636.405396 1444.324341 127 127 127 
9.027027 636.405396 1444.324341 128 128 128 
47.629234 673.953674 1524.135498 129 129 129 
45.194065 673.153687 1522.326416 128 128 128 
42.764671 672.355652 1520.521606 127 127 127 
40.174530 668.787720 1512.452881 127 127 127 
37.811321 668.787720 1512.452881 128 128 128 
234.843750 4430.718750 10020.000000 128 128 129 
219.187500 4430.718750 10020.000000 127 127 127 
203.531250 4430.718750 10020.000000 125 125 125 
187.875000 4430.718750 10020.000000 125 125 125 
157.457138 4050.942871 9161.142578 126 126 126 
22.567568 638.662170 1444.324341 126 126 126 
20.310810 638.662170 1444.324341 126 126 126 
18.054054 638.662170 1444.324341 126 126 126 
15.797297 638.662170 1444.324341 127 127 127 
13.540541 638.662170 1444.324341 127 127 127 
11.283784 638.662170 1444.324341 128 128 128 
9.027027 638.662170 1444.324341 128 128 128 
47.572701 675.532349 1522.326416 129 129 129 
45.167259 675.131653 1521.423462 129 129 129 
42.714031 673.932495 1518.721191 128 128 128 
40.127209 670.360413 1510.671387 127 127 127 
37.766785 670.360413 1510.671387 127 127 128 
234.843750 4446.375000 10020.000000 127 127 128 
219.187500 4446.375000 10020.000000 125 125 126 
203.531250 4446.375000 10020.000000 123 123 124 
187.875000 4446.375000 10020.000000 122 122 124 
157.457138 4065.257080 9161.142578 123 123 124 
22.567568 640.918945 1444.324341 124 124 125 
20.310810 640.918945 1444.324341 123 123 125 
18.054054 640.918945 1444.324341 124 124 125 
15.797297 640.918945 1444.324341 125 125 125 
13.540541 640.918945 1444.324341 126 126 126 
11.283784 640.918945 1444.324341 128 128 128 
9.027027 640.918945 1444.324341 128 128 128 
47.544483 677.508911 1521.423462 129 129 129 
45.113743 676.706177 1519.620850 129 129 129 
42.663513 675.505615 1516.924927 129 129 129 
40.103592 672.324890 1509.782227 127 127 127 
37.744556 672.324890 1509.782227 126 126 128 
234.843750 4462.031250 10020.000000 126 126 128 
219.187500 4462.031250 10020.000000 124 124 126 
203.531250 4462.031250 10020.000000 123 123 125 
187.875000 4462.031250 10020.000000 122 122 124 
157.457138 4079.571533 9161.142578 120 120 122 
22.567568 643.175659 1444.324341 119 119 121 
20.310810 643.175659 1444.324341 122 122 124 
18.054054 643.175659 1444.324341 124 124 124 
15.797297 643.175659 1444.324341 124 124 124 
13.540541 643.175659 1444.324341 126 126 126 
11.283784 643.175659 1444.324341 127 127 127 
9.027027 643.175659 1444.324341 127 127 127 
47.516300 679.483093 1520.521606 129 129 129 
45.060356 678.276917 1517.822510 129 129 129 
42.587959 676.675354 1514.238525 129 129 129 
40.080002 674.287048 1508.894165 127 127 127 
37.722355 674.287048 1508.894165 126 126 127 
234.843750 4477.687500 10020.000000 126 126 128 
219.187500 4477.687500 10020.000000 125 125 127 
203.531250 4477.687500 10020.000000 125 125 127 
187.875000 4477.687500 10020.000000 125 125 127 
157.457138 4093.885742 9161.142578 121 121 123 
22.567568 645.432434 1444.324341 118 118 120 
20.310810 645.432434 1444.324341 121 121 123 
18.054054 645.432434 1444.324341 123 123 124 
15.797297 645.432434 1444.324341 124 124 124 
13.540541 645.432434 1444.324341 125 125 125 
11.283784 645.432434 1444.324341 126 126 126 
9.027027 645.432434 1444.324341 126 126 126 
47.431953 680.648499 1517.822510 129 129 129 
45.007092 679.843994 1516.028320 129 129 129 
42.537735 678.240540 1512.452881 129 129 129 
40.056438 676.246887 1508.007080 127 127 127 
37.700176 676.246887 1508.007080 126 126 127 
234.843750 4493.343750 10020.000000 126 126 128 
219.187500 4493.343750 10020.000000 126 126 128 
203.531250 4493.343750 10020.000000 126 126 128 
187.875000 4493.343750 10020.000000 126 126 128 
157.457138 4108.200195 9161.142578 124 124 126 
22.567568 647.689209 1444.324341 122 122 124 
20.310810 647.689209 1444.324341 121 121 123 
18.054054 647.689209 1444.324341 122 122 123 
15.797297 647.689209 1444.324341 123 123 123 
13.540541 647.689209 1444.324341 125 125 125 
11.283784 647.689209 1444.324341 126 126 126 
9.027027 647.689209 1444.324341 127 127 127 
47.403904 682.616211 1516.924927 129 129 129 
44.980507 681.809814 1515.132935 129 129 129 
42.537735 680.603760 1512.452881 128 128 128 
40.032902 678.204468 1507.121094 127 127 127 
37.678024 678.204468 1507.121094 126 126 126 
234.843750 4509.000000 10020.000000 126 126 127 
219.187500 4509.000000 10020.000000 127 127 127 
203.531250 4509.000000 10020.000000 127 127 128 
187.875000 4509.000000 10020.000000 127 127 128 
157.457138 4122.514160 9161.142578 126 126 127 
22.567568 649.945923 1444.324341 124 124 125 
20.310810 649.945923 1444.324341 122 122 123 
18.054054 649.945923 1444.324341 122 122 123 
15.797297 649.945923 1444.324341 123 123 123 
13.540541 649.945923 1444.324341 124 124 124 
11.283784 649.945923 1444.324341 125 125 125 
9.027027 649.945923 1444.324341 126 126 126 
47.403904 684.986389 1516.924927 129 129 129 
44.980507 684.177185 1515.132935 128 128 128 
42.537735 682.966980 1512.452881 127 127 127 
40.032902 680.559326 1507.121094 127 127 127 
37.678024 680.559326 1507.121094 126 126 126 
234.843750 4524.656250 10020.000000 126 126 126 
219.187500 4524.656250 10020.000000 126 126 126 
203.531250 4524.656250 10020.000000 127 127 127 
187.875000 4524.656250 10020.000000 127 127 127 
157.457138 4136.828613 9161.142578 126 126 126 
22.567568 652.202698 1444.324341 125 125 125 
20.310810 652.202698 1444.324341 123 123 123 
18.054054 652.202698 1444.324341 124 124 124 
15.797297 652.202698 1444.324341 124 124 124 
13.540541 652.202698 1444.324341 124 124 124 
11.283784 652.202698 1444.324341 124 124 124 
9.027027 652.202698 1444.324341 124 124 124 
47.403904 687.356567 1516.924927 128 128 128 
44.980507 686.544617 1515.132935 127 127 127 
42.537735 685.330200 1512.452881 127 127 127 
40.056438 683.315674 1508.007080 126 126 126 
37.700176 683.315674 1508.007080 124 124 124 
234.843750 4540.312500 10020.000000 124 124 124 
219.187500 4540.312500 10020.000000 125 125 125 
203.531250 4540.312500 10020.000000 125 125 125 
187.875000 4540.312500 10020.000000 126 126 126 
157.457138 4151.143066 9161.142578 125 125 125 
22.567568 654.459473 1444.324341 125 125 125 
20.310810 654.459473 1444.324341 125 125 125 
18.054054 654.459473 1444.324341 125 125 125 
15.797297 654.459473 1444.324341 125 125 125 
13.540541 654.459473 1444.324341 124 124 124 
11.283784 654.459473 1444.324341 123 123 123 
9.027027 654.459473 1444.324341 121 121 121 
45.007092 689.319153 1516.028320 127 127 127 
42.537735 687.693420 1512.452881 126 126 126 
40.056438 685.671936 1508.007080 125 125 125 
37.700176 685.671936 1508.007080 123 123 123 
234.843750 4555.968750 10020.000000 123 123 123 
219.187500 4555.968750 10020.000000 123 123 124 
203.531250 4555.968750 10020.000000 124 124 124 
187.875000 4555.968750 10020.000000 124 124 125 
157.457138 4165.457031 9161.142578 125 125 125 
22.567568 656.716248 1444.324341 125 125 125 
20.310810 656.716248 1444.324341 126 126 126 
18.054054 656.716248 1444.324341 126 126 126 
15.797297 656.716248 1444.324341 125 125 126 
13.540541 656.716248 1444.324341 124 124 124 
11.283784 656.716248 1444.324341 122 122 122 
9.027027 656.716248 1444.324341 119 119 119 
45.060356 692.506531 1517.822510 125 125 125 
42.562832 690.463745 1513.345093 124 124 124 
40.056438 688.028198 1508.007080 123 123 123 
37.700176 688.028198 1508.007080 121 121 122 
234.843750 4571.625000 10020.000000 120 120 122 
219.187500 4571.625000 10020.000000 122 122 124 
203.531250 4571.625000 10020.000000 124 124 125 
187.875000 4571.625000 10020.000000 124 124 126 
148.945953 3953.837891 8665.946289 124 124 125 
22.567568 658.972961 1444.324341 125 125 126 
20.310810 658.972961 1444.324341 126 126 128 
18.054054 658.972961 1444.324341 127 127 129 
15.797297 658.972961 1444.324341 126 126 128 
13.540541 658.972961 1444.324341 124 124 125 
11.283784 658.972961 1444.324341 122 122 123 
9.027027 658.972961 1444.324341 119 119 120 
45.140488 696.113831 1520.521606 125 125 125 
42.613113 693.646790 1515.132935 124 124 124 
40.080002 690.790588 1508.894165 123 123 123 
37.722355 690.790588 1508.894165 120 120 122 
234.843750 4587.281250 10020.000000 120 120 122 
219.187500 4587.281250 10020.000000 122 122 124 
203.531250 4587.281250 10020.000000 124 124 126 
187.875000 4587.281250 10020.000000 125 125 127 
148.945953 3967.378418 8665.946289 123 123 125 
22.567568 661.229736 1444.324341 124 124 126 
20.310810 661.229736 1444.324341 126 126 128 
18.054054 661.229736 1444.324341 127 127 129 
15.797297 661.229736 1444.324341 126 126 128 
13.540541 661.229736 1444.324341 124 124 126 
11.283784 661.229736 1444.324341 123 123 125 
9.027027 661.229736 1444.324341 120 120 122 
47.629234 700.149719 1524.135498 126 126 126 
45.167259 698.903931 1521.423462 125 125 125 
42.638298 696.425537 1516.028320 124 124 124 
40.103592 693.556213 1509.782227 123 123 123 
37.744556 693.556213 1509.782227 122 122 124 
234.843750 4602.937500 10020.000000 122 122 124 
219.187500 4602.937500 10020.000000 124 124 126 
203.531250 4602.937500 10020.000000 125 125 127 
187.875000 4602.937500 10020.000000 125 125 127 
148.945953 3980.918945 8665.946289 123 123 125 
22.567568 663.486511 1444.324341 123 123 125 
20.310810 663.486511 1444.324341 124 124 126 
18.054054 663.486511 1444.324341 124 124 126 
15.797297 663.486511 1444.324341 123 123 125 
13.540541 663.486511 1444.324341 124 124 126 
11.283784 663.486511 1444.324341 124 124 126 
9.027027 663.486511 1444.324341 122 122 124 
47.629234 702.531189 1524.135498 125 125 125 
45.194065 701.697327 1522.326416 125 125 125 
42.663513 699.207581 1516.924927 124 124 124 
40.127209 696.325073 1510.671387 123 123 123 
37.766785 696.325073 1510.671387 124 124 125 
221.845016 4362.952148 9465.387695 124 124 126 
219.187500 4618.593750 10020.000000 125 125 127 
203.531250 4618.593750 10020.000000 125 125 127 
187.875000 4618.593750 10020.000000 125 125 127 
148.945953 3994.459473 8665.946289 124 124 126 
22.567568 665.743225 1444.324341 122 122 124 
20.310810 665.743225 1444.324341 122 122 124 
18.054054 665.743225 1444.324341 121 121 123 
15.797297 665.743225 1444.324341 121 121 123 
13.540541 665.743225 1444.324341 124 124 125 
11.283784 665.743225 1444.324341 125 125 127 
9.027027 665.743225 1444.324341 124 124 126 
47.685902 705.751343 1525.948853 124 124 124 
45.220901 704.494080 1523.230347 124 124 124 
42.688759 701.992920 1517.822510 123 123 123 
40.174530 699.509460 1512.452881 123 123 123 
37.811321 699.509460 1512.452881 123 123 123 
216.258987 4267.510742 9227.050781 124 124 125 
219.187500 4634.250000 10020.000000 126 126 127 
148.945953 4008.000000 8665.946289 124 124 125 
132.277222 3915.406006 8465.742188 123 123 124 
20.310810 668.000000 1444.324341 122 122 123 
18.054054 668.000000 1444.324341 120 120 121 
15.797297 668.000000 1444.324341 120 120 121 
13.540541 668.000000 1444.324341 122 122 122 
11.283784 668.000000 1444.324341 123 123 124 
9.027027 668.000000 1444.324341 124 124 124 
47.714287 708.557129 1526.857178 124 124 124 
45.247772 707.294128 1524.135498 124 124 124 
42.739338 705.199036 1519.620850 123 123 123 
40.174530 701.872620 1512.452881 123 123 123 
37.811321 701.872620 1512.452881 122 122 122 
213.191483 4221.191406 9096.169922 124 124 124 
219.187500 4649.906250 10020.000000 126 126 126 
148.945953 4021.540527 8665.946289 124 124 124 
132.277222 3928.633789 8465.742188 123 123 123 
20.310810 670.256775 1444.324341 122 122 122 
18.054054 670.256775 1444.324341 121 121 121 
15.797297 670.256775 1444.324341 122 122 122 
13.540541 670.256775 1444.324341 122 122 122 
11.283784 670.256775 1444.324341 123 123 123 
9.027027 670.256775 1444.324341 123 123 123 
47.714287 710.942871 1526.857178 126 126 126 
45.274673 710.097534 1525.041626 125 125 125 
42.764671 707.992859 1520.521606 124 124 124 
40.221958 705.067322 1514.238525 122 122 122 
37.855961 705.067322 1514.238525 122 122 122 
211.690140 4205.577637 9032.112305 124 124 124 
219.187500 4665.562500 10020.000000 125 125 125 
148.945953 4035.081055 8665.946289 121 121 121 
131.842102 3928.894775 8437.894531 122 122 122 
20.310810 672.513489 1444.324341 122 122 122 
18.054054 672.513489 1444.324341 122 122 122 
15.797297 672.513489 1444.324341 123 123 123 
13.540541 672.513489 1444.324341 122 122 122 
11.283784 672.513489 1444.324341 122 122 122 
9.027027 672.513489 1444.324341 122 122 122 
47.742702 713.753418 1527.766479 128 128 128 
45.301605 712.904236 1525.948853 127 127 127 
42.790035 710.790039 1521.423462 124 124 124 
40.269505 708.269531 1516.028320 122 122 122 
37.900711 708.269531 1516.028320 122 122 122 
210.947372 4204.884277 9000.420898 124 124 124 
219.187500 4681.218750 10020.000000 124 124 124 
148.945953 4048.621582 8665.946289 120 120 120 
131.842102 3942.078857 8437.894531 121 121 121 
20.310810 674.770264 1444.324341 122 122 122 
18.054054 674.770264 1444.324341 121 121 121 
15.797297 674.770264 1444.324341 120 120 120 
13.540541 674.770264 1444.324341 119 119 119 
11.283784 674.770264 1444.324341 119 119 119 
